Order_ID,Order_Date,Ship_Date,Ship_Mode,Customer_ID,Customer_Name,Customer_Segment,Country,Region,State,Category,Sub_Category,Sales,Quantity,Discount,Profit,Shipping_Cost,Order_Priority
ORD-2023-10000,2023-01-01,2023-01-08,Standard Class,CUST-0435,Sarah Taylor,Consumer,United States,West,Washington,Technology,Accessories,301.46,3,0.0,90.85,15.79,Medium
ORD-2023-10001,2023-01-01,2023-01-08,Standard Class,CUST-0313,Joseph Miller,Consumer,United States,West,Arizona,Office Supplies,Fasteners,32.83,1,0.0,15.11,3.37,Critical
ORD-2023-10002,2023-01-01,2023-01-05,Second Class,CUST-0029,Nancy Jones,Corporate,United States,West,Nevada,Technology,Machines,3308.98,3,0.0,160.01,142.86,Medium
ORD-2023-10003,2023-01-01,2023-01-04,Second Class,CUST-0094,David Martin,Corporate,United States,South,Florida,Office Supplies,Paper,93.77,3,0.1,31.9,14.25,Medium
ORD-2023-10004,2023-01-02,2023-01-09,Standard Class,CUST-0347,Nancy Johnson,Corporate,United States,South,Florida,Office Supplies,Appliances,394.79,1,0.0,97.02,13.5,Medium
ORD-2023-10005,2023-01-02,2023-01-09,Standard Class,CUST-0372,John Moore,Consumer,United States,South,North Carolina,Office Supplies,Art,71.01,1,0.0,26.9,4.44,Medium
ORD-2023-10006,2023-01-02,2023-01-03,First Class,CUST-0294,Thomas Miller,Corporate,United States,East,New York,Office Supplies,Storage,53.25,1,0.0,12.05,7.32,Medium
ORD-2023-10007,2023-01-02,2023-01-02,Same Day,CUST-0302,William Martin,Consumer,United States,West,Arizona,Technology,Copiers,3038.89,1,0.0,1182.6,200.09,Medium
ORD-2023-10008,2023-01-02,2023-01-09,Standard Class,CUST-0017,Richard Brown,Home Office,United States,East,New Jersey,Furniture,Chairs,432.2,2,0.1,18.34,17.0,Medium
ORD-2023-10009,2023-01-03,2023-01-10,Standard Class,CUST-0368,Patricia Martinez,Consumer,United States,Central,Texas,Technology,Accessories,101.06,2,0.15,23.68,7.73,Critical
ORD-2023-10010,2023-01-04,2023-01-05,First Class,CUST-0352,Robert Martin,Corporate,United States,South,Georgia,Technology,Accessories,188.32,2,0.0,59.49,18.89,Medium
ORD-2023-10011,2023-01-04,2023-01-08,Second Class,CUST-0122,Charles Martinez,Consumer,United States,West,Arizona,Furniture,Chairs,1926.28,6,0.2,-228.02,98.05,Medium
ORD-2023-10012,2023-01-05,2023-01-06,First Class,CUST-0318,Sarah Hernandez,Consumer,United States,West,Colorado,Technology,Phones,662.14,3,0.0,152.93,48.08,Medium
ORD-2023-10013,2023-01-05,2023-01-10,Standard Class,CUST-0107,Barbara Smith,Consumer,United States,Central,Illinois,Office Supplies,Paper,261.88,6,0.0,108.85,22.03,High
ORD-2023-10014,2023-01-06,2023-01-12,Standard Class,CUST-0021,David Miller,Consumer,United States,South,Georgia,Office Supplies,Envelopes,144.82,3,0.1,36.63,11.4,Medium
ORD-2023-10015,2023-01-07,2023-01-11,Second Class,CUST-0101,Barbara Martinez,Consumer,United States,South,Florida,Furniture,Tables,341.75,1,0.4,-196.24,17.17,Medium
ORD-2023-10016,2023-01-07,2023-01-09,First Class,CUST-0087,David Martinez,Corporate,United States,Central,Wisconsin,Technology,Phones,1491.37,2,0.1,209.96,86.65,Medium
ORD-2023-10017,2023-01-07,2023-01-13,Standard Class,CUST-0162,Linda Davis,Corporate,United States,South,Georgia,Office Supplies,Supplies,405.69,5,0.0,36.65,23.61,Critical
ORD-2023-10018,2023-01-07,2023-01-12,Standard Class,CUST-0202,Jessica Wilson,Corporate,United States,East,Massachusetts,Office Supplies,Binders,16.83,1,0.1,0.09,2.92,High
ORD-2023-10019,2023-01-08,2023-01-09,First Class,CUST-0243,John Rodriguez,Consumer,United States,South,Virginia,Office Supplies,Envelopes,43.16,1,0.0,19.94,6.79,Medium
ORD-2023-10020,2023-01-08,2023-01-15,Standard Class,CUST-0228,Nancy Williams,Corporate,United States,South,Florida,Furniture,Tables,801.47,2,0.1,-10.58,27.34,Critical
ORD-2023-10021,2023-01-09,2023-01-15,Standard Class,CUST-0128,Charles Taylor,Consumer,United States,South,Florida,Office Supplies,Labels,99.13,2,0.0,39.65,7.68,Medium
ORD-2023-10022,2023-01-09,2023-01-13,Second Class,CUST-0018,William Rodriguez,Consumer,United States,West,California,Technology,Copiers,5445.11,2,0.1,1856.81,224.8,Medium
ORD-2023-10023,2023-01-10,2023-01-15,Standard Class,CUST-0291,Christopher Martinez,Consumer,United States,West,California,Office Supplies,Envelopes,36.02,1,0.0,29.79,3.46,High
ORD-2023-10024,2023-01-10,2023-01-11,First Class,CUST-0188,Richard Gonzalez,Corporate,United States,East,Ohio,Office Supplies,Storage,443.34,2,0.15,31.05,32.15,Medium
ORD-2023-10025,2023-01-10,2023-01-17,Standard Class,CUST-0145,Linda Jones,Consumer,United States,East,Ohio,Office Supplies,Storage,475.31,4,0.1,72.76,23.11,High
ORD-2023-10026,2023-01-11,2023-01-17,Standard Class,CUST-0380,Charles White,Corporate,United States,South,Tennessee,Technology,Phones,2138.03,2,0.0,601.13,64.76,Medium
ORD-2023-10027,2023-01-11,2023-01-18,Standard Class,CUST-0336,Richard Rodriguez,Consumer,United States,West,Colorado,Office Supplies,Envelopes,41.81,3,0.3,0.89,8.52,High
ORD-2023-10028,2023-01-11,2023-01-17,Standard Class,CUST-0375,John Thompson,Corporate,United States,West,Colorado,Furniture,Bookcases,229.48,3,0.1,-18.06,13.78,Medium
ORD-2023-10029,2023-01-12,2023-01-13,First Class,CUST-0234,Thomas Miller,Corporate,United States,Central,Wisconsin,Furniture,Furnishings,184.19,3,0.0,33.13,23.23,Medium
ORD-2023-10030,2023-01-12,2023-01-16,Second Class,CUST-0072,Patricia Martin,Consumer,United States,West,Washington,Office Supplies,Binders,74.81,1,0.0,27.88,6.49,High
ORD-2023-10031,2023-01-12,2023-01-19,Standard Class,CUST-0314,William Martinez,Home Office,United States,East,Ohio,Technology,Accessories,167.4,3,0.15,45.05,12.04,Critical
ORD-2023-10032,2023-01-13,2023-01-17,Second Class,CUST-0102,Mary Hernandez,Home Office,United States,East,Pennsylvania,Furniture,Furnishings,83.48,1,0.0,9.42,6.84,Medium
ORD-2023-10033,2023-01-14,2023-01-17,Second Class,CUST-0208,Sarah Thompson,Home Office,United States,Central,Michigan,Office Supplies,Appliances,498.76,2,0.3,-63.28,26.95,High
ORD-2023-10034,2023-01-14,2023-01-21,Standard Class,CUST-0029,Nancy Jones,Corporate,United States,West,Arizona,Office Supplies,Appliances,1120.44,3,0.0,234.64,38.72,High
ORD-2023-10035,2023-01-14,2023-01-20,Standard Class,CUST-0365,Patricia Martinez,Corporate,United States,South,North Carolina,Office Supplies,Art,28.66,1,0.0,14.02,3.25,Critical
ORD-2023-10036,2023-01-15,2023-01-21,Standard Class,CUST-0068,Elizabeth Miller,Home Office,United States,East,Ohio,Technology,Machines,1884.34,2,0.4,-1172.41,57.66,Medium
ORD-2023-10037,2023-01-16,2023-01-18,First Class,CUST-0400,Elizabeth Brown,Consumer,United States,South,North Carolina,Office Supplies,Storage,29.81,1,0.5,-15.7,6.1,High
ORD-2023-10038,2023-01-17,2023-01-22,Standard Class,CUST-0380,Charles White,Corporate,United States,East,New Jersey,Technology,Machines,1566.28,1,0.0,52.5,46.31,High
ORD-2023-10039,2023-01-17,2023-01-18,First Class,CUST-0221,Susan Rodriguez,Home Office,United States,West,Oregon,Office Supplies,Art,53.03,2,0.15,12.11,11.86,Medium
ORD-2023-10040,2023-01-18,2023-01-23,Standard Class,CUST-0336,Richard Rodriguez,Consumer,United States,West,Washington,Technology,Phones,5693.72,9,0.0,1482.72,181.47,Medium
ORD-2023-10041,2023-01-18,2023-01-24,Standard Class,CUST-0294,Thomas Miller,Corporate,United States,West,California,Office Supplies,Art,52.58,2,0.15,6.68,6.37,Medium
ORD-2023-10042,2023-01-19,2023-01-20,First Class,CUST-0358,Lisa Gonzalez,Corporate,United States,East,Massachusetts,Furniture,Bookcases,350.37,2,0.3,-136.59,27.32,Critical
ORD-2023-10043,2023-01-19,2023-01-24,Standard Class,CUST-0204,Thomas Hernandez,Home Office,United States,West,California,Office Supplies,Binders,110.8,4,0.0,41.99,12.9,High
ORD-2023-10044,2023-01-19,2023-01-25,Standard Class,CUST-0350,Joseph Garcia,Consumer,United States,East,New Jersey,Furniture,Chairs,719.57,3,0.0,70.93,27.5,Medium
ORD-2023-10045,2023-01-19,2023-01-23,Second Class,CUST-0220,James Davis,Corporate,United States,East,New Jersey,Furniture,Bookcases,2095.1,8,0.0,88.54,111.8,Medium
ORD-2023-10046,2023-01-19,2023-01-24,Standard Class,CUST-0421,Joseph Thomas,Home Office,United States,West,Washington,Furniture,Chairs,3029.55,6,0.0,365.26,99.53,High
ORD-2023-10047,2023-01-20,2023-01-21,First Class,CUST-0229,Jennifer Perez,Consumer,United States,West,Washington,Office Supplies,Supplies,162.27,5,0.0,12.98,31.19,High
ORD-2023-10048,2023-01-21,2023-01-23,First Class,CUST-0220,James Davis,Corporate,United States,Central,Michigan,Furniture,Furnishings,769.56,8,0.2,-68.12,76.42,Medium
ORD-2023-10049,2023-01-21,2023-01-27,Standard Class,CUST-0350,Joseph Garcia,Consumer,United States,South,Tennessee,Technology,Machines,604.84,1,0.0,60.44,19.39,Medium
ORD-2023-10050,2023-01-21,2023-01-24,Second Class,CUST-0363,Susan White,Home Office,United States,West,Nevada,Furniture,Chairs,774.93,3,0.1,27.52,41.5,Critical
ORD-2023-10051,2023-01-21,2023-01-27,Standard Class,CUST-0267,Christopher Hernandez,Corporate,United States,West,California,Office Supplies,Paper,644.38,6,0.2,150.06,32.74,Medium
ORD-2023-10052,2023-01-22,2023-01-22,Same Day,CUST-0087,David Martinez,Corporate,United States,South,Tennessee,Technology,Phones,3414.14,3,0.1,459.56,235.31,Medium
ORD-2023-10053,2023-01-22,2023-01-29,Standard Class,CUST-0223,Robert Thompson,Corporate,United States,West,Nevada,Technology,Machines,8472.11,9,0.0,706.3,259.27,High
ORD-2023-10054,2023-01-22,2023-01-28,Standard Class,CUST-0435,Sarah Taylor,Consumer,United States,South,North Carolina,Furniture,Chairs,295.03,1,0.0,50.43,10.71,High
ORD-2023-10055,2023-01-23,2023-01-25,First Class,CUST-0339,John Smith,Consumer,United States,West,Nevada,Office Supplies,Binders,72.99,2,0.1,19.95,12.9,High
ORD-2023-10056,2023-01-23,2023-01-28,Standard Class,CUST-0361,Christopher Jackson,Consumer,United States,South,Georgia,Technology,Machines,7659.96,9,0.0,445.7,236.53,Medium
ORD-2023-10057,2023-01-23,2023-01-29,Standard Class,CUST-0018,William Rodriguez,Consumer,United States,West,California,Office Supplies,Appliances,455.91,2,0.2,-40.12,17.67,Low
ORD-2023-10058,2023-01-23,2023-01-24,First Class,CUST-0223,Robert Thompson,Corporate,United States,South,Florida,Office Supplies,Binders,100.12,4,0.0,32.33,23.41,Medium
ORD-2023-10059,2023-01-25,2023-02-01,Standard Class,CUST-0303,James Taylor,Home Office,United States,West,Washington,Technology,Phones,599.96,1,0.15,62.38,19.25,Medium
ORD-2023-10060,2023-01-25,2023-01-31,Standard Class,CUST-0368,Patricia Martinez,Consumer,United States,Central,Wisconsin,Technology,Copiers,12429.11,4,0.15,3322.2,357.82,Medium
ORD-2023-10061,2023-01-27,2023-02-03,Standard Class,CUST-0022,William Garcia,Corporate,United States,West,Washington,Office Supplies,Envelopes,303.06,7,0.1,99.22,25.64,Medium
ORD-2023-10062,2023-01-27,2023-02-03,Standard Class,CUST-0373,Nancy Smith,Corporate,United States,West,California,Office Supplies,Storage,407.06,2,0.0,84.31,16.3,High
ORD-2023-10063,2023-01-28,2023-01-30,First Class,CUST-0266,Karen Lopez,Consumer,United States,Central,Michigan,Office Supplies,Binders,14.79,1,0.0,3.64,5.32,Medium
ORD-2023-10064,2023-01-28,2023-01-30,First Class,CUST-0099,John Rodriguez,Corporate,United States,East,Ohio,Furniture,Chairs,118.42,1,0.3,-27.86,10.71,Medium
ORD-2023-10065,2023-01-29,2023-01-29,Same Day,CUST-0154,John Johnson,Corporate,United States,South,Virginia,Technology,Copiers,10499.75,6,0.0,3352.5,705.58,Medium
ORD-2023-10066,2023-01-29,2023-02-03,Standard Class,CUST-0133,Charles Martinez,Consumer,United States,East,Massachusetts,Furniture,Bookcases,751.75,4,0.0,43.19,30.85,High
ORD-2023-10067,2023-01-29,2023-02-01,Second Class,CUST-0255,Joseph Hernandez,Corporate,United States,South,Tennessee,Furniture,Tables,587.29,1,0.1,-30.44,26.99,Low
ORD-2023-10068,2023-01-29,2023-01-30,First Class,CUST-0022,William Garcia,Corporate,United States,East,New York,Technology,Machines,657.07,1,0.2,-147.61,38.72,Medium
ORD-2023-10069,2023-01-29,2023-01-30,First Class,CUST-0081,Jessica Anderson,Consumer,United States,South,Florida,Furniture,Furnishings,517.75,5,0.0,101.35,49.67,Low
ORD-2023-10070,2023-01-29,2023-02-03,Standard Class,CUST-0361,Christopher Jackson,Consumer,United States,South,North Carolina,Technology,Accessories,1050.7,5,0.15,223.7,41.67,Low
ORD-2023-10071,2023-01-31,2023-02-05,Standard Class,CUST-0072,Patricia Martin,Consumer,United States,East,Ohio,Furniture,Chairs,432.78,1,0.1,13.86,14.57,Medium
ORD-2023-10072,2023-02-01,2023-02-05,Second Class,CUST-0117,David Martin,Consumer,United States,South,Virginia,Technology,Accessories,536.46,2,0.0,162.43,28.46,Critical
ORD-2023-10073,2023-02-01,2023-02-08,Standard Class,CUST-0214,Susan White,Consumer,United States,South,Virginia,Technology,Machines,2346.56,5,0.1,-126.29,77.95,High
ORD-2023-10074,2023-02-03,2023-02-08,Standard Class,CUST-0246,Daniel Lee,Corporate,United States,West,Washington,Office Supplies,Paper,157.49,3,0.2,39.9,11.76,Critical
ORD-2023-10075,2023-02-03,2023-02-04,First Class,CUST-0345,Karen Jackson,Corporate,United States,Central,Michigan,Technology,Machines,678.88,8,0.7,-1519.67,71.7,Low
ORD-2023-10076,2023-02-03,2023-02-09,Standard Class,CUST-0210,Richard Anderson,Consumer,United States,West,Arizona,Furniture,Bookcases,402.64,3,0.0,19.41,18.62,Critical
ORD-2023-10077,2023-02-04,2023-02-07,Second Class,CUST-0353,Mary Garcia,Home Office,United States,South,North Carolina,Technology,Machines,1008.41,4,0.15,-68.21,54.34,Medium
ORD-2023-10078,2023-02-04,2023-02-11,Standard Class,CUST-0294,Thomas Miller,Corporate,United States,West,Nevada,Technology,Phones,1381.25,3,0.0,286.89,46.02,High
ORD-2023-10079,2023-02-04,2023-02-11,Standard Class,CUST-0052,Jennifer Thompson,Consumer,United States,West,Arizona,Furniture,Furnishings,892.22,8,0.0,190.06,44.58,Medium
ORD-2023-10080,2023-02-05,2023-02-11,Standard Class,CUST-0081,Jessica Anderson,Consumer,United States,East,New York,Technology,Accessories,175.31,2,0.1,52.54,9.81,Medium
ORD-2023-10081,2023-02-06,2023-02-06,Same Day,CUST-0208,Sarah Thompson,Home Office,United States,East,New York,Technology,Phones,785.74,1,0.0,144.11,55.89,Medium
ORD-2023-10082,2023-02-06,2023-02-13,Standard Class,CUST-0188,Richard Gonzalez,Corporate,United States,South,Tennessee,Office Supplies,Labels,31.59,2,0.0,19.74,5.78,Medium
ORD-2023-10083,2023-02-06,2023-02-09,Second Class,CUST-0335,Elizabeth Hernandez,Corporate,United States,South,North Carolina,Technology,Phones,2057.72,6,0.0,387.18,103.31,Critical
ORD-2023-10084,2023-02-07,2023-02-09,First Class,CUST-0279,Susan Smith,Consumer,United States,East,Massachusetts,Technology,Copiers,10605.95,3,0.0,4319.97,565.16,Critical
ORD-2023-10085,2023-02-07,2023-02-12,Standard Class,CUST-0181,William Brown,Consumer,United States,West,California,Office Supplies,Supplies,120.43,2,0.1,-7.82,8.27,Low
ORD-2023-10086,2023-02-07,2023-02-14,Standard Class,CUST-0084,David Taylor,Consumer,United States,Central,Illinois,Technology,Machines,2501.13,3,0.0,209.77,77.38,Medium
ORD-2023-10087,2023-02-08,2023-02-09,First Class,CUST-0114,Sarah Jackson,Corporate,United States,East,New Jersey,Office Supplies,Paper,35.17,1,0.1,17.79,6.38,High
ORD-2023-10088,2023-02-08,2023-02-10,First Class,CUST-0277,Jessica Smith,Consumer,United States,East,Ohio,Technology,Copiers,3975.79,1,0.0,1679.94,211.29,High
ORD-2023-10089,2023-02-08,2023-02-12,Second Class,CUST-0202,Jessica Wilson,Corporate,United States,West,Oregon,Technology,Copiers,1727.6,2,0.15,597.65,76.1,Medium
ORD-2023-10090,2023-02-08,2023-02-13,Standard Class,CUST-0246,Daniel Lee,Corporate,United States,East,New Jersey,Furniture,Bookcases,473.03,3,0.3,-174.91,20.59,Medium
ORD-2023-10091,2023-02-09,2023-02-15,Standard Class,CUST-0084,David Taylor,Consumer,United States,East,Massachusetts,Office Supplies,Fasteners,67.55,4,0.0,15.87,11.69,Medium
ORD-2023-10092,2023-02-09,2023-02-09,Same Day,CUST-0306,Joseph Garcia,Home Office,United States,Central,Illinois,Technology,Accessories,787.27,5,0.1,175.66,78.39,Low
ORD-2023-10093,2023-02-10,2023-02-17,Standard Class,CUST-0373,Nancy Smith,Corporate,United States,East,Ohio,Furniture,Bookcases,1151.96,7,0.15,-139.13,49.4,Low
ORD-2023-10094,2023-02-10,2023-02-15,Standard Class,CUST-0122,Charles Martinez,Consumer,United States,South,Georgia,Technology,Machines,2123.68,2,0.1,-133.41,64.36,Critical
ORD-2023-10095,2023-02-10,2023-02-16,Standard Class,CUST-0233,John Martinez,Consumer,United States,East,Ohio,Technology,Machines,4463.41,4,0.0,508.25,134.78,Medium
ORD-2023-10096,2023-02-10,2023-02-13,Second Class,CUST-0437,James Smith,Consumer,United States,West,Colorado,Office Supplies,Labels,43.35,1,0.15,18.46,5.23,Medium
ORD-2023-10097,2023-02-10,2023-02-13,Second Class,CUST-0158,Susan Johnson,Consumer,United States,South,Georgia,Technology,Accessories,136.96,1,0.0,43.64,8.98,Critical
ORD-2023-10098,2023-02-10,2023-02-12,First Class,CUST-0290,Patricia Wilson,Corporate,United States,East,New Jersey,Office Supplies,Storage,60.12,1,0.0,2.71,7.68,Medium
ORD-2023-10099,2023-02-11,2023-02-16,Standard Class,CUST-0037,Patricia Gonzalez,Consumer,United States,West,Washington,Technology,Machines,2053.24,2,0.1,-97.43,62.39,Medium
ORD-2023-10100,2023-02-12,2023-02-17,Standard Class,CUST-0291,Christopher Martinez,Consumer,United States,Central,Texas,Office Supplies,Fasteners,26.48,1,0.0,6.13,3.19,Medium
ORD-2023-10101,2023-02-12,2023-02-12,Same Day,CUST-0036,Patricia Jones,Corporate,United States,East,New Jersey,Furniture,Chairs,704.2,2,0.1,58.92,56.27,Low
ORD-2023-10102,2023-02-14,2023-02-21,Standard Class,CUST-0434,Jessica Martinez,Home Office,United States,South,Tennessee,Office Supplies,Paper,264.72,3,0.15,78.94,14.76,Medium
ORD-2023-10103,2023-02-16,2023-02-17,First Class,CUST-0323,William Miller,Consumer,United States,East,New Jersey,Technology,Accessories,382.5,2,0.2,68.49,28.99,Medium
ORD-2023-10104,2023-02-16,2023-02-22,Standard Class,CUST-0351,Karen Rodriguez,Consumer,United States,Central,Illinois,Office Supplies,Storage,171.45,3,0.0,29.79,12.15,High
ORD-2023-10105,2023-02-16,2023-02-23,Standard Class,CUST-0317,Daniel Williams,Corporate,United States,West,California,Office Supplies,Labels,22.94,2,0.7,-16.8,5.54,Medium
ORD-2023-10106,2023-02-16,2023-02-22,Standard Class,CUST-0286,Mary Johnson,Consumer,United States,East,Pennsylvania,Furniture,Tables,409.44,1,0.1,-34.65,13.91,Low
ORD-2023-10107,2023-02-17,2023-02-21,Second Class,CUST-0211,Michael Anderson,Consumer,United States,South,Virginia,Office Supplies,Labels,46.23,1,0.0,14.3,5.35,Medium
ORD-2023-10108,2023-02-18,2023-02-22,Second Class,CUST-0375,John Thompson,Corporate,United States,Central,Indiana,Furniture,Tables,430.2,1,0.0,22.83,20.71,Critical
ORD-2023-10109,2023-02-18,2023-02-23,Standard Class,CUST-0430,Karen Wilson,Home Office,United States,West,Nevada,Office Supplies,Fasteners,22.78,1,0.1,-2.75,3.09,High
ORD-2023-10110,2023-02-19,2023-02-25,Standard Class,CUST-0238,Charles White,Corporate,United States,West,Colorado,Furniture,Bookcases,286.16,3,0.3,-109.59,15.36,High
ORD-2023-10111,2023-02-20,2023-02-26,Standard Class,CUST-0415,Lisa Brown,Corporate,United States,East,Ohio,Furniture,Chairs,1438.21,5,0.1,5.57,52.52,Critical
ORD-2023-10112,2023-02-20,2023-02-26,Standard Class,CUST-0281,Joseph Lopez,Consumer,United States,Central,Michigan,Office Supplies,Storage,406.37,2,0.15,30.23,16.28,Medium
ORD-2023-10113,2023-02-22,2023-02-28,Standard Class,CUST-0256,Barbara Wilson,Consumer,United States,Central,Michigan,Technology,Machines,2618.14,2,0.0,149.11,78.21,Medium
ORD-2023-10114,2023-02-23,2023-03-02,Standard Class,CUST-0218,Charles Johnson,Home Office,United States,Central,Michigan,Furniture,Chairs,1946.67,5,0.0,307.24,66.76,Medium
ORD-2023-10115,2023-02-24,2023-03-01,Standard Class,CUST-0104,Jennifer Moore,Consumer,United States,East,Ohio,Office Supplies,Binders,102.0,1,0.0,39.72,5.31,Medium
ORD-2023-10116,2023-02-24,2023-03-03,Standard Class,CUST-0005,Elizabeth Martinez,Corporate,United States,Central,Indiana,Furniture,Chairs,150.62,1,0.15,0.62,6.67,High
ORD-2023-10117,2023-02-25,2023-03-02,Standard Class,CUST-0119,Sarah Moore,Consumer,United States,East,Massachusetts,Technology,Phones,1612.96,3,0.0,430.66,52.51,Medium
ORD-2023-10118,2023-02-26,2023-03-03,Standard Class,CUST-0244,William Miller,Consumer,United States,West,Nevada,Furniture,Furnishings,180.78,3,0.0,38.42,12.41,Medium
ORD-2023-10119,2023-02-27,2023-03-02,Second Class,CUST-0181,William Brown,Consumer,United States,East,Pennsylvania,Office Supplies,Art,61.26,3,0.0,15.07,12.95,Medium
ORD-2023-10120,2023-02-27,2023-03-01,First Class,CUST-0211,Michael Anderson,Consumer,United States,South,North Carolina,Office Supplies,Storage,742.2,4,0.3,-118.6,56.79,High
ORD-2023-10121,2023-02-28,2023-03-05,Standard Class,CUST-0441,William Taylor,Corporate,United States,Central,Texas,Office Supplies,Labels,26.38,1,0.15,5.88,3.19,Medium
ORD-2023-10122,2023-03-02,2023-03-08,Standard Class,CUST-0172,Susan Hernandez,Home Office,United States,East,Ohio,Office Supplies,Labels,32.15,2,0.0,13.07,5.8,Critical
ORD-2023-10123,2023-03-02,2023-03-08,Standard Class,CUST-0212,Karen Martinez,Consumer,United States,Central,Illinois,Furniture,Tables,466.83,1,0.3,-178.92,15.52,Medium
ORD-2023-10124,2023-03-02,2023-03-09,Standard Class,CUST-0073,Elizabeth Thompson,Home Office,United States,South,Tennessee,Technology,Phones,932.78,4,0.0,227.83,35.92,High
ORD-2023-10125,2023-03-05,2023-03-12,Standard Class,CUST-0022,William Garcia,Corporate,United States,East,Ohio,Technology,Phones,7021.93,6,0.0,1470.4,211.31,Critical
ORD-2023-10126,2023-03-06,2023-03-12,Standard Class,CUST-0347,Nancy Johnson,Corporate,United States,East,Ohio,Technology,Accessories,285.98,2,0.0,99.85,12.91,Medium
ORD-2023-10127,2023-03-06,2023-03-12,Standard Class,CUST-0272,Linda Jones,Consumer,United States,South,North Carolina,Technology,Accessories,69.72,1,0.0,35.2,4.4,Critical
ORD-2023-10128,2023-03-07,2023-03-08,First Class,CUST-0344,Christopher Smith,Home Office,United States,South,Georgia,Office Supplies,Paper,170.41,2,0.0,72.73,17.96,High
ORD-2023-10129,2023-03-07,2023-03-12,Standard Class,CUST-0079,James Gonzalez,Consumer,United States,East,Massachusetts,Office Supplies,Envelopes,19.14,1,0.15,1.33,2.99,Critical
ORD-2023-10130,2023-03-08,2023-03-11,Second Class,CUST-0275,Daniel Rodriguez,Consumer,United States,East,New York,Furniture,Chairs,260.88,2,0.1,7.42,17.44,Medium
ORD-2023-10131,2023-03-08,2023-03-14,Standard Class,CUST-0120,Elizabeth Johnson,Consumer,United States,East,Ohio,Office Supplies,Labels,39.53,3,0.15,6.36,8.46,Medium
ORD-2023-10132,2023-03-09,2023-03-14,Standard Class,CUST-0115,Joseph Garcia,Consumer,United States,West,Nevada,Office Supplies,Supplies,707.34,9,0.15,-77.72,41.86,Critical
ORD-2023-10133,2023-03-09,2023-03-12,Second Class,CUST-0007,Lisa Martinez,Consumer,United States,South,Florida,Office Supplies,Envelopes,41.58,2,0.2,7.58,8.66,High
ORD-2023-10134,2023-03-13,2023-03-20,Standard Class,CUST-0071,James Anderson,Consumer,United States,East,Pennsylvania,Furniture,Furnishings,93.43,1,0.0,27.03,5.07,Medium
ORD-2023-10135,2023-03-14,2023-03-18,Second Class,CUST-0151,Susan Garcia,Home Office,United States,South,Florida,Technology,Accessories,91.18,1,0.1,33.76,7.15,Low
ORD-2023-10136,2023-03-14,2023-03-19,Standard Class,CUST-0056,Robert Johnson,Consumer,United States,West,Oregon,Furniture,Bookcases,254.28,1,0.1,-28.79,9.57,Low
ORD-2023-10137,2023-03-14,2023-03-19,Standard Class,CUST-0443,Thomas Anderson,Consumer,United States,East,New Jersey,Technology,Phones,454.44,1,0.4,-97.13,15.17,Medium
ORD-2023-10138,2023-03-14,2023-03-16,First Class,CUST-0150,Joseph Hernandez,Consumer,United States,West,Oregon,Furniture,Furnishings,116.67,4,0.0,16.81,24.27,Medium
ORD-2023-10139,2023-03-16,2023-03-18,First Class,CUST-0071,James Anderson,Consumer,United States,Central,Wisconsin,Office Supplies,Art,20.49,1,0.0,-1.36,5.62,High
ORD-2023-10140,2023-03-16,2023-03-22,Standard Class,CUST-0100,Nancy Thompson,Corporate,United States,East,Ohio,Technology,Phones,4831.03,10,0.15,815.01,159.77,Critical
ORD-2023-10141,2023-03-16,2023-03-22,Standard Class,CUST-0286,Mary Johnson,Consumer,United States,Central,Illinois,Technology,Machines,2194.66,3,0.15,-189.68,68.8,Medium
ORD-2023-10142,2023-03-17,2023-03-23,Standard Class,CUST-0029,Nancy Jones,Corporate,United States,West,Arizona,Furniture,Furnishings,215.77,3,0.0,41.05,13.39,High
ORD-2023-10143,2023-03-18,2023-03-19,First Class,CUST-0380,Charles White,Corporate,United States,West,Arizona,Furniture,Bookcases,397.72,2,0.1,-55.8,29.78,High
ORD-2023-10144,2023-03-19,2023-03-25,Standard Class,CUST-0434,Jessica Martinez,Home Office,United States,West,Colorado,Technology,Machines,2167.11,4,0.0,180.17,70.48,Medium
ORD-2023-10145,2023-03-19,2023-03-26,Standard Class,CUST-0120,Elizabeth Johnson,Consumer,United States,West,Washington,Technology,Phones,606.55,3,0.5,-333.42,24.33,Medium
ORD-2023-10146,2023-03-20,2023-03-20,Same Day,CUST-0211,Michael Anderson,Consumer,United States,Central,Texas,Office Supplies,Paper,263.09,2,0.0,106.62,28.04,Medium
ORD-2023-10147,2023-03-20,2023-03-25,Standard Class,CUST-0007,Lisa Martinez,Consumer,United States,East,Massachusetts,Technology,Machines,1413.6,2,0.0,36.26,44.48,High
ORD-2023-10148,2023-03-22,2023-03-23,First Class,CUST-0302,William Martin,Consumer,United States,Central,Michigan,Office Supplies,Art,460.39,7,0.0,108.61,55.79,Medium
ORD-2023-10149,2023-03-23,2023-03-30,Standard Class,CUST-0199,David Davis,Consumer,United States,East,Pennsylvania,Furniture,Bookcases,395.22,2,0.0,17.13,15.97,Medium
ORD-2023-10150,2023-03-23,2023-03-25,First Class,CUST-0128,Charles Taylor,Consumer,United States,West,California,Furniture,Bookcases,572.25,2,0.0,8.19,38.86,Critical
ORD-2023-10151,2023-03-24,2023-03-25,First Class,CUST-0102,Mary Hernandez,Home Office,United States,West,Washington,Technology,Machines,886.72,2,0.15,-146.6,55.21,Medium
ORD-2023-10152,2023-03-24,2023-03-25,First Class,CUST-0304,Barbara Martinez,Consumer,United States,West,Oregon,Office Supplies,Envelopes,23.29,1,0.3,2.08,5.76,High
ORD-2023-10153,2023-03-24,2023-03-26,First Class,CUST-0200,Karen Williams,Corporate,United States,South,Virginia,Office Supplies,Envelopes,47.7,1,0.0,10.22,7.03,High
ORD-2023-10154,2023-03-25,2023-03-31,Standard Class,CUST-0087,David Martinez,Corporate,United States,Central,Wisconsin,Technology,Machines,1354.51,1,0.1,-92.63,40.38,Medium
ORD-2023-10155,2023-03-26,2023-03-31,Standard Class,CUST-0312,Nancy Martin,Consumer,United States,West,Colorado,Technology,Accessories,1082.73,4,0.0,336.74,40.12,Medium
ORD-2023-10156,2023-03-27,2023-03-29,First Class,CUST-0269,John Martin,Home Office,United States,West,Nevada,Technology,Accessories,334.25,2,0.0,100.84,26.48,Medium
ORD-2023-10157,2023-03-28,2023-04-02,Standard Class,CUST-0375,John Thompson,Corporate,United States,South,Virginia,Office Supplies,Paper,625.6,5,0.0,264.99,29.77,Medium
ORD-2023-10158,2023-03-28,2023-04-03,Standard Class,CUST-0056,Robert Johnson,Consumer,United States,Central,Wisconsin,Furniture,Chairs,1818.27,4,0.0,289.54,60.71,Critical
ORD-2023-10159,2023-03-29,2023-03-30,First Class,CUST-0350,Joseph Garcia,Consumer,United States,Central,Texas,Technology,Copiers,1579.43,1,0.15,396.2,86.68,High
ORD-2023-10160,2023-03-29,2023-04-03,Standard Class,CUST-0309,Barbara Lee,Consumer,United States,East,New York,Technology,Copiers,4578.26,3,0.0,1686.31,135.54,Critical
ORD-2023-10161,2023-03-30,2023-04-04,Standard Class,CUST-0054,Thomas Smith,Consumer,United States,West,Nevada,Furniture,Furnishings,163.6,4,0.3,-33.05,14.38,High
ORD-2023-10162,2023-03-30,2023-04-01,First Class,CUST-0313,Joseph Miller,Consumer,United States,South,Florida,Office Supplies,Art,158.29,3,0.15,27.88,21.88,Medium
ORD-2023-10163,2023-03-31,2023-04-04,Second Class,CUST-0208,Sarah Thompson,Home Office,United States,Central,Michigan,Furniture,Chairs,1137.0,3,0.15,2.41,55.98,Medium
ORD-2023-10164,2023-03-31,2023-04-02,First Class,CUST-0426,Jennifer Gonzalez,Home Office,United States,West,Nevada,Technology,Machines,1479.5,4,0.4,-982.97,95.13,Medium
ORD-2023-10165,2023-03-31,2023-04-05,Standard Class,CUST-0076,James Johnson,Consumer,United States,South,North Carolina,Technology,Machines,680.01,1,0.4,-430.0,21.49,Medium
ORD-2023-10166,2023-03-31,2023-04-07,Standard Class,CUST-0302,William Martin,Consumer,United States,Central,Texas,Furniture,Chairs,725.49,4,0.1,32.7,30.11,Medium
ORD-2023-10167,2023-04-02,2023-04-09,Standard Class,CUST-0181,William Brown,Consumer,United States,West,Nevada,Technology,Accessories,282.7,2,0.1,66.55,12.82,Medium
ORD-2023-10168,2023-04-02,2023-04-07,Standard Class,CUST-0430,Karen Wilson,Home Office,United States,East,Massachusetts,Office Supplies,Fasteners,103.38,3,0.0,28.6,10.24,High
ORD-2023-10169,2023-04-02,2023-04-07,Standard Class,CUST-0155,David Rodriguez,Consumer,United States,West,Colorado,Furniture,Tables,575.43,1,0.15,-94.72,18.56,Medium
ORD-2023-10170,2023-04-03,2023-04-10,Standard Class,CUST-0434,Jessica Martinez,Home Office,United States,West,Oregon,Technology,Machines,3310.81,5,0.1,-331.38,104.95,High
ORD-2023-10171,2023-04-04,2023-04-11,Standard Class,CUST-0400,Elizabeth Brown,Consumer,United States,Central,Texas,Furniture,Bookcases,540.37,3,0.4,-292.8,22.48,Medium
ORD-2023-10172,2023-04-05,2023-04-08,Second Class,CUST-0128,Charles Taylor,Consumer,United States,West,California,Office Supplies,Art,188.76,3,0.0,51.45,18.05,Medium
ORD-2023-10173,2023-04-05,2023-04-11,Standard Class,CUST-0359,David Lopez,Consumer,United States,South,Florida,Furniture,Tables,3307.04,5,0.0,160.14,104.85,Medium
ORD-2023-10174,2023-04-05,2023-04-11,Standard Class,CUST-0448,Elizabeth Martinez,Consumer,United States,South,Virginia,Office Supplies,Envelopes,76.16,6,0.0,22.67,16.83,Medium
ORD-2023-10175,2023-04-06,2023-04-12,Standard Class,CUST-0120,Elizabeth Johnson,Consumer,United States,West,Washington,Furniture,Chairs,663.72,4,0.2,-27.55,28.38,Medium
ORD-2023-10176,2023-04-08,2023-04-13,Standard Class,CUST-0208,Sarah Thompson,Home Office,United States,East,New Jersey,Office Supplies,Labels,30.29,1,0.0,4.96,3.3,Medium
ORD-2023-10177,2023-04-08,2023-04-14,Standard Class,CUST-0246,Daniel Lee,Corporate,United States,Central,Illinois,Office Supplies,Binders,498.05,6,0.1,144.69,28.65,Medium
ORD-2023-10178,2023-04-08,2023-04-14,Standard Class,CUST-0142,Linda Rodriguez,Home Office,United States,Central,Texas,Technology,Machines,4579.37,3,0.0,241.48,135.57,Medium
ORD-2023-10179,2023-04-09,2023-04-09,Same Day,CUST-0007,Lisa Martinez,Consumer,United States,Central,Wisconsin,Technology,Accessories,813.03,3,0.0,238.87,68.83,Low
ORD-2023-10180,2023-04-10,2023-04-13,Second Class,CUST-0111,Christopher Lopez,Consumer,United States,East,Pennsylvania,Office Supplies,Labels,147.23,7,0.0,66.63,30.39,Medium
ORD-2023-10181,2023-04-11,2023-04-13,First Class,CUST-0133,Charles Martinez,Consumer,United States,East,Pennsylvania,Office Supplies,Storage,143.86,1,0.1,16.41,12.03,Low
ORD-2023-10182,2023-04-11,2023-04-12,First Class,CUST-0209,Susan Smith,Home Office,United States,East,Ohio,Office Supplies,Appliances,198.43,1,0.0,39.52,14.87,Medium
ORD-2023-10183,2023-04-12,2023-04-18,Standard Class,CUST-0084,David Taylor,Consumer,United States,South,North Carolina,Office Supplies,Supplies,171.76,3,0.1,-0.42,12.16,Medium
ORD-2023-10184,2023-04-12,2023-04-16,Second Class,CUST-0382,Elizabeth Garcia,Consumer,United States,East,Massachusetts,Technology,Machines,3687.0,4,0.4,-2231.59,161.48,High
ORD-2023-10185,2023-04-12,2023-04-18,Standard Class,CUST-0318,Sarah Hernandez,Consumer,United States,South,North Carolina,Furniture,Chairs,247.7,2,0.5,-174.8,11.84,High
ORD-2023-10186,2023-04-13,2023-04-14,First Class,CUST-0033,Karen Moore,Consumer,United States,West,California,Office Supplies,Supplies,182.82,3,0.1,2.49,23.16,Medium
ORD-2023-10187,2023-04-13,2023-04-15,First Class,CUST-0304,Barbara Martinez,Consumer,United States,South,Georgia,Office Supplies,Fasteners,13.53,2,0.1,0.61,9.8,Medium
ORD-2023-10188,2023-04-14,2023-04-15,First Class,CUST-0304,Barbara Martinez,Consumer,United States,Central,Wisconsin,Technology,Machines,3408.9,3,0.0,195.53,190.91,High
ORD-2023-10189,2023-04-14,2023-04-17,Second Class,CUST-0430,Karen Wilson,Home Office,United States,East,New York,Technology,Accessories,75.99,5,0.7,-95.2,20.54,Medium
ORD-2023-10190,2023-04-14,2023-04-16,First Class,CUST-0005,Elizabeth Martinez,Corporate,United States,Central,Wisconsin,Furniture,Furnishings,37.14,1,0.0,9.87,6.48,High
ORD-2023-10191,2023-04-15,2023-04-19,Second Class,CUST-0120,Elizabeth Johnson,Consumer,United States,West,Colorado,Furniture,Chairs,514.11,4,0.1,35.78,34.56,Low
ORD-2023-10192,2023-04-15,2023-04-16,First Class,CUST-0413,Jennifer Miller,Corporate,United States,West,California,Furniture,Chairs,1880.9,5,0.0,281.85,120.56,Medium
ORD-2023-10193,2023-04-16,2023-04-18,First Class,CUST-0418,Nancy Hernandez,Consumer,United States,West,California,Furniture,Bookcases,618.2,2,0.0,49.62,41.25,Medium
ORD-2023-10194,2023-04-16,2023-04-19,Second Class,CUST-0326,Barbara Perez,Consumer,United States,West,California,Technology,Copiers,5360.07,2,0.0,2276.8,221.4,Medium
ORD-2023-10195,2023-04-17,2023-04-23,Standard Class,CUST-0345,Karen Jackson,Corporate,United States,East,Ohio,Office Supplies,Supplies,35.62,1,0.15,10.15,3.45,Medium
ORD-2023-10196,2023-04-18,2023-04-25,Standard Class,CUST-0039,Lisa Johnson,Corporate,United States,Central,Indiana,Office Supplies,Paper,166.23,5,0.1,53.14,16.9,High
ORD-2023-10197,2023-04-19,2023-04-22,Second Class,CUST-0246,Daniel Lee,Corporate,United States,Central,Illinois,Office Supplies,Storage,453.7,2,0.1,52.82,25.15,High
ORD-2023-10198,2023-04-19,2023-04-24,Standard Class,CUST-0115,Joseph Garcia,Consumer,United States,West,Oregon,Office Supplies,Art,31.21,2,0.0,13.59,5.77,Medium
ORD-2023-10199,2023-04-21,2023-04-24,Second Class,CUST-0087,David Martinez,Corporate,United States,South,Georgia,Furniture,Bookcases,223.18,2,0.2,-59.07,15.93,Medium
ORD-2023-10200,2023-04-21,2023-04-24,Second Class,CUST-0361,Christopher Jackson,Consumer,United States,Central,Indiana,Office Supplies,Art,39.94,3,0.0,6.69,12.1,Medium
ORD-2023-10201,2023-04-22,2023-04-29,Standard Class,CUST-0074,William Johnson,Consumer,United States,South,Virginia,Furniture,Tables,2550.68,4,0.0,47.43,81.22,Low
ORD-2023-10202,2023-04-23,2023-04-30,Standard Class,CUST-0225,Nancy Thomas,Consumer,United States,Central,Wisconsin,Office Supplies,Labels,189.8,5,0.15,58.58,17.56,Medium
ORD-2023-10203,2023-04-23,2023-04-28,Standard Class,CUST-0421,Joseph Thomas,Home Office,United States,West,Nevada,Technology,Copiers,1910.2,2,0.3,348.49,58.39,Medium
ORD-2023-10204,2023-04-23,2023-04-29,Standard Class,CUST-0091,Christopher Gonzalez,Consumer,United States,East,Ohio,Office Supplies,Binders,279.18,4,0.0,84.11,17.62,Medium
ORD-2023-10205,2023-04-23,2023-04-27,Second Class,CUST-0439,Jennifer Gonzalez,Consumer,United States,Central,Wisconsin,Technology,Machines,3366.73,4,0.1,-187.68,148.67,Medium
ORD-2023-10206,2023-04-24,2023-05-01,Standard Class,CUST-0448,Elizabeth Martinez,Consumer,United States,West,Oregon,Technology,Accessories,256.96,2,0.1,70.53,12.09,Low
ORD-2023-10207,2023-04-24,2023-04-26,First Class,CUST-0267,Christopher Hernandez,Corporate,United States,West,California,Furniture,Bookcases,183.56,1,0.3,-58.55,14.1,Medium
ORD-2023-10208,2023-04-25,2023-05-01,Standard Class,CUST-0084,David Taylor,Consumer,United States,West,Nevada,Furniture,Furnishings,251.32,6,0.0,43.7,21.74,High
ORD-2023-10209,2023-04-25,2023-05-01,Standard Class,CUST-0153,Thomas Thomas,Consumer,United States,West,California,Technology,Copiers,10143.04,4,0.0,4439.49,293.81,Medium
ORD-2023-10210,2023-04-26,2023-04-30,Second Class,CUST-0204,Thomas Hernandez,Home Office,United States,East,New York,Furniture,Chairs,552.85,3,0.0,85.38,32.61,High
ORD-2023-10211,2023-04-26,2023-05-01,Standard Class,CUST-0151,Susan Garcia,Home Office,United States,East,New York,Office Supplies,Art,66.19,1,0.0,21.64,4.3,Critical
ORD-2023-10212,2023-04-27,2023-04-27,Same Day,CUST-0133,Charles Martinez,Consumer,United States,West,Arizona,Technology,Phones,2138.97,5,0.0,613.48,164.89,Medium
ORD-2023-10213,2023-04-27,2023-05-02,Standard Class,CUST-0435,Sarah Taylor,Consumer,United States,Central,Illinois,Furniture,Bookcases,157.71,3,0.5,-148.57,11.77,Medium
ORD-2023-10214,2023-04-27,2023-05-01,Second Class,CUST-0080,James Jones,Corporate,United States,East,New Jersey,Technology,Phones,4101.8,5,0.0,1070.89,181.57,Medium
ORD-2023-10215,2023-04-28,2023-04-28,Same Day,CUST-0330,Sarah Hernandez,Consumer,United States,West,Arizona,Furniture,Chairs,1575.64,9,0.4,-902.67,151.24,Medium
ORD-2023-10216,2023-04-28,2023-05-03,Standard Class,CUST-0001,David Williams,Home Office,United States,West,Nevada,Office Supplies,Art,226.69,8,0.0,66.57,25.95,Medium
ORD-2023-10217,2023-04-29,2023-05-06,Standard Class,CUST-0290,Patricia Wilson,Corporate,United States,West,Arizona,Furniture,Furnishings,106.78,6,0.4,-44.35,17.69,Low
ORD-2023-10218,2023-04-29,2023-05-03,Second Class,CUST-0410,Jessica Miller,Consumer,United States,East,Pennsylvania,Office Supplies,Envelopes,18.13,1,0.15,-0.79,4.23,Medium
ORD-2023-10219,2023-04-30,2023-05-07,Standard Class,CUST-0137,Mary Thomas,Corporate,United States,West,Washington,Furniture,Tables,1925.06,6,0.0,93.49,68.6,High
ORD-2023-10220,2023-05-02,2023-05-04,First Class,CUST-0090,Elizabeth Davis,Corporate,United States,East,Pennsylvania,Office Supplies,Paper,68.34,1,0.1,29.81,8.1,Medium
ORD-2023-10221,2023-05-02,2023-05-07,Standard Class,CUST-0304,Barbara Martinez,Consumer,United States,Central,Texas,Office Supplies,Binders,509.1,6,0.0,163.86,28.95,Medium
ORD-2023-10222,2023-05-02,2023-05-06,Second Class,CUST-0323,William Miller,Consumer,United States,East,Ohio,Office Supplies,Appliances,263.92,2,0.0,57.66,17.56,High
ORD-2023-10223,2023-05-02,2023-05-09,Standard Class,CUST-0312,Nancy Martin,Consumer,United States,West,California,Technology,Copiers,11483.84,3,0.0,4234.45,328.9,Critical
ORD-2023-10224,2023-05-02,2023-05-09,Standard Class,CUST-0154,John Johnson,Corporate,United States,East,Massachusetts,Technology,Accessories,107.59,1,0.0,36.5,5.46,Medium
ORD-2023-10225,2023-05-04,2023-05-08,Second Class,CUST-0120,Elizabeth Johnson,Consumer,United States,Central,Michigan,Furniture,Tables,2120.01,5,0.15,-396.97,102.3,Medium
ORD-2023-10226,2023-05-04,2023-05-07,Second Class,CUST-0430,Karen Wilson,Home Office,United States,South,Georgia,Office Supplies,Appliances,184.88,1,0.2,-7.89,10.9,High
ORD-2023-10227,2023-05-05,2023-05-12,Standard Class,CUST-0413,Jennifer Miller,Corporate,United States,Central,Illinois,Technology,Copiers,7814.56,2,0.0,2893.9,223.71,High
ORD-2023-10228,2023-05-05,2023-05-11,Standard Class,CUST-0219,Nancy Martin,Consumer,United States,East,New Jersey,Office Supplies,Appliances,385.23,5,0.4,-149.45,23.04,Critical
ORD-2023-10229,2023-05-06,2023-05-08,First Class,CUST-0373,Nancy Smith,Corporate,United States,East,New York,Technology,Accessories,606.41,4,0.4,-41.65,49.73,Medium
ORD-2023-10230,2023-05-06,2023-05-07,First Class,CUST-0212,Karen Martinez,Consumer,United States,East,New Jersey,Technology,Accessories,64.55,1,0.0,13.49,7.91,High
ORD-2023-10231,2023-05-06,2023-05-11,Standard Class,CUST-0204,Thomas Hernandez,Home Office,United States,South,North Carolina,Technology,Copiers,2389.03,2,0.0,996.22,71.79,Medium
ORD-2023-10232,2023-05-06,2023-05-08,First Class,CUST-0081,Jessica Anderson,Consumer,United States,West,California,Furniture,Chairs,366.15,1,0.0,24.14,23.59,Medium
ORD-2023-10233,2023-05-06,2023-05-13,Standard Class,CUST-0204,Thomas Hernandez,Home Office,United States,South,Florida,Office Supplies,Paper,257.56,4,0.1,84.5,17.01,Medium
ORD-2023-10234,2023-05-07,2023-05-12,Standard Class,CUST-0256,Barbara Wilson,Consumer,United States,Central,Michigan,Technology,Machines,10251.56,8,0.0,863.4,306.64,Medium
ORD-2023-10235,2023-05-08,2023-05-09,First Class,CUST-0007,Lisa Martinez,Consumer,United States,Central,Illinois,Furniture,Tables,1679.38,4,0.0,111.07,105.53,Low
ORD-2023-10236,2023-05-08,2023-05-10,First Class,CUST-0209,Susan Smith,Home Office,United States,West,Nevada,Technology,Phones,807.41,1,0.15,86.82,46.54,Medium
ORD-2023-10237,2023-05-08,2023-05-12,Second Class,CUST-0348,Joseph Wilson,Corporate,United States,Central,Illinois,Furniture,Chairs,244.15,2,0.1,5.44,16.77,Medium
ORD-2023-10238,2023-05-08,2023-05-09,First Class,CUST-0309,Barbara Lee,Consumer,United States,East,New Jersey,Technology,Machines,10434.19,9,0.0,346.43,583.53,High
ORD-2023-10239,2023-05-09,2023-05-14,Standard Class,CUST-0300,Nancy Anderson,Corporate,United States,West,Washington,Furniture,Chairs,316.21,1,0.3,-69.49,11.3,High
ORD-2023-10240,2023-05-09,2023-05-15,Standard Class,CUST-0407,Daniel Wilson,Consumer,United States,West,California,Office Supplies,Paper,217.09,3,0.15,63.31,13.43,Medium
ORD-2023-10241,2023-05-10,2023-05-13,Second Class,CUST-0007,Lisa Martinez,Consumer,United States,South,Virginia,Furniture,Furnishings,94.62,2,0.0,12.37,10.78,Medium
ORD-2023-10242,2023-05-10,2023-05-12,First Class,CUST-0267,Christopher Hernandez,Corporate,United States,East,Massachusetts,Technology,Phones,802.01,4,0.15,69.61,59.9,Medium
ORD-2023-10243,2023-05-10,2023-05-12,First Class,CUST-0351,Karen Rodriguez,Consumer,United States,East,Pennsylvania,Technology,Accessories,1089.3,6,0.0,365.69,83.94,Medium
ORD-2023-10244,2023-05-10,2023-05-16,Standard Class,CUST-0258,Lisa Brown,Consumer,United States,West,California,Office Supplies,Art,35.3,2,0.1,5.3,5.89,Low
ORD-2023-10245,2023-05-11,2023-05-17,Standard Class,CUST-0155,David Rodriguez,Consumer,United States,Central,Indiana,Office Supplies,Labels,106.08,4,0.0,49.95,12.77,Medium
ORD-2023-10246,2023-05-11,2023-05-17,Standard Class,CUST-0075,Susan Thomas,Corporate,United States,Central,Illinois,Office Supplies,Binders,156.96,3,0.0,58.09,11.74,Critical
ORD-2023-10247,2023-05-12,2023-05-13,First Class,CUST-0391,Jennifer Garcia,Consumer,United States,Central,Indiana,Office Supplies,Binders,78.84,2,0.0,26.09,13.2,High
ORD-2023-10248,2023-05-12,2023-05-18,Standard Class,CUST-0227,Joseph Smith,Consumer,United States,East,New York,Office Supplies,Binders,129.58,2,0.0,43.05,8.53,High
ORD-2023-10249,2023-05-13,2023-05-18,Standard Class,CUST-0386,Michael Jackson,Home Office,United States,East,Pennsylvania,Furniture,Chairs,499.79,3,0.15,-2.32,21.34,Medium
ORD-2023-10250,2023-05-13,2023-05-20,Standard Class,CUST-0286,Mary Johnson,Consumer,United States,East,Pennsylvania,Technology,Accessories,63.54,1,0.15,15.41,4.23,Medium
ORD-2023-10251,2023-05-13,2023-05-19,Standard Class,CUST-0309,Barbara Lee,Consumer,United States,West,California,Technology,Machines,4027.46,5,0.0,215.26,125.02,High
ORD-2023-10252,2023-05-14,2023-05-16,First Class,CUST-0360,Charles Jackson,Home Office,United States,South,Florida,Furniture,Furnishings,115.7,1,0.0,13.99,10.57,Medium
ORD-2023-10253,2023-05-14,2023-05-16,First Class,CUST-0306,Joseph Garcia,Home Office,United States,East,Ohio,Office Supplies,Appliances,285.57,1,0.2,-14.48,19.4,High
ORD-2023-10254,2023-05-16,2023-05-23,Standard Class,CUST-0188,Richard Gonzalez,Corporate,United States,West,California,Office Supplies,Fasteners,38.94,2,0.0,16.83,5.99,Medium
ORD-2023-10255,2023-05-17,2023-05-21,Second Class,CUST-0246,Daniel Lee,Corporate,United States,East,New York,Technology,Accessories,208.14,1,0.0,75.15,11.83,Critical
ORD-2023-10256,2023-05-18,2023-05-24,Standard Class,CUST-0358,Lisa Gonzalez,Corporate,United States,Central,Texas,Furniture,Furnishings,350.97,3,0.1,58.78,17.18,Low
ORD-2023-10257,2023-05-18,2023-05-24,Standard Class,CUST-0177,Jessica Thomas,Corporate,United States,West,Colorado,Office Supplies,Supplies,61.52,2,0.2,-5.45,6.62,High
ORD-2023-10258,2023-05-18,2023-05-23,Standard Class,CUST-0181,William Brown,Consumer,United States,West,California,Furniture,Bookcases,1094.69,4,0.2,-201.88,40.45,Medium
ORD-2023-10259,2023-05-19,2023-05-22,Second Class,CUST-0042,John Miller,Consumer,United States,Central,Michigan,Technology,Copiers,16052.19,8,0.15,4230.95,670.09,High
ORD-2023-10260,2023-05-19,2023-05-25,Standard Class,CUST-0410,Jessica Miller,Consumer,United States,West,California,Office Supplies,Paper,543.13,4,0.0,245.53,25.01,High
ORD-2023-10261,2023-05-20,2023-05-26,Standard Class,CUST-0039,Lisa Johnson,Corporate,United States,Central,Wisconsin,Technology,Phones,1016.49,1,0.15,121.27,30.91,Low
ORD-2023-10262,2023-05-21,2023-05-27,Standard Class,CUST-0303,James Taylor,Home Office,United States,West,Nevada,Office Supplies,Fasteners,263.29,7,0.0,98.07,24.52,Medium
ORD-2023-10263,2023-05-21,2023-05-22,First Class,CUST-0196,Richard Anderson,Consumer,United States,Central,Texas,Office Supplies,Envelopes,78.5,2,0.0,28.66,13.18,High
ORD-2023-10264,2023-05-21,2023-05-25,Second Class,CUST-0189,Christopher Johnson,Corporate,United States,West,Colorado,Furniture,Tables,696.77,3,0.1,-27.42,38.37,Medium
ORD-2023-10265,2023-05-22,2023-05-27,Standard Class,CUST-0309,Barbara Lee,Consumer,United States,West,Oregon,Furniture,Tables,392.8,2,0.15,-66.77,15.9,High
ORD-2023-10266,2023-05-22,2023-05-28,Standard Class,CUST-0029,Nancy Jones,Corporate,United States,South,Virginia,Office Supplies,Labels,23.34,2,0.0,5.47,5.55,Critical
ORD-2023-10267,2023-05-22,2023-05-28,Standard Class,CUST-0288,Daniel Taylor,Corporate,United States,East,Massachusetts,Furniture,Tables,1015.71,6,0.0,14.95,43.14,Critical
ORD-2023-10268,2023-05-23,2023-05-30,Standard Class,CUST-0347,Nancy Johnson,Corporate,United States,East,Pennsylvania,Technology,Copiers,1701.48,2,0.2,435.13,52.54,High
ORD-2023-10269,2023-05-23,2023-05-25,First Class,CUST-0368,Patricia Martinez,Consumer,United States,West,Colorado,Office Supplies,Art,97.64,3,0.3,-2.95,18.73,Medium
ORD-2023-10270,2023-05-23,2023-05-28,Standard Class,CUST-0084,David Taylor,Consumer,United States,Central,Wisconsin,Furniture,Chairs,169.06,1,0.1,11.01,7.18,Critical
ORD-2023-10271,2023-05-24,2023-05-27,Second Class,CUST-0398,Richard Perez,Consumer,United States,East,Pennsylvania,Technology,Copiers,14993.27,5,0.0,6461.38,617.23,Medium
ORD-2023-10272,2023-05-25,2023-05-25,Same Day,CUST-0305,Robert Moore,Consumer,United States,South,North Carolina,Furniture,Tables,2230.58,5,0.2,-467.18,170.76,Medium
ORD-2023-10273,2023-05-25,2023-05-28,Second Class,CUST-0388,Lisa Johnson,Consumer,United States,South,North Carolina,Technology,Copiers,1293.08,2,0.15,372.99,58.72,Low
ORD-2023-10274,2023-05-26,2023-06-02,Standard Class,CUST-0229,Jennifer Perez,Consumer,United States,Central,Texas,Technology,Copiers,8696.11,4,0.1,2953.97,253.29,Medium
ORD-2023-10275,2023-05-26,2023-05-27,First Class,CUST-0258,Lisa Brown,Consumer,United States,East,New York,Furniture,Furnishings,453.0,4,0.0,76.41,41.76,High
ORD-2023-10276,2023-05-26,2023-05-28,First Class,CUST-0411,Patricia Moore,Consumer,United States,East,Pennsylvania,Furniture,Furnishings,425.04,3,0.0,79.1,35.75,Medium
ORD-2023-10277,2023-05-27,2023-05-31,Second Class,CUST-0398,Richard Perez,Consumer,United States,Central,Wisconsin,Furniture,Bookcases,347.17,3,0.0,3.39,24.39,Medium
ORD-2023-10278,2023-05-27,2023-05-27,Same Day,CUST-0211,Michael Anderson,Consumer,United States,West,Washington,Office Supplies,Supplies,94.44,3,0.0,6.53,22.84,High
ORD-2023-10279,2023-05-27,2023-06-03,Standard Class,CUST-0133,Charles Martinez,Consumer,United States,East,New Jersey,Office Supplies,Appliances,358.29,1,0.0,67.28,12.48,High
ORD-2023-10280,2023-05-27,2023-06-01,Standard Class,CUST-0184,Jennifer Martinez,Home Office,United States,West,Colorado,Technology,Accessories,542.63,4,0.1,142.6,24.99,Medium
ORD-2023-10281,2023-05-28,2023-06-03,Standard Class,CUST-0181,William Brown,Consumer,United States,West,Colorado,Technology,Machines,2766.06,2,0.0,87.52,82.35,Medium
ORD-2023-10282,2023-05-28,2023-06-02,Standard Class,CUST-0136,Richard Johnson,Consumer,United States,West,Colorado,Furniture,Furnishings,45.69,2,0.2,-11.6,6.18,Medium
ORD-2023-10283,2023-05-29,2023-06-01,Second Class,CUST-0128,Charles Taylor,Consumer,United States,East,New York,Furniture,Furnishings,865.38,6,0.0,199.34,55.62,High
ORD-2023-10284,2023-05-29,2023-06-05,Standard Class,CUST-0376,Patricia Rodriguez,Consumer,United States,Central,Indiana,Office Supplies,Supplies,23.25,1,0.1,0.45,3.1,Medium
ORD-2023-10285,2023-05-29,2023-06-04,Standard Class,CUST-0029,Nancy Jones,Corporate,United States,East,Pennsylvania,Furniture,Bookcases,196.2,2,0.15,-23.71,10.39,Low
ORD-2023-10286,2023-05-29,2023-06-03,Standard Class,CUST-0309,Barbara Lee,Consumer,United States,East,New York,Technology,Phones,479.65,1,0.1,64.07,15.88,Medium
ORD-2023-10287,2023-05-29,2023-06-05,Standard Class,CUST-0085,Thomas Johnson,Corporate,United States,West,Colorado,Furniture,Furnishings,36.81,1,0.0,4.86,3.48,Low
ORD-2023-10288,2023-05-29,2023-06-04,Standard Class,CUST-0168,Christopher Lopez,Home Office,United States,East,New Jersey,Office Supplies,Labels,79.08,2,0.1,26.11,7.11,High
ORD-2023-10289,2023-05-30,2023-06-06,Standard Class,CUST-0027,Charles Jones,Consumer,United States,West,Nevada,Office Supplies,Binders,198.99,9,0.2,25.47,27.62,Medium
ORD-2023-10290,2023-05-31,2023-06-07,Standard Class,CUST-0128,Charles Taylor,Consumer,United States,Central,Illinois,Technology,Machines,579.44,2,0.7,-1264.36,21.12,Medium
ORD-2023-10291,2023-05-31,2023-06-03,Second Class,CUST-0347,Nancy Johnson,Corporate,United States,South,Florida,Furniture,Bookcases,581.15,4,0.15,-70.8,37.25,Critical
ORD-2023-10292,2023-06-01,2023-06-07,Standard Class,CUST-0391,Jennifer Garcia,Consumer,United States,West,Oregon,Technology,Copiers,2728.0,1,0.2,571.83,78.83,Low
ORD-2023-10293,2023-06-01,2023-06-06,Standard Class,CUST-0111,Christopher Lopez,Consumer,United States,West,Colorado,Furniture,Bookcases,585.49,3,0.0,9.36,23.74,Low
ORD-2023-10294,2023-06-02,2023-06-03,First Class,CUST-0220,James Davis,Corporate,United States,East,New York,Technology,Machines,5498.9,9,0.3,-2083.9,326.89,Medium
ORD-2023-10295,2023-06-03,2023-06-08,Standard Class,CUST-0226,Richard Martin,Consumer,United States,South,Georgia,Office Supplies,Paper,92.95,2,0.4,-0.93,7.5,Medium
ORD-2023-10296,2023-06-03,2023-06-10,Standard Class,CUST-0382,Elizabeth Garcia,Consumer,United States,Central,Wisconsin,Furniture,Tables,1488.18,5,0.1,-105.61,53.92,Medium
ORD-2023-10297,2023-06-03,2023-06-05,First Class,CUST-0345,Karen Jackson,Corporate,United States,South,North Carolina,Office Supplies,Envelopes,149.94,10,0.2,16.51,53.3,Medium
ORD-2023-10298,2023-06-04,2023-06-05,First Class,CUST-0246,Daniel Lee,Corporate,United States,East,New York,Office Supplies,Appliances,894.78,3,0.1,113.28,60.18,Medium
ORD-2023-10299,2023-06-05,2023-06-11,Standard Class,CUST-0309,Barbara Lee,Consumer,United States,South,Tennessee,Technology,Accessories,358.23,2,0.0,111.81,14.93,Medium
ORD-2023-10300,2023-06-05,2023-06-07,First Class,CUST-0373,Nancy Smith,Corporate,United States,West,Oregon,Office Supplies,Supplies,167.88,4,0.3,-50.73,26.93,High
ORD-2023-10301,2023-06-05,2023-06-10,Standard Class,CUST-0006,Charles Smith,Corporate,United States,West,Washington,Office Supplies,Labels,243.61,5,0.1,97.59,19.07,High
ORD-2023-10302,2023-06-06,2023-06-08,First Class,CUST-0188,Richard Gonzalez,Corporate,United States,South,Tennessee,Furniture,Chairs,207.5,1,0.1,10.88,15.34,Medium
ORD-2023-10303,2023-06-07,2023-06-13,Standard Class,CUST-0407,Daniel Wilson,Consumer,United States,South,Florida,Furniture,Chairs,753.95,2,0.15,11.35,26.01,Medium
ORD-2023-10304,2023-06-08,2023-06-11,Second Class,CUST-0334,Daniel Perez,Corporate,United States,West,California,Furniture,Furnishings,56.75,2,0.3,-11.51,9.27,Medium
ORD-2023-10305,2023-06-08,2023-06-10,First Class,CUST-0258,Lisa Brown,Consumer,United States,West,Washington,Office Supplies,Binders,117.17,2,0.15,31.72,15.19,Critical
ORD-2023-10306,2023-06-08,2023-06-14,Standard Class,CUST-0255,Joseph Hernandez,Corporate,United States,West,Oregon,Furniture,Tables,2192.43,6,0.0,0.52,76.09,Critical
ORD-2023-10307,2023-06-09,2023-06-16,Standard Class,CUST-0169,Robert Hernandez,Consumer,United States,West,Arizona,Furniture,Tables,418.76,2,0.1,-28.84,16.63,Medium
ORD-2023-10308,2023-06-10,2023-06-14,Second Class,CUST-0246,Daniel Lee,Corporate,United States,West,Washington,Technology,Phones,960.04,2,0.5,-485.38,45.4,Medium
ORD-2023-10309,2023-06-10,2023-06-16,Standard Class,CUST-0304,Barbara Martinez,Consumer,United States,South,North Carolina,Technology,Phones,881.8,3,0.1,131.78,32.04,Medium
ORD-2023-10310,2023-06-10,2023-06-11,First Class,CUST-0202,Jessica Wilson,Corporate,United States,Central,Indiana,Technology,Machines,551.44,1,0.4,-341.67,33.22,Medium
ORD-2023-10311,2023-06-11,2023-06-18,Standard Class,CUST-0323,William Miller,Consumer,United States,Central,Indiana,Technology,Accessories,138.18,1,0.2,20.49,6.32,Medium
ORD-2023-10312,2023-06-11,2023-06-11,Same Day,CUST-0376,Patricia Rodriguez,Consumer,United States,Central,Michigan,Furniture,Tables,1195.06,3,0.15,-99.48,93.28,Medium
ORD-2023-10313,2023-06-11,2023-06-17,Standard Class,CUST-0081,Jessica Anderson,Consumer,United States,East,New York,Technology,Phones,508.64,2,0.0,156.83,19.14,Medium
ORD-2023-10314,2023-06-12,2023-06-19,Standard Class,CUST-0212,Karen Martinez,Consumer,United States,Central,Illinois,Technology,Phones,1570.61,2,0.0,408.63,48.88,High
ORD-2023-10315,2023-06-13,2023-06-18,Standard Class,CUST-0191,Richard Rodriguez,Consumer,United States,East,New Jersey,Office Supplies,Binders,7.67,1,0.15,-8.61,2.66,Medium
ORD-2023-10316,2023-06-13,2023-06-20,Standard Class,CUST-0312,Nancy Martin,Consumer,United States,West,California,Office Supplies,Art,144.23,3,0.0,45.15,11.39,Medium
ORD-2023-10317,2023-06-13,2023-06-20,Standard Class,CUST-0120,Elizabeth Johnson,Consumer,United States,East,New York,Office Supplies,Paper,211.7,5,0.2,48.83,18.18,High
ORD-2023-10318,2023-06-14,2023-06-20,Standard Class,CUST-0302,William Martin,Consumer,United States,East,Massachusetts,Office Supplies,Fasteners,150.43,6,0.2,14.64,18.91,Critical
ORD-2023-10319,2023-06-14,2023-06-20,Standard Class,CUST-0384,William Jackson,Corporate,United States,South,North Carolina,Technology,Machines,782.91,1,0.0,37.96,24.37,Medium
ORD-2023-10320,2023-06-14,2023-06-21,Standard Class,CUST-0202,Jessica Wilson,Corporate,United States,South,Florida,Technology,Copiers,1809.1,3,0.15,538.3,58.0,Medium
ORD-2023-10321,2023-06-15,2023-06-22,Standard Class,CUST-0407,Daniel Wilson,Consumer,United States,East,Massachusetts,Technology,Accessories,1441.51,6,0.1,359.13,55.06,Critical
ORD-2023-10322,2023-06-15,2023-06-15,Same Day,CUST-0448,Elizabeth Martinez,Consumer,United States,Central,Wisconsin,Office Supplies,Storage,178.98,2,0.0,24.35,22.65,Medium
ORD-2023-10323,2023-06-16,2023-06-22,Standard Class,CUST-0047,Robert Rodriguez,Home Office,United States,West,Nevada,Office Supplies,Supplies,208.35,7,0.0,13.42,22.98,Medium
ORD-2023-10324,2023-06-17,2023-06-20,Second Class,CUST-0116,David Lee,Corporate,United States,Central,Wisconsin,Technology,Machines,4643.91,7,0.3,-1742.52,210.26,Medium
ORD-2023-10325,2023-06-19,2023-06-26,Standard Class,CUST-0428,Nancy Jones,Home Office,United States,East,Ohio,Technology,Machines,697.71,1,0.0,17.05,21.99,High
ORD-2023-10326,2023-06-19,2023-06-26,Standard Class,CUST-0432,Patricia Johnson,Consumer,United States,West,California,Furniture,Chairs,823.95,2,0.0,145.33,27.97,Medium
ORD-2023-10327,2023-06-22,2023-06-29,Standard Class,CUST-0042,John Miller,Consumer,United States,East,New York,Technology,Copiers,2037.8,1,0.0,822.57,59.51,High
ORD-2023-10328,2023-06-22,2023-06-24,First Class,CUST-0007,Lisa Martinez,Consumer,United States,Central,Wisconsin,Furniture,Bookcases,165.93,1,0.0,2.55,13.18,Medium
ORD-2023-10329,2023-06-22,2023-06-29,Standard Class,CUST-0082,Thomas Thompson,Consumer,United States,West,Arizona,Office Supplies,Fasteners,191.99,7,0.1,53.66,22.53,Medium
ORD-2023-10330,2023-06-22,2023-06-28,Standard Class,CUST-0448,Elizabeth Martinez,Consumer,United States,South,Georgia,Furniture,Furnishings,263.48,7,0.0,43.69,24.53,High
ORD-2023-10331,2023-06-23,2023-06-29,Standard Class,CUST-0087,David Martinez,Corporate,United States,West,Washington,Office Supplies,Appliances,92.43,1,0.2,-4.98,5.04,High
ORD-2023-10332,2023-06-23,2023-06-30,Standard Class,CUST-0242,Karen Jones,Consumer,United States,South,Virginia,Furniture,Bookcases,819.31,3,0.0,-3.83,30.29,Medium
ORD-2023-10333,2023-06-26,2023-07-01,Standard Class,CUST-0373,Nancy Smith,Corporate,United States,Central,Wisconsin,Furniture,Chairs,931.8,3,0.1,12.02,33.44,Medium
ORD-2023-10334,2023-06-26,2023-06-30,Second Class,CUST-0007,Lisa Martinez,Consumer,United States,East,Massachusetts,Office Supplies,Labels,108.12,2,0.0,46.2,11.32,Medium
ORD-2023-10335,2023-06-26,2023-07-03,Standard Class,CUST-0291,Christopher Martinez,Consumer,United States,East,Pennsylvania,Furniture,Bookcases,469.3,3,0.5,-436.89,20.49,Medium
ORD-2023-10336,2023-06-28,2023-07-04,Standard Class,CUST-0133,Charles Martinez,Consumer,United States,Central,Illinois,Furniture,Chairs,3083.71,8,0.1,231.27,105.94,Medium
ORD-2023-10337,2023-06-30,2023-07-02,First Class,CUST-0380,Charles White,Corporate,United States,Central,Wisconsin,Office Supplies,Fasteners,24.74,1,0.2,-3.1,5.84,High
ORD-2023-10338,2023-07-01,2023-07-07,Standard Class,CUST-0134,William Brown,Consumer,United States,Central,Michigan,Office Supplies,Binders,65.26,1,0.2,8.6,4.28,High
ORD-2023-10339,2023-07-02,2023-07-02,Same Day,CUST-0312,Nancy Martin,Consumer,United States,East,Massachusetts,Technology,Phones,1040.78,1,0.15,111.89,72.21,Medium
ORD-2023-10340,2023-07-02,2023-07-04,First Class,CUST-0309,Barbara Lee,Consumer,United States,East,Massachusetts,Technology,Copiers,2746.01,2,0.2,663.77,151.89,Medium
ORD-2023-10341,2023-07-02,2023-07-08,Standard Class,CUST-0111,Christopher Lopez,Consumer,United States,South,Florida,Furniture,Chairs,715.54,2,0.0,77.55,24.94,Medium
ORD-2023-10342,2023-07-02,2023-07-02,Same Day,CUST-0018,William Rodriguez,Consumer,United States,West,Washington,Office Supplies,Appliances,490.91,2,0.15,35.13,42.62,High
ORD-2023-10343,2023-07-03,2023-07-06,Second Class,CUST-0191,Richard Rodriguez,Consumer,United States,East,Massachusetts,Office Supplies,Fasteners,112.37,3,0.0,23.19,14.99,High
ORD-2023-10344,2023-07-03,2023-07-05,First Class,CUST-0138,William Gonzalez,Consumer,United States,West,Colorado,Technology,Copiers,2484.84,4,0.2,415.61,147.41,Medium
ORD-2023-10345,2023-07-05,2023-07-07,First Class,CUST-0361,Christopher Jackson,Consumer,United States,Central,Texas,Technology,Copiers,4422.72,2,0.4,-89.08,239.08,Critical
ORD-2023-10346,2023-07-06,2023-07-06,Same Day,CUST-0356,Christopher White,Consumer,United States,Central,Indiana,Office Supplies,Labels,52.5,2,0.3,2.14,14.56,Low
ORD-2023-10347,2023-07-06,2023-07-09,Second Class,CUST-0219,Nancy Martin,Consumer,United States,West,California,Technology,Machines,2846.57,5,0.0,139.51,131.36,Low
ORD-2023-10348,2023-07-06,2023-07-08,First Class,CUST-0291,Christopher Martinez,Consumer,United States,West,Washington,Technology,Phones,5852.0,5,0.0,1615.3,327.05,Low
ORD-2023-10349,2023-07-07,2023-07-10,Second Class,CUST-0291,Christopher Martinez,Consumer,United States,West,Washington,Technology,Phones,902.88,1,0.0,204.03,39.62,Critical
ORD-2023-10350,2023-07-07,2023-07-11,Second Class,CUST-0367,Barbara Gonzalez,Corporate,United States,East,Massachusetts,Technology,Accessories,165.54,2,0.0,52.85,13.62,Medium
ORD-2023-10351,2023-07-07,2023-07-13,Standard Class,CUST-0204,Thomas Hernandez,Home Office,United States,East,Massachusetts,Office Supplies,Binders,66.47,5,0.0,23.61,14.11,Medium
ORD-2023-10352,2023-07-07,2023-07-10,Second Class,CUST-0133,Charles Martinez,Consumer,United States,South,Florida,Furniture,Tables,273.31,1,0.0,5.4,14.43,Critical
ORD-2023-10353,2023-07-07,2023-07-13,Standard Class,CUST-0127,Thomas Jackson,Consumer,United States,East,Pennsylvania,Furniture,Tables,294.48,2,0.7,-628.07,13.15,Medium
ORD-2023-10354,2023-07-09,2023-07-10,First Class,CUST-0256,Barbara Wilson,Consumer,United States,West,Arizona,Office Supplies,Labels,44.63,2,0.1,15.27,11.42,Medium
ORD-2023-10355,2023-07-09,2023-07-14,Standard Class,CUST-0211,Michael Anderson,Consumer,United States,South,North Carolina,Technology,Machines,595.01,1,0.1,-57.46,19.11,Medium
ORD-2023-10356,2023-07-09,2023-07-16,Standard Class,CUST-0208,Sarah Thompson,Home Office,United States,East,Massachusetts,Technology,Machines,1051.78,1,0.1,-77.52,31.9,High
ORD-2023-10357,2023-07-10,2023-07-16,Standard Class,CUST-0039,Lisa Johnson,Corporate,United States,East,New Jersey,Office Supplies,Labels,18.49,2,0.15,2.57,5.42,Medium
ORD-2023-10358,2023-07-10,2023-07-13,Second Class,CUST-0326,Barbara Perez,Consumer,United States,West,Colorado,Office Supplies,Labels,118.59,4,0.4,-5.72,18.74,Medium
ORD-2023-10359,2023-07-11,2023-07-17,Standard Class,CUST-0106,Elizabeth Thomas,Corporate,United States,East,New York,Technology,Machines,5219.09,5,0.1,-294.56,158.38,High
ORD-2023-10360,2023-07-11,2023-07-18,Standard Class,CUST-0099,John Rodriguez,Corporate,United States,South,Georgia,Technology,Phones,8982.63,9,0.0,1981.34,273.56,Low
ORD-2023-10361,2023-07-11,2023-07-18,Standard Class,CUST-0194,Joseph Smith,Consumer,United States,East,Pennsylvania,Technology,Machines,539.99,1,0.1,-29.35,17.57,Medium
ORD-2023-10362,2023-07-13,2023-07-20,Standard Class,CUST-0114,Sarah Jackson,Corporate,United States,East,Pennsylvania,Furniture,Furnishings,13.1,1,0.7,-19.47,2.82,High
ORD-2023-10363,2023-07-13,2023-07-16,Second Class,CUST-0282,Jessica Wilson,Consumer,United States,Central,Michigan,Technology,Phones,2534.66,4,0.0,596.03,115.39,Medium
ORD-2023-10364,2023-07-13,2023-07-18,Standard Class,CUST-0177,Jessica Thomas,Corporate,United States,South,Florida,Furniture,Bookcases,386.09,3,0.1,-32.21,18.16,Medium
ORD-2023-10365,2023-07-14,2023-07-19,Standard Class,CUST-0211,Michael Anderson,Consumer,United States,West,Washington,Technology,Accessories,349.69,2,0.0,108.78,14.69,Medium
ORD-2023-10366,2023-07-15,2023-07-21,Standard Class,CUST-0256,Barbara Wilson,Consumer,United States,East,Ohio,Office Supplies,Art,48.99,1,0.0,6.4,3.82,Critical
ORD-2023-10367,2023-07-15,2023-07-21,Standard Class,CUST-0102,Mary Hernandez,Home Office,United States,South,Virginia,Furniture,Furnishings,85.79,2,0.3,-21.36,7.3,Critical
ORD-2023-10368,2023-07-17,2023-07-23,Standard Class,CUST-0081,Jessica Anderson,Consumer,United States,West,Nevada,Furniture,Bookcases,672.95,2,0.0,15.0,23.74,High
ORD-2023-10369,2023-07-17,2023-07-22,Standard Class,CUST-0386,Michael Jackson,Home Office,United States,Central,Texas,Technology,Accessories,172.6,1,0.0,56.91,7.28,Medium
ORD-2023-10370,2023-07-17,2023-07-24,Standard Class,CUST-0205,Thomas Jackson,Consumer,United States,Central,Michigan,Technology,Accessories,680.6,8,0.0,222.56,38.66,High
ORD-2023-10371,2023-07-17,2023-07-21,Second Class,CUST-0194,Joseph Smith,Consumer,United States,Central,Indiana,Office Supplies,Supplies,29.58,1,0.5,-26.24,4.68,Medium
ORD-2023-10372,2023-07-18,2023-07-23,Standard Class,CUST-0018,William Rodriguez,Consumer,United States,East,New Jersey,Office Supplies,Paper,607.89,9,0.0,263.85,39.07,Medium
ORD-2023-10373,2023-07-19,2023-07-26,Standard Class,CUST-0238,Charles White,Corporate,United States,West,Nevada,Office Supplies,Supplies,151.65,5,0.2,-27.51,16.5,High
ORD-2023-10374,2023-07-20,2023-07-23,Second Class,CUST-0267,Christopher Hernandez,Corporate,United States,Central,Indiana,Office Supplies,Paper,188.75,2,0.0,68.59,14.55,High
ORD-2023-10375,2023-07-20,2023-07-25,Standard Class,CUST-0267,Christopher Hernandez,Corporate,United States,West,Washington,Technology,Phones,2848.67,4,0.2,141.03,89.56,Critical
ORD-2023-10376,2023-07-20,2023-07-22,First Class,CUST-0318,Sarah Hernandez,Consumer,United States,East,New York,Office Supplies,Fasteners,32.44,4,0.7,-52.41,19.89,High
ORD-2023-10377,2023-07-21,2023-07-24,Second Class,CUST-0087,David Martinez,Corporate,United States,West,California,Technology,Machines,1407.18,1,0.0,69.59,59.79,Critical
ORD-2023-10378,2023-07-21,2023-07-21,Same Day,CUST-0120,Elizabeth Johnson,Consumer,United States,West,Oregon,Technology,Accessories,439.1,2,0.0,151.18,39.3,Medium
ORD-2023-10379,2023-07-21,2023-07-21,Same Day,CUST-0361,Christopher Jackson,Consumer,United States,South,Tennessee,Office Supplies,Labels,106.5,3,0.0,39.74,23.62,Medium
ORD-2023-10380,2023-07-21,2023-07-27,Standard Class,CUST-0426,Jennifer Gonzalez,Home Office,United States,East,New York,Office Supplies,Paper,201.24,3,0.2,59.16,12.98,Critical
ORD-2023-10381,2023-07-22,2023-07-28,Standard Class,CUST-0075,Susan Thomas,Corporate,United States,South,Tennessee,Office Supplies,Binders,27.99,3,0.0,4.5,8.13,Medium
ORD-2023-10382,2023-07-22,2023-07-29,Standard Class,CUST-0238,Charles White,Corporate,United States,West,California,Office Supplies,Supplies,96.46,3,0.0,4.53,10.05,Medium
ORD-2023-10383,2023-07-22,2023-07-26,Second Class,CUST-0107,Barbara Smith,Consumer,United States,East,New York,Office Supplies,Binders,99.15,2,0.0,40.64,10.97,High
ORD-2023-10384,2023-07-24,2023-07-31,Standard Class,CUST-0026,Jessica Smith,Corporate,United States,West,Oregon,Technology,Accessories,714.15,3,0.0,230.17,27.35,Critical
ORD-2023-10385,2023-07-24,2023-07-31,Standard Class,CUST-0155,David Rodriguez,Consumer,United States,Central,Indiana,Office Supplies,Paper,160.74,2,0.0,69.46,9.4,Medium
ORD-2023-10386,2023-07-25,2023-08-01,Standard Class,CUST-0077,Michael Martinez,Consumer,United States,Central,Michigan,Furniture,Chairs,378.99,3,0.3,-91.23,17.96,Medium
ORD-2023-10387,2023-07-25,2023-07-31,Standard Class,CUST-0319,Joseph Lee,Consumer,United States,West,California,Office Supplies,Paper,395.64,6,0.3,37.06,25.78,High
ORD-2023-10388,2023-07-26,2023-07-28,First Class,CUST-0256,Barbara Wilson,Consumer,United States,South,Virginia,Office Supplies,Supplies,260.47,3,0.0,19.11,27.19,High
ORD-2023-10389,2023-07-27,2023-08-01,Standard Class,CUST-0077,Michael Martinez,Consumer,United States,West,Colorado,Furniture,Furnishings,482.89,4,0.1,39.89,23.32,Critical
ORD-2023-10390,2023-07-27,2023-07-31,Second Class,CUST-0006,Charles Smith,Corporate,United States,Central,Indiana,Office Supplies,Fasteners,36.0,3,0.15,-1.89,11.94,High
ORD-2023-10391,2023-07-27,2023-07-31,Second Class,CUST-0361,Christopher Jackson,Consumer,United States,South,Virginia,Technology,Copiers,6193.57,3,0.15,1826.67,258.24,Medium
ORD-2023-10392,2023-07-28,2023-08-02,Standard Class,CUST-0086,Richard Wilson,Consumer,United States,South,Tennessee,Office Supplies,Art,188.42,3,0.1,34.33,12.63,Medium
ORD-2023-10393,2023-07-29,2023-08-05,Standard Class,CUST-0291,Christopher Martinez,Consumer,United States,South,Florida,Technology,Copiers,3482.27,1,0.1,1241.57,99.95,Medium
ORD-2023-10394,2023-07-29,2023-08-03,Standard Class,CUST-0161,Sarah Jackson,Consumer,United States,East,Pennsylvania,Technology,Copiers,32122.85,10,0.15,9444.42,923.94,Medium
ORD-2023-10395,2023-07-30,2023-07-31,First Class,CUST-0286,Mary Johnson,Consumer,United States,West,Colorado,Technology,Accessories,100.19,1,0.15,26.96,9.76,Medium
ORD-2023-10396,2023-07-30,2023-07-31,First Class,CUST-0153,Thomas Thomas,Consumer,United States,West,Oregon,Technology,Copiers,3501.59,2,0.0,1239.12,191.18,Medium
ORD-2023-10397,2023-08-01,2023-08-07,Standard Class,CUST-0034,David Martinez,Consumer,United States,East,Ohio,Technology,Phones,1056.32,1,0.0,263.61,32.03,Medium
ORD-2023-10398,2023-08-01,2023-08-02,First Class,CUST-0114,Sarah Jackson,Corporate,United States,Central,Michigan,Technology,Phones,219.57,1,0.0,46.78,15.97,Medium
ORD-2023-10399,2023-08-02,2023-08-06,Second Class,CUST-0093,Jennifer Taylor,Home Office,United States,West,Washington,Furniture,Chairs,1224.76,5,0.1,28.0,66.49,Medium
ORD-2023-10400,2023-08-02,2023-08-07,Standard Class,CUST-0204,Thomas Hernandez,Home Office,United States,Central,Indiana,Furniture,Tables,1365.36,2,0.0,52.08,43.13,Medium
ORD-2023-10401,2023-08-02,2023-08-08,Standard Class,CUST-0305,Robert Moore,Consumer,United States,East,Pennsylvania,Technology,Phones,4460.05,5,0.1,785.07,137.13,Medium
ORD-2023-10402,2023-08-02,2023-08-09,Standard Class,CUST-0125,Patricia Anderson,Consumer,United States,East,Massachusetts,Technology,Phones,2086.52,2,0.0,510.94,63.32,Medium
ORD-2023-10403,2023-08-03,2023-08-06,Second Class,CUST-0007,Lisa Martinez,Consumer,United States,Central,Texas,Office Supplies,Storage,108.68,2,0.2,-7.16,11.35,Medium
ORD-2023-10404,2023-08-04,2023-08-09,Standard Class,CUST-0246,Daniel Lee,Corporate,United States,East,New York,Technology,Accessories,166.25,2,0.0,49.57,9.55,High
ORD-2023-10405,2023-08-04,2023-08-09,Standard Class,CUST-0291,Christopher Martinez,Consumer,United States,Central,Texas,Technology,Accessories,717.36,3,0.1,195.63,27.44,High
ORD-2023-10406,2023-08-04,2023-08-11,Standard Class,CUST-0434,Jessica Martinez,Home Office,United States,West,Colorado,Technology,Phones,1912.91,5,0.1,419.61,65.81,Critical
ORD-2023-10407,2023-08-05,2023-08-11,Standard Class,CUST-0286,Mary Johnson,Consumer,United States,Central,Illinois,Technology,Phones,644.9,2,0.0,182.58,22.96,Medium
ORD-2023-10408,2023-08-05,2023-08-07,First Class,CUST-0228,Nancy Williams,Corporate,United States,West,Colorado,Office Supplies,Appliances,722.04,2,0.0,122.88,46.65,High
ORD-2023-10409,2023-08-05,2023-08-10,Standard Class,CUST-0277,Jessica Smith,Consumer,United States,West,Washington,Furniture,Bookcases,2381.19,9,0.2,-448.34,88.72,High
ORD-2023-10410,2023-08-05,2023-08-12,Standard Class,CUST-0413,Jennifer Miller,Corporate,United States,Central,Illinois,Furniture,Furnishings,65.69,1,0.0,10.14,4.29,Medium
ORD-2023-10411,2023-08-05,2023-08-12,Standard Class,CUST-0368,Patricia Martinez,Consumer,United States,South,Florida,Technology,Machines,2170.32,3,0.3,-772.64,68.12,Critical
ORD-2023-10412,2023-08-06,2023-08-13,Standard Class,CUST-0154,John Johnson,Corporate,United States,West,Washington,Office Supplies,Appliances,246.39,2,0.3,-34.2,11.8,High
ORD-2023-10413,2023-08-06,2023-08-06,Same Day,CUST-0118,Karen Lee,Consumer,United States,East,Ohio,Office Supplies,Labels,10.39,1,0.15,1.33,6.27,Medium
ORD-2023-10414,2023-08-06,2023-08-07,First Class,CUST-0125,Patricia Anderson,Consumer,United States,East,New Jersey,Technology,Phones,1850.59,2,0.2,67.21,105.33,High
ORD-2023-10415,2023-08-07,2023-08-12,Standard Class,CUST-0242,Karen Jones,Consumer,United States,West,Nevada,Technology,Phones,656.52,1,0.1,75.46,20.83,Low
ORD-2023-10416,2023-08-08,2023-08-15,Standard Class,CUST-0336,Richard Rodriguez,Consumer,United States,Central,Indiana,Technology,Accessories,537.47,6,0.1,152.21,29.75,Critical
ORD-2023-10417,2023-08-11,2023-08-11,Same Day,CUST-0242,Karen Jones,Consumer,United States,Central,Illinois,Office Supplies,Fasteners,13.62,3,0.5,-11.04,17.67,Low
ORD-2023-10418,2023-08-11,2023-08-17,Standard Class,CUST-0029,Nancy Jones,Corporate,United States,West,Nevada,Technology,Copiers,7211.15,5,0.0,2944.11,214.16,Medium
ORD-2023-10419,2023-08-12,2023-08-18,Standard Class,CUST-0327,Lisa Jackson,Corporate,United States,East,New York,Furniture,Bookcases,1003.48,3,0.0,58.34,35.45,Medium
ORD-2023-10420,2023-08-13,2023-08-18,Standard Class,CUST-0360,Charles Jackson,Home Office,United States,Central,Wisconsin,Technology,Copiers,3913.39,3,0.0,1622.73,116.92,Medium
ORD-2023-10421,2023-08-13,2023-08-20,Standard Class,CUST-0138,William Gonzalez,Consumer,United States,East,Pennsylvania,Technology,Accessories,856.97,4,0.1,259.28,33.8,Medium
ORD-2023-10422,2023-08-14,2023-08-20,Standard Class,CUST-0306,Joseph Garcia,Home Office,United States,Central,Texas,Technology,Machines,8412.72,7,0.0,500.78,252.71,Medium
ORD-2023-10423,2023-08-14,2023-08-17,Second Class,CUST-0204,Thomas Hernandez,Home Office,United States,West,California,Technology,Accessories,53.91,1,0.3,10.66,5.66,Critical
ORD-2023-10424,2023-08-14,2023-08-17,Second Class,CUST-0392,William Brown,Consumer,United States,Central,Illinois,Technology,Phones,1482.29,2,0.0,338.95,66.29,High
ORD-2023-10425,2023-08-15,2023-08-22,Standard Class,CUST-0373,Nancy Smith,Corporate,United States,West,Arizona,Furniture,Chairs,1360.29,4,0.2,-170.75,47.89,High
ORD-2023-10426,2023-08-15,2023-08-20,Standard Class,CUST-0251,James Moore,Consumer,United States,South,Virginia,Furniture,Tables,2503.02,8,0.0,190.67,89.68,Medium
ORD-2023-10427,2023-08-15,2023-08-21,Standard Class,CUST-0312,Nancy Martin,Consumer,United States,East,Ohio,Furniture,Chairs,3898.41,9,0.0,677.3,131.21,Medium
ORD-2023-10428,2023-08-16,2023-08-22,Standard Class,CUST-0389,Daniel Thomas,Corporate,United States,West,Washington,Office Supplies,Storage,742.41,3,0.0,157.83,28.14,High
ORD-2023-10429,2023-08-17,2023-08-23,Standard Class,CUST-0235,Joseph Smith,Corporate,United States,South,Georgia,Office Supplies,Appliances,131.96,1,0.0,40.88,6.14,Medium
ORD-2023-10430,2023-08-19,2023-08-21,First Class,CUST-0151,Susan Garcia,Home Office,United States,West,Colorado,Office Supplies,Art,30.08,1,0.1,2.94,6.11,High
ORD-2023-10431,2023-08-19,2023-08-22,Second Class,CUST-0339,John Smith,Consumer,United States,East,New Jersey,Office Supplies,Binders,198.77,8,0.4,-27.81,35.95,Medium
ORD-2023-10432,2023-08-19,2023-08-23,Second Class,CUST-0111,Christopher Lopez,Consumer,United States,East,Pennsylvania,Technology,Machines,699.95,2,0.0,25.74,35.0,Medium
ORD-2023-10433,2023-08-20,2023-08-23,Second Class,CUST-0181,William Brown,Consumer,United States,West,Colorado,Technology,Copiers,3347.98,1,0.15,854.36,137.42,Medium
ORD-2023-10434,2023-08-20,2023-08-22,First Class,CUST-0380,Charles White,Corporate,United States,South,Florida,Furniture,Chairs,2414.2,7,0.0,327.9,157.39,Medium
ORD-2023-10435,2023-08-21,2023-08-27,Standard Class,CUST-0328,James Thomas,Consumer,United States,Central,Texas,Furniture,Bookcases,363.13,1,0.0,10.51,12.62,High
ORD-2023-10436,2023-08-23,2023-08-28,Standard Class,CUST-0188,Richard Gonzalez,Corporate,United States,West,Oregon,Furniture,Furnishings,205.51,4,0.1,22.33,15.55,Medium
ORD-2023-10437,2023-08-23,2023-08-27,Second Class,CUST-0107,Barbara Smith,Consumer,United States,Central,Indiana,Technology,Accessories,535.47,3,0.0,172.27,31.92,Low
ORD-2023-10438,2023-08-23,2023-08-23,Same Day,CUST-0174,Patricia Lopez,Corporate,United States,East,New Jersey,Furniture,Furnishings,56.8,1,0.3,-9.41,9.24,High
ORD-2023-10439,2023-08-24,2023-08-28,Second Class,CUST-0134,William Brown,Consumer,United States,South,Virginia,Office Supplies,Storage,133.35,2,0.2,0.96,12.33,High
ORD-2023-10440,2023-08-25,2023-08-27,First Class,CUST-0086,Richard Wilson,Consumer,United States,West,Oregon,Technology,Accessories,211.78,1,0.0,67.12,15.56,Medium
ORD-2023-10441,2023-08-25,2023-09-01,Standard Class,CUST-0335,Elizabeth Hernandez,Corporate,United States,East,Ohio,Office Supplies,Envelopes,140.96,3,0.15,42.0,11.3,Medium
ORD-2023-10442,2023-08-26,2023-08-31,Standard Class,CUST-0120,Elizabeth Johnson,Consumer,United States,East,New York,Furniture,Furnishings,167.16,3,0.0,36.81,12.03,Medium
ORD-2023-10443,2023-08-26,2023-09-01,Standard Class,CUST-0217,Nancy White,Home Office,United States,East,New Jersey,Technology,Machines,1052.28,1,0.15,-152.31,31.91,Low
ORD-2023-10444,2023-08-27,2023-08-31,Second Class,CUST-0181,William Brown,Consumer,United States,East,Pennsylvania,Furniture,Furnishings,842.15,9,0.2,-3.81,65.19,Medium
ORD-2023-10445,2023-08-30,2023-09-04,Standard Class,CUST-0441,William Taylor,Corporate,United States,West,California,Furniture,Bookcases,489.14,2,0.2,-101.11,18.6,Medium
ORD-2023-10446,2023-08-30,2023-09-06,Standard Class,CUST-0184,Jennifer Martinez,Home Office,United States,Central,Texas,Furniture,Tables,655.27,2,0.0,29.43,23.25,Medium
ORD-2023-10447,2023-08-30,2023-09-06,Standard Class,CUST-0031,Linda Smith,Corporate,United States,East,New York,Furniture,Bookcases,294.0,1,0.0,17.98,10.68,High
ORD-2023-10448,2023-08-30,2023-09-03,Second Class,CUST-0036,Patricia Jones,Corporate,United States,South,Florida,Furniture,Furnishings,70.66,1,0.1,10.24,6.33,High
ORD-2023-10449,2023-08-30,2023-09-04,Standard Class,CUST-0286,Mary Johnson,Consumer,United States,West,Colorado,Technology,Phones,5932.1,10,0.5,-2942.61,190.6,Medium
ORD-2023-10450,2023-08-31,2023-09-04,Second Class,CUST-0291,Christopher Martinez,Consumer,United States,Central,Texas,Technology,Phones,770.33,2,0.4,-239.18,37.81,High
ORD-2023-10451,2023-08-31,2023-09-04,Second Class,CUST-0202,Jessica Wilson,Corporate,United States,South,Georgia,Technology,Phones,1067.01,2,0.0,309.65,49.68,Low
ORD-2023-10452,2023-09-01,2023-09-04,Second Class,CUST-0204,Thomas Hernandez,Home Office,United States,Central,Illinois,Office Supplies,Fasteners,159.58,6,0.2,20.12,27.38,Medium
ORD-2023-10453,2023-09-02,2023-09-03,First Class,CUST-0023,Charles Thomas,Home Office,United States,South,Virginia,Technology,Phones,364.79,3,0.4,-117.83,32.62,Medium
ORD-2023-10454,2023-09-02,2023-09-08,Standard Class,CUST-0246,Daniel Lee,Corporate,United States,South,Georgia,Office Supplies,Fasteners,29.26,2,0.0,15.33,5.72,Medium
ORD-2023-10455,2023-09-03,2023-09-10,Standard Class,CUST-0242,Karen Jones,Consumer,United States,East,Massachusetts,Technology,Copiers,5480.44,6,0.2,1309.21,168.15,Low
ORD-2023-10456,2023-09-03,2023-09-10,Standard Class,CUST-0079,James Gonzalez,Consumer,United States,Central,Michigan,Technology,Accessories,799.55,4,0.0,245.57,32.19,High
ORD-2023-10457,2023-09-04,2023-09-11,Standard Class,CUST-0046,Joseph Williams,Home Office,United States,West,California,Technology,Accessories,221.99,1,0.0,70.88,8.67,Medium
ORD-2023-10458,2023-09-04,2023-09-10,Standard Class,CUST-0063,Nancy Lopez,Corporate,United States,East,Ohio,Technology,Copiers,10300.73,3,0.0,4211.82,295.77,Medium
ORD-2023-10459,2023-09-05,2023-09-06,First Class,CUST-0045,William Anderson,Consumer,United States,West,California,Office Supplies,Appliances,766.27,7,0.1,49.26,71.7,Low
ORD-2023-10460,2023-09-06,2023-09-09,Second Class,CUST-0292,James Brown,Corporate,United States,Central,Illinois,Office Supplies,Art,43.14,3,0.2,-7.42,12.23,High
ORD-2023-10461,2023-09-07,2023-09-13,Standard Class,CUST-0097,James Brown,Consumer,United States,East,New Jersey,Office Supplies,Fasteners,38.51,4,0.1,3.4,10.88,Medium
ORD-2023-10462,2023-09-07,2023-09-12,Standard Class,CUST-0120,Elizabeth Johnson,Consumer,United States,East,New Jersey,Office Supplies,Fasteners,306.32,9,0.0,93.69,30.63,Medium
ORD-2023-10463,2023-09-07,2023-09-07,Same Day,CUST-0086,Richard Wilson,Consumer,United States,West,Colorado,Furniture,Chairs,2071.06,4,0.0,167.83,154.95,Low
ORD-2023-10464,2023-09-08,2023-09-14,Standard Class,CUST-0430,Karen Wilson,Home Office,United States,South,Tennessee,Office Supplies,Envelopes,17.64,1,0.1,0.9,2.94,High
ORD-2023-10465,2023-09-08,2023-09-15,Standard Class,CUST-0373,Nancy Smith,Corporate,United States,West,Arizona,Furniture,Furnishings,26.42,1,0.1,2.45,3.19,Medium
ORD-2023-10466,2023-09-10,2023-09-12,First Class,CUST-0115,Joseph Garcia,Consumer,United States,West,Arizona,Office Supplies,Envelopes,37.44,3,0.1,8.74,15.6,High
ORD-2023-10467,2023-09-10,2023-09-15,Standard Class,CUST-0155,David Rodriguez,Consumer,United States,West,Arizona,Technology,Accessories,188.31,2,0.0,61.35,10.17,Medium
ORD-2023-10468,2023-09-11,2023-09-15,Second Class,CUST-0105,Mary Johnson,Home Office,United States,South,Tennessee,Furniture,Bookcases,626.07,8,0.2,-159.0,53.04,High
ORD-2023-10469,2023-09-11,2023-09-17,Standard Class,CUST-0233,John Martinez,Consumer,United States,South,Florida,Furniture,Tables,809.31,2,0.3,-270.9,27.56,Medium
ORD-2023-10470,2023-09-11,2023-09-17,Standard Class,CUST-0007,Lisa Martinez,Consumer,United States,Central,Illinois,Technology,Machines,851.43,2,0.1,-1.53,28.74,Medium
ORD-2023-10471,2023-09-11,2023-09-14,Second Class,CUST-0309,Barbara Lee,Consumer,United States,South,North Carolina,Furniture,Bookcases,760.1,4,0.15,-55.8,44.4,Medium
ORD-2023-10472,2023-09-13,2023-09-18,Standard Class,CUST-0249,Karen Taylor,Corporate,United States,West,Oregon,Office Supplies,Fasteners,20.43,3,0.3,-1.84,7.92,Medium
ORD-2023-10473,2023-09-14,2023-09-20,Standard Class,CUST-0398,Richard Perez,Consumer,United States,South,Georgia,Furniture,Chairs,449.32,2,0.15,22.14,17.48,Medium
ORD-2023-10474,2023-09-15,2023-09-15,Same Day,CUST-0083,Jessica Gonzalez,Consumer,United States,West,California,Furniture,Chairs,113.67,1,0.15,-1.16,12.87,Medium
ORD-2023-10475,2023-09-15,2023-09-15,Same Day,CUST-0360,Charles Jackson,Home Office,United States,West,Arizona,Technology,Machines,3987.32,3,0.15,-566.64,271.99,Medium
ORD-2023-10476,2023-09-16,2023-09-18,First Class,CUST-0355,Charles Rodriguez,Home Office,United States,West,Washington,Office Supplies,Binders,332.2,6,0.0,117.1,44.57,Critical
ORD-2023-10477,2023-09-16,2023-09-21,Standard Class,CUST-0068,Elizabeth Miller,Home Office,United States,East,New Jersey,Furniture,Furnishings,458.77,4,0.1,30.4,22.65,Critical
ORD-2023-10478,2023-09-16,2023-09-20,Second Class,CUST-0188,Richard Gonzalez,Corporate,United States,Central,Illinois,Office Supplies,Appliances,536.13,2,0.2,-15.72,28.45,Medium
ORD-2023-10479,2023-09-17,2023-09-23,Standard Class,CUST-0084,David Taylor,Consumer,United States,East,Massachusetts,Office Supplies,Supplies,74.72,1,0.0,15.39,4.54,High
ORD-2023-10480,2023-09-18,2023-09-18,Same Day,CUST-0121,William Wilson,Home Office,United States,South,Florida,Office Supplies,Envelopes,120.86,5,0.3,-0.64,35.74,High
ORD-2023-10481,2023-09-18,2023-09-25,Standard Class,CUST-0125,Patricia Anderson,Consumer,United States,East,New York,Technology,Copiers,21003.9,8,0.1,6682.34,607.71,Medium
ORD-2023-10482,2023-09-18,2023-09-25,Standard Class,CUST-0267,Christopher Hernandez,Corporate,United States,West,California,Technology,Phones,1192.71,2,0.0,333.23,38.3,Medium
ORD-2023-10483,2023-09-19,2023-09-26,Standard Class,CUST-0194,Joseph Smith,Consumer,United States,East,New York,Office Supplies,Art,207.48,4,0.1,50.44,15.61,High
ORD-2023-10484,2023-09-19,2023-09-26,Standard Class,CUST-0426,Jennifer Gonzalez,Home Office,United States,Central,Indiana,Office Supplies,Binders,70.47,2,0.0,26.93,6.87,Medium
ORD-2023-10485,2023-09-20,2023-09-21,First Class,CUST-0068,Elizabeth Miller,Home Office,United States,South,North Carolina,Office Supplies,Appliances,882.35,3,0.2,15.77,59.53,High
ORD-2023-10486,2023-09-20,2023-09-27,Standard Class,CUST-0435,Sarah Taylor,Consumer,United States,East,New York,Furniture,Chairs,2108.09,5,0.1,109.9,71.28,High
ORD-2023-10487,2023-09-21,2023-09-27,Standard Class,CUST-0115,Joseph Garcia,Consumer,United States,East,New Jersey,Furniture,Tables,191.62,1,0.3,-76.53,7.82,Medium
ORD-2023-10488,2023-09-22,2023-09-28,Standard Class,CUST-0347,Nancy Johnson,Corporate,United States,West,Washington,Technology,Accessories,233.78,3,0.1,71.75,13.9,High
ORD-2023-10489,2023-09-22,2023-09-26,Second Class,CUST-0163,John Williams,Consumer,United States,Central,Illinois,Office Supplies,Supplies,30.72,1,0.15,2.96,4.73,Medium
ORD-2023-10490,2023-09-22,2023-09-25,Second Class,CUST-0076,James Johnson,Consumer,United States,South,Virginia,Office Supplies,Fasteners,6.38,2,0.7,-17.22,7.26,Medium
ORD-2023-10491,2023-09-23,2023-09-26,Second Class,CUST-0375,John Thompson,Corporate,United States,West,Arizona,Technology,Copiers,2933.9,3,0.0,1301.85,127.86,High
ORD-2023-10492,2023-09-23,2023-09-28,Standard Class,CUST-0150,Joseph Hernandez,Consumer,United States,South,Georgia,Technology,Copiers,1171.22,1,0.15,338.74,35.24,High
ORD-2023-10493,2023-09-24,2023-10-01,Standard Class,CUST-0306,Joseph Garcia,Home Office,United States,East,Massachusetts,Furniture,Tables,865.18,3,0.0,112.98,31.57,Medium
ORD-2023-10494,2023-09-25,2023-09-30,Standard Class,CUST-0269,John Martin,Home Office,United States,West,California,Office Supplies,Binders,15.88,2,0.2,1.72,5.34,Medium
ORD-2023-10495,2023-09-25,2023-09-26,First Class,CUST-0228,Nancy Williams,Corporate,United States,South,Florida,Technology,Accessories,537.43,4,0.1,126.14,46.15,High
ORD-2023-10496,2023-09-26,2023-09-30,Second Class,CUST-0236,David Taylor,Consumer,United States,East,New Jersey,Technology,Phones,747.16,1,0.4,-186.48,33.39,Critical
ORD-2023-10497,2023-09-26,2023-10-03,Standard Class,CUST-0330,Sarah Hernandez,Consumer,United States,East,Massachusetts,Technology,Copiers,5919.21,4,0.3,836.91,175.54,Low
ORD-2023-10498,2023-09-27,2023-10-02,Standard Class,CUST-0036,Patricia Jones,Corporate,United States,West,Arizona,Technology,Copiers,6299.93,3,0.0,2538.59,183.75,Medium
ORD-2023-10499,2023-09-27,2023-09-27,Same Day,CUST-0309,Barbara Lee,Consumer,United States,West,Washington,Office Supplies,Fasteners,81.74,9,0.0,13.59,55.63,Medium
ORD-2023-10500,2023-09-27,2023-09-30,Second Class,CUST-0398,Richard Perez,Consumer,United States,South,North Carolina,Office Supplies,Storage,426.96,7,0.1,45.76,41.58,Low
ORD-2023-10501,2023-09-27,2023-10-04,Standard Class,CUST-0026,Jessica Smith,Corporate,United States,Central,Illinois,Office Supplies,Supplies,172.23,2,0.1,-1.84,9.72,Medium
ORD-2023-10502,2023-09-30,2023-10-06,Standard Class,CUST-0075,Susan Thomas,Corporate,United States,South,Virginia,Office Supplies,Fasteners,10.46,1,0.0,-4.23,2.74,Medium
ORD-2023-10503,2023-09-30,2023-10-03,Second Class,CUST-0325,Richard Davis,Consumer,United States,West,Arizona,Furniture,Bookcases,1326.92,4,0.0,11.71,67.08,Medium
ORD-2023-10504,2023-10-01,2023-10-08,Standard Class,CUST-0208,Sarah Thompson,Home Office,United States,West,Nevada,Office Supplies,Binders,191.22,3,0.1,53.02,12.7,Medium
ORD-2023-10505,2023-10-02,2023-10-09,Standard Class,CUST-0188,Richard Gonzalez,Corporate,United States,West,Washington,Office Supplies,Fasteners,12.14,1,0.0,8.87,2.79,Medium
ORD-2023-10506,2023-10-03,2023-10-07,Second Class,CUST-0075,Susan Thomas,Corporate,United States,East,Massachusetts,Office Supplies,Paper,63.05,1,0.3,3.83,6.02,Medium
ORD-2023-10507,2023-10-04,2023-10-11,Standard Class,CUST-0242,Karen Jones,Consumer,United States,South,Virginia,Furniture,Chairs,379.23,3,0.2,-16.89,17.97,Low
ORD-2023-10508,2023-10-04,2023-10-10,Standard Class,CUST-0068,Elizabeth Miller,Home Office,United States,Central,Indiana,Office Supplies,Envelopes,205.95,7,0.2,40.7,22.92,High
ORD-2023-10509,2023-10-04,2023-10-10,Standard Class,CUST-0228,Nancy Williams,Corporate,United States,West,California,Office Supplies,Appliances,2562.21,7,0.0,489.33,88.89,Medium
ORD-2023-10510,2023-10-04,2023-10-10,Standard Class,CUST-0345,Karen Jackson,Corporate,United States,South,Virginia,Technology,Machines,1410.05,1,0.0,54.17,41.93,Medium
ORD-2023-10511,2023-10-04,2023-10-10,Standard Class,CUST-0122,Charles Martinez,Consumer,United States,Central,Wisconsin,Technology,Machines,2785.83,2,0.1,-126.09,82.9,High
ORD-2023-10512,2023-10-05,2023-10-12,Standard Class,CUST-0229,Jennifer Perez,Consumer,United States,West,Oregon,Office Supplies,Appliances,74.59,1,0.7,-128.23,4.54,Critical
ORD-2023-10513,2023-10-06,2023-10-13,Standard Class,CUST-0448,Elizabeth Martinez,Consumer,United States,Central,Texas,Office Supplies,Labels,97.03,2,0.0,37.85,7.62,Medium
ORD-2023-10514,2023-10-06,2023-10-09,Second Class,CUST-0312,Nancy Martin,Consumer,United States,West,Colorado,Furniture,Tables,1384.37,4,0.0,90.05,69.37,High
ORD-2023-10515,2023-10-07,2023-10-13,Standard Class,CUST-0372,John Moore,Consumer,United States,West,Nevada,Furniture,Chairs,689.22,5,0.0,78.75,31.55,Medium
ORD-2023-10516,2023-10-07,2023-10-07,Same Day,CUST-0199,David Davis,Consumer,United States,West,Arizona,Technology,Accessories,661.67,3,0.15,113.91,59.15,High
ORD-2023-10517,2023-10-08,2023-10-08,Same Day,CUST-0347,Nancy Johnson,Corporate,United States,East,Pennsylvania,Furniture,Bookcases,268.37,1,0.15,-31.78,22.78,Medium
ORD-2023-10518,2023-10-08,2023-10-14,Standard Class,CUST-0021,David Miller,Consumer,United States,East,Ohio,Office Supplies,Supplies,95.59,2,0.0,11.04,7.58,Medium
ORD-2023-10519,2023-10-09,2023-10-16,Standard Class,CUST-0063,Nancy Lopez,Corporate,United States,West,Colorado,Technology,Phones,7106.34,7,0.1,1246.7,216.13,High
ORD-2023-10520,2023-10-10,2023-10-17,Standard Class,CUST-0102,Mary Hernandez,Home Office,United States,West,Colorado,Furniture,Chairs,130.72,1,0.15,0.66,6.11,High
ORD-2023-10521,2023-10-10,2023-10-15,Standard Class,CUST-0188,Richard Gonzalez,Corporate,United States,Central,Indiana,Office Supplies,Supplies,69.94,2,0.1,-0.63,6.86,Medium
ORD-2023-10522,2023-10-11,2023-10-12,First Class,CUST-0373,Nancy Smith,Corporate,United States,South,Virginia,Technology,Copiers,5842.78,4,0.15,1621.82,322.02,Medium
ORD-2023-10523,2023-10-11,2023-10-16,Standard Class,CUST-0169,Robert Hernandez,Consumer,United States,Central,Michigan,Office Supplies,Labels,159.5,4,0.2,44.42,14.27,Medium
ORD-2023-10524,2023-10-12,2023-10-16,Second Class,CUST-0304,Barbara Martinez,Consumer,United States,West,California,Furniture,Bookcases,527.67,7,0.15,-83.01,45.61,High
ORD-2023-10525,2023-10-12,2023-10-15,Second Class,CUST-0319,Joseph Lee,Consumer,United States,West,Arizona,Office Supplies,Paper,144.39,2,0.1,56.44,12.78,Medium
ORD-2023-10526,2023-10-13,2023-10-16,Second Class,CUST-0286,Mary Johnson,Consumer,United States,West,California,Office Supplies,Supplies,166.08,3,0.3,-55.89,17.14,Critical
ORD-2023-10527,2023-10-13,2023-10-17,Second Class,CUST-0175,Linda Garcia,Corporate,United States,West,California,Furniture,Chairs,493.89,2,0.3,-109.21,26.76,Medium
ORD-2023-10528,2023-10-14,2023-10-14,Same Day,CUST-0278,Mary Wilson,Consumer,United States,East,Pennsylvania,Office Supplies,Art,129.12,7,0.0,28.45,47.46,Medium
ORD-2023-10529,2023-10-14,2023-10-20,Standard Class,CUST-0168,Christopher Lopez,Home Office,United States,Central,Texas,Office Supplies,Supplies,340.6,4,0.0,25.09,19.34,Medium
ORD-2023-10530,2023-10-14,2023-10-14,Same Day,CUST-0032,Mary Anderson,Consumer,United States,Central,Wisconsin,Office Supplies,Paper,72.26,5,0.2,0.64,32.62,Medium
ORD-2023-10531,2023-10-15,2023-10-15,Same Day,CUST-0448,Elizabeth Martinez,Consumer,United States,Central,Illinois,Furniture,Bookcases,343.57,1,0.0,3.18,27.59,Medium
ORD-2023-10532,2023-10-15,2023-10-20,Standard Class,CUST-0068,Elizabeth Miller,Home Office,United States,West,Oregon,Furniture,Bookcases,756.34,5,0.4,-502.27,33.43,Medium
ORD-2023-10533,2023-10-16,2023-10-21,Standard Class,CUST-0029,Nancy Jones,Corporate,United States,East,New York,Technology,Phones,1966.03,2,0.0,492.81,59.95,Medium
ORD-2023-10534,2023-10-16,2023-10-23,Standard Class,CUST-0386,Michael Jackson,Home Office,United States,Central,Texas,Technology,Machines,647.14,1,0.4,-404.87,20.57,Critical
ORD-2023-10535,2023-10-16,2023-10-23,Standard Class,CUST-0148,Daniel Brown,Corporate,United States,East,New York,Furniture,Chairs,130.66,1,0.1,3.08,6.11,Medium
ORD-2023-10536,2023-10-16,2023-10-23,Standard Class,CUST-0304,Barbara Martinez,Consumer,United States,West,Nevada,Technology,Accessories,279.62,4,0.2,33.18,17.63,Medium
ORD-2023-10537,2023-10-18,2023-10-25,Standard Class,CUST-0155,David Rodriguez,Consumer,United States,East,New Jersey,Office Supplies,Binders,186.55,2,0.0,68.09,10.12,Medium
ORD-2023-10538,2023-10-18,2023-10-25,Standard Class,CUST-0184,Jennifer Martinez,Home Office,United States,West,Oregon,Furniture,Furnishings,92.24,6,0.7,-164.4,17.28,High
ORD-2023-10539,2023-10-20,2023-10-25,Standard Class,CUST-0125,Patricia Anderson,Consumer,United States,West,Arizona,Office Supplies,Storage,664.02,4,0.0,168.15,28.39,Medium
ORD-2023-10540,2023-10-20,2023-10-21,First Class,CUST-0168,Christopher Lopez,Home Office,United States,South,Florida,Office Supplies,Art,30.59,1,0.0,10.69,6.14,Medium
ORD-2023-10541,2023-10-22,2023-10-28,Standard Class,CUST-0193,Jessica Martin,Consumer,United States,South,Virginia,Technology,Phones,4415.0,4,0.0,973.25,133.42,Medium
ORD-2023-10542,2023-10-22,2023-10-28,Standard Class,CUST-0326,Barbara Perez,Consumer,United States,West,Arizona,Furniture,Tables,289.21,1,0.4,-178.42,10.55,Medium
ORD-2023-10543,2023-10-23,2023-10-29,Standard Class,CUST-0246,Daniel Lee,Corporate,United States,West,Nevada,Office Supplies,Art,98.45,2,0.1,22.51,7.66,High
ORD-2023-10544,2023-10-23,2023-10-24,First Class,CUST-0424,David Garcia,Home Office,United States,Central,Wisconsin,Technology,Accessories,397.85,3,0.15,76.6,34.34,High
ORD-2023-10545,2023-10-23,2023-10-30,Standard Class,CUST-0022,William Garcia,Corporate,United States,West,Arizona,Technology,Machines,5683.32,6,0.15,-675.89,173.83,Low
ORD-2023-10546,2023-10-25,2023-10-25,Same Day,CUST-0242,Karen Jones,Consumer,United States,East,New Jersey,Office Supplies,Storage,192.71,2,0.3,-38.9,23.53,Medium
ORD-2023-10547,2023-10-27,2023-11-01,Standard Class,CUST-0282,Jessica Wilson,Consumer,United States,West,Colorado,Technology,Copiers,4066.75,5,0.15,1040.16,126.12,Medium
ORD-2023-10548,2023-10-29,2023-11-03,Standard Class,CUST-0413,Jennifer Miller,Corporate,United States,West,Washington,Office Supplies,Fasteners,29.13,5,0.1,3.07,13.07,Medium
ORD-2023-10549,2023-10-29,2023-11-04,Standard Class,CUST-0022,William Garcia,Corporate,United States,Central,Wisconsin,Office Supplies,Storage,396.27,2,0.15,30.91,16.0,Medium
ORD-2023-10550,2023-10-29,2023-11-05,Standard Class,CUST-0277,Jessica Smith,Consumer,United States,Central,Illinois,Furniture,Tables,579.6,3,0.2,-128.09,23.58,High
ORD-2023-10551,2023-10-29,2023-11-02,Second Class,CUST-0373,Nancy Smith,Corporate,United States,West,Colorado,Office Supplies,Fasteners,45.36,4,0.0,8.99,15.81,Low
ORD-2023-10552,2023-10-30,2023-11-05,Standard Class,CUST-0119,Sarah Moore,Consumer,United States,East,New Jersey,Furniture,Bookcases,163.95,1,0.0,7.66,7.04,Medium
ORD-2023-10553,2023-10-30,2023-11-04,Standard Class,CUST-0384,William Jackson,Corporate,United States,West,Colorado,Office Supplies,Binders,536.37,6,0.0,221.73,29.72,Medium
ORD-2023-10554,2023-10-30,2023-11-01,First Class,CUST-0007,Lisa Martinez,Consumer,United States,West,Washington,Office Supplies,Supplies,238.94,4,0.0,20.39,30.62,Medium
ORD-2023-10555,2023-10-31,2023-10-31,Same Day,CUST-0330,Sarah Hernandez,Consumer,United States,South,Virginia,Technology,Machines,952.85,1,0.1,-86.73,66.58,Critical
ORD-2023-10556,2023-11-01,2023-11-07,Standard Class,CUST-0419,Elizabeth Taylor,Consumer,United States,Central,Michigan,Furniture,Tables,4314.25,9,0.1,-247.68,142.85,High
ORD-2023-10557,2023-11-01,2023-11-04,Second Class,CUST-0305,Robert Moore,Consumer,United States,East,New York,Furniture,Furnishings,41.35,1,0.4,-23.03,5.15,Low
ORD-2023-10558,2023-11-01,2023-11-06,Standard Class,CUST-0208,Sarah Thompson,Home Office,United States,Central,Michigan,Technology,Copiers,10111.73,7,0.0,4061.0,300.28,High
ORD-2023-10559,2023-11-01,2023-11-08,Standard Class,CUST-0022,William Garcia,Corporate,United States,South,Tennessee,Office Supplies,Appliances,398.61,2,0.2,-10.77,16.06,High
ORD-2023-10560,2023-11-01,2023-11-03,First Class,CUST-0413,Jennifer Miller,Corporate,United States,Central,Wisconsin,Furniture,Chairs,1469.09,4,0.1,-2.6,94.59,Medium
ORD-2023-10561,2023-11-01,2023-11-02,First Class,CUST-0226,Richard Martin,Consumer,United States,West,Oregon,Furniture,Bookcases,521.49,2,0.0,5.87,36.22,Low
ORD-2023-10562,2023-11-01,2023-11-07,Standard Class,CUST-0018,William Rodriguez,Consumer,United States,West,Oregon,Technology,Accessories,176.9,4,0.1,48.82,14.75,High
ORD-2023-10563,2023-11-02,2023-11-07,Standard Class,CUST-0312,Nancy Martin,Consumer,United States,Central,Wisconsin,Furniture,Chairs,163.9,1,0.5,-121.26,7.04,Medium
ORD-2023-10564,2023-11-02,2023-11-07,Standard Class,CUST-0229,Jennifer Perez,Consumer,United States,East,Pennsylvania,Office Supplies,Storage,210.42,2,0.0,38.36,10.79,Medium
ORD-2023-10565,2023-11-02,2023-11-06,Second Class,CUST-0064,Jessica Jackson,Corporate,United States,South,Florida,Furniture,Furnishings,35.51,1,0.1,-2.67,4.92,Medium
ORD-2023-10566,2023-11-02,2023-11-07,Standard Class,CUST-0107,Barbara Smith,Consumer,United States,Central,Indiana,Office Supplies,Supplies,172.41,6,0.0,16.41,19.53,Medium
ORD-2023-10567,2023-11-02,2023-11-03,First Class,CUST-0029,Nancy Jones,Corporate,United States,South,North Carolina,Office Supplies,Supplies,155.04,2,0.0,8.37,17.16,Medium
ORD-2023-10568,2023-11-02,2023-11-03,First Class,CUST-0277,Jessica Smith,Consumer,United States,West,California,Technology,Machines,2576.09,4,0.1,-202.94,152.16,Low
ORD-2023-10569,2023-11-03,2023-11-08,Standard Class,CUST-0295,Daniel Martin,Corporate,United States,South,Virginia,Furniture,Chairs,799.06,5,0.2,-26.11,34.62,High
ORD-2023-10570,2023-11-03,2023-11-07,Second Class,CUST-0242,Karen Jones,Consumer,United States,East,New Jersey,Technology,Accessories,1327.92,7,0.15,272.01,77.62,High
ORD-2023-10571,2023-11-03,2023-11-07,Second Class,CUST-0361,Christopher Jackson,Consumer,United States,South,North Carolina,Technology,Machines,1297.96,1,0.1,-65.32,55.42,High
ORD-2023-10572,2023-11-03,2023-11-08,Standard Class,CUST-0375,John Thompson,Corporate,United States,West,Washington,Technology,Phones,922.44,6,0.3,-80.92,40.53,Medium
ORD-2023-10573,2023-11-03,2023-11-04,First Class,CUST-0293,James Taylor,Corporate,United States,East,Pennsylvania,Office Supplies,Envelopes,12.6,1,0.0,7.35,5.21,Medium
ORD-2023-10574,2023-11-03,2023-11-06,Second Class,CUST-0007,Lisa Martinez,Consumer,United States,Central,Illinois,Office Supplies,Appliances,1045.71,4,0.2,-5.1,55.83,Medium
ORD-2023-10575,2023-11-03,2023-11-10,Standard Class,CUST-0313,Joseph Miller,Consumer,United States,East,New York,Technology,Machines,4553.56,4,0.1,-300.55,137.3,Critical
ORD-2023-10576,2023-11-03,2023-11-08,Standard Class,CUST-0202,Jessica Wilson,Corporate,United States,East,Ohio,Technology,Machines,467.21,1,0.3,-192.93,15.53,Medium
ORD-2023-10577,2023-11-03,2023-11-08,Standard Class,CUST-0269,John Martin,Home Office,United States,South,Georgia,Technology,Phones,545.55,1,0.2,13.4,17.73,High
ORD-2023-10578,2023-11-03,2023-11-09,Standard Class,CUST-0304,Barbara Martinez,Consumer,United States,East,New York,Office Supplies,Paper,233.54,3,0.3,27.54,13.89,High
ORD-2023-10579,2023-11-03,2023-11-07,Second Class,CUST-0172,Susan Hernandez,Home Office,United States,Central,Wisconsin,Furniture,Tables,350.46,2,0.0,32.09,21.02,Medium
ORD-2023-10580,2023-11-03,2023-11-05,First Class,CUST-0410,Jessica Miller,Consumer,United States,West,Colorado,Furniture,Chairs,815.04,7,0.15,-5.25,74.23,Low
ORD-2023-10581,2023-11-03,2023-11-10,Standard Class,CUST-0073,Elizabeth Thompson,Home Office,United States,South,Virginia,Furniture,Bookcases,613.99,2,0.15,-43.01,22.09,Medium
ORD-2023-10582,2023-11-04,2023-11-08,Second Class,CUST-0309,Barbara Lee,Consumer,United States,Central,Illinois,Office Supplies,Fasteners,91.62,7,0.15,17.73,28.16,High
ORD-2023-10583,2023-11-04,2023-11-10,Standard Class,CUST-0005,Elizabeth Martinez,Corporate,United States,East,Ohio,Technology,Machines,2186.71,2,0.1,-12.52,66.13,High
ORD-2023-10584,2023-11-04,2023-11-09,Standard Class,CUST-0413,Jennifer Miller,Corporate,United States,West,Washington,Technology,Phones,6042.2,8,0.0,1286.41,188.78,Low
ORD-2023-10585,2023-11-04,2023-11-10,Standard Class,CUST-0052,Jennifer Thompson,Consumer,United States,East,New Jersey,Technology,Copiers,12279.28,4,0.0,5196.87,353.62,Low
ORD-2023-10586,2023-11-04,2023-11-05,First Class,CUST-0041,Charles Rodriguez,Home Office,United States,West,California,Furniture,Chairs,949.0,5,0.0,139.62,72.1,Medium
ORD-2023-10587,2023-11-04,2023-11-09,Standard Class,CUST-0158,Susan Johnson,Consumer,United States,West,Washington,Office Supplies,Art,33.43,1,0.3,-3.43,3.39,Medium
ORD-2023-10588,2023-11-05,2023-11-12,Standard Class,CUST-0177,Jessica Thomas,Corporate,United States,Central,Indiana,Technology,Phones,1774.95,3,0.2,96.02,57.05,Critical
ORD-2023-10589,2023-11-05,2023-11-08,Second Class,CUST-0107,Barbara Smith,Consumer,United States,West,Oregon,Technology,Phones,1038.55,1,0.0,225.28,45.04,Medium
ORD-2023-10590,2023-11-06,2023-11-12,Standard Class,CUST-0285,Charles Davis,Home Office,United States,West,Washington,Office Supplies,Appliances,365.95,2,0.4,-145.24,15.15,Medium
ORD-2023-10591,2023-11-06,2023-11-12,Standard Class,CUST-0208,Sarah Thompson,Home Office,United States,Central,Michigan,Technology,Accessories,813.73,3,0.0,266.59,30.13,High
ORD-2023-10592,2023-11-06,2023-11-12,Standard Class,CUST-0018,William Rodriguez,Consumer,United States,West,Colorado,Technology,Copiers,15858.07,4,0.0,6572.51,453.83,High
ORD-2023-10593,2023-11-07,2023-11-12,Standard Class,CUST-0154,John Johnson,Corporate,United States,West,California,Office Supplies,Appliances,276.3,1,0.0,53.01,10.19,High
ORD-2023-10594,2023-11-07,2023-11-14,Standard Class,CUST-0361,Christopher Jackson,Consumer,United States,West,Arizona,Office Supplies,Storage,372.94,3,0.3,-46.5,17.79,High
ORD-2023-10595,2023-11-07,2023-11-14,Standard Class,CUST-0312,Nancy Martin,Consumer,United States,East,New York,Furniture,Furnishings,292.74,3,0.15,6.69,15.55,High
ORD-2023-10596,2023-11-07,2023-11-13,Standard Class,CUST-0328,James Thomas,Consumer,United States,Central,Texas,Office Supplies,Labels,38.98,1,0.0,17.66,3.54,High
ORD-2023-10597,2023-11-07,2023-11-14,Standard Class,CUST-0315,Elizabeth Thomas,Home Office,United States,Central,Michigan,Office Supplies,Fasteners,72.61,3,0.15,23.19,9.38,Low
ORD-2023-10598,2023-11-07,2023-11-13,Standard Class,CUST-0151,Susan Garcia,Home Office,United States,West,Oregon,Technology,Accessories,209.76,4,0.0,68.35,15.67,Medium
ORD-2023-10599,2023-11-08,2023-11-08,Same Day,CUST-0045,William Anderson,Consumer,United States,West,Nevada,Office Supplies,Art,35.17,1,0.0,16.92,7.85,Medium
ORD-2023-10600,2023-11-08,2023-11-12,Second Class,CUST-0132,Lisa Perez,Consumer,United States,West,California,Furniture,Chairs,1881.48,4,0.0,226.36,89.26,Medium
ORD-2023-10601,2023-11-08,2023-11-13,Standard Class,CUST-0368,Patricia Martinez,Consumer,United States,East,New York,Office Supplies,Storage,835.12,3,0.0,127.76,30.73,Critical
ORD-2023-10602,2023-11-08,2023-11-09,First Class,CUST-0441,William Taylor,Corporate,United States,South,Georgia,Office Supplies,Appliances,986.3,5,0.3,-190.82,74.04,Medium
ORD-2023-10603,2023-11-08,2023-11-14,Standard Class,CUST-0234,Thomas Miller,Corporate,United States,West,Oregon,Furniture,Bookcases,96.53,1,0.15,-14.79,5.15,High
ORD-2023-10604,2023-11-08,2023-11-14,Standard Class,CUST-0006,Charles Smith,Corporate,United States,West,Washington,Furniture,Furnishings,422.91,5,0.0,97.47,24.09,Medium
ORD-2023-10605,2023-11-08,2023-11-15,Standard Class,CUST-0075,Susan Thomas,Corporate,United States,West,Washington,Technology,Phones,796.81,1,0.0,165.91,24.76,Low
ORD-2023-10606,2023-11-08,2023-11-13,Standard Class,CUST-0154,John Johnson,Corporate,United States,Central,Michigan,Technology,Copiers,3673.83,2,0.0,1427.2,107.77,Low
ORD-2023-10607,2023-11-08,2023-11-09,First Class,CUST-0279,Susan Smith,Consumer,United States,Central,Texas,Furniture,Bookcases,188.77,1,0.0,5.27,14.37,High
ORD-2023-10608,2023-11-09,2023-11-14,Standard Class,CUST-0029,Nancy Jones,Corporate,United States,Central,Michigan,Office Supplies,Storage,525.22,6,0.1,87.88,29.41,Medium
ORD-2023-10609,2023-11-09,2023-11-15,Standard Class,CUST-0424,David Garcia,Home Office,United States,South,Georgia,Furniture,Bookcases,1223.54,4,0.0,121.75,44.06,Medium
ORD-2023-10610,2023-11-09,2023-11-12,Second Class,CUST-0176,Joseph Lopez,Consumer,United States,East,Ohio,Furniture,Chairs,208.78,1,0.15,8.6,11.85,Medium
ORD-2023-10611,2023-11-10,2023-11-16,Standard Class,CUST-0407,Daniel Wilson,Consumer,United States,West,Washington,Office Supplies,Labels,52.51,1,0.0,22.4,3.92,Medium
ORD-2023-10612,2023-11-10,2023-11-13,Second Class,CUST-0348,Joseph Wilson,Corporate,United States,West,Washington,Office Supplies,Storage,345.43,2,0.0,76.98,20.82,Medium
ORD-2023-10613,2023-11-10,2023-11-15,Standard Class,CUST-0339,John Smith,Consumer,United States,Central,Wisconsin,Office Supplies,Art,31.81,1,0.4,-10.31,3.34,Medium
ORD-2023-10614,2023-11-10,2023-11-13,Second Class,CUST-0291,Christopher Martinez,Consumer,United States,Central,Illinois,Technology,Machines,4650.62,3,0.0,103.81,196.52,Medium
ORD-2023-10615,2023-11-10,2023-11-17,Standard Class,CUST-0298,Lisa Gonzalez,Corporate,United States,East,Massachusetts,Office Supplies,Storage,920.25,4,0.0,197.85,35.57,High
ORD-2023-10616,2023-11-10,2023-11-13,Second Class,CUST-0302,William Martin,Consumer,United States,Central,Indiana,Office Supplies,Appliances,1885.52,8,0.0,400.7,103.42,Critical
ORD-2023-10617,2023-11-10,2023-11-15,Standard Class,CUST-0299,Lisa Hernandez,Consumer,United States,Central,Wisconsin,Technology,Accessories,1044.29,8,0.0,355.07,48.84,Medium
ORD-2023-10618,2023-11-11,2023-11-13,First Class,CUST-0267,Christopher Hernandez,Corporate,United States,South,Florida,Furniture,Chairs,1636.31,4,0.0,271.79,103.29,Low
ORD-2023-10619,2023-11-11,2023-11-12,First Class,CUST-0443,Thomas Anderson,Consumer,United States,East,Pennsylvania,Office Supplies,Envelopes,10.59,1,0.0,9.77,5.1,Medium
ORD-2023-10620,2023-11-11,2023-11-13,First Class,CUST-0330,Sarah Hernandez,Consumer,United States,Central,Illinois,Furniture,Chairs,361.39,2,0.3,-82.27,27.89,Medium
ORD-2023-10621,2023-11-12,2023-11-17,Standard Class,CUST-0347,Nancy Johnson,Corporate,United States,West,Arizona,Furniture,Chairs,799.26,3,0.2,-68.43,29.73,Medium
ORD-2023-10622,2023-11-12,2023-11-19,Standard Class,CUST-0382,Elizabeth Garcia,Consumer,United States,Central,Texas,Technology,Machines,1519.66,3,0.15,-138.17,49.9,Low
ORD-2023-10623,2023-11-13,2023-11-18,Standard Class,CUST-0108,Christopher Davis,Consumer,United States,South,Florida,Furniture,Chairs,711.99,3,0.1,40.77,27.29,Medium
ORD-2023-10624,2023-11-13,2023-11-17,Second Class,CUST-0032,Mary Anderson,Consumer,United States,East,New Jersey,Furniture,Chairs,2096.55,8,0.1,162.46,111.86,Low
ORD-2023-10625,2023-11-13,2023-11-19,Standard Class,CUST-0229,Jennifer Perez,Consumer,United States,Central,Michigan,Technology,Accessories,1585.89,6,0.0,585.7,59.11,Medium
ORD-2023-10626,2023-11-13,2023-11-16,Second Class,CUST-0246,Daniel Lee,Corporate,United States,Central,Michigan,Furniture,Tables,290.72,1,0.0,3.49,15.13,Critical
ORD-2023-10627,2023-11-14,2023-11-20,Standard Class,CUST-0368,Patricia Martinez,Consumer,United States,West,Arizona,Technology,Machines,2080.75,2,0.0,141.62,63.16,Medium
ORD-2023-10628,2023-11-14,2023-11-21,Standard Class,CUST-0209,Susan Smith,Home Office,United States,East,Pennsylvania,Office Supplies,Appliances,1610.57,5,0.1,232.97,57.35,High
ORD-2023-10629,2023-11-14,2023-11-19,Standard Class,CUST-0272,Linda Jones,Consumer,United States,West,Washington,Office Supplies,Envelopes,245.04,5,0.0,94.97,19.11,Low
ORD-2023-10630,2023-11-14,2023-11-18,Second Class,CUST-0253,Richard Davis,Consumer,United States,South,North Carolina,Furniture,Chairs,335.45,2,0.0,46.03,20.42,Low
ORD-2023-10631,2023-11-14,2023-11-21,Standard Class,CUST-0018,William Rodriguez,Consumer,United States,Central,Illinois,Furniture,Tables,1446.2,4,0.0,12.18,50.29,Critical
ORD-2023-10632,2023-11-14,2023-11-16,First Class,CUST-0293,James Taylor,Corporate,United States,West,Washington,Furniture,Furnishings,551.87,4,0.0,70.0,46.9,Medium
ORD-2023-10633,2023-11-14,2023-11-20,Standard Class,CUST-0367,Barbara Gonzalez,Corporate,United States,West,Nevada,Technology,Machines,863.0,3,0.0,74.9,31.51,High
ORD-2023-10634,2023-11-14,2023-11-15,First Class,CUST-0081,Jessica Anderson,Consumer,United States,East,New Jersey,Office Supplies,Binders,97.77,1,0.0,27.85,9.63,Critical
ORD-2023-10635,2023-11-15,2023-11-22,Standard Class,CUST-0288,Daniel Taylor,Corporate,United States,East,Pennsylvania,Technology,Machines,6492.85,6,0.0,116.74,196.5,Medium
ORD-2023-10636,2023-11-16,2023-11-23,Standard Class,CUST-0288,Daniel Taylor,Corporate,United States,West,Washington,Technology,Copiers,10645.05,4,0.0,3692.18,307.86,High
ORD-2023-10637,2023-11-16,2023-11-22,Standard Class,CUST-0083,Jessica Gonzalez,Consumer,United States,East,Massachusetts,Furniture,Tables,594.89,1,0.0,-0.28,19.11,Medium
ORD-2023-10638,2023-11-16,2023-11-21,Standard Class,CUST-0063,Nancy Lopez,Corporate,United States,East,Ohio,Office Supplies,Binders,162.63,4,0.0,53.58,14.35,Medium
ORD-2023-10639,2023-11-16,2023-11-18,First Class,CUST-0441,William Taylor,Corporate,United States,West,Oregon,Furniture,Chairs,641.34,4,0.0,94.92,51.55,High
ORD-2023-10640,2023-11-16,2023-11-23,Standard Class,CUST-0184,Jennifer Martinez,Home Office,United States,Central,Wisconsin,Technology,Accessories,1281.47,6,0.15,283.35,50.58,Medium
ORD-2023-10641,2023-11-16,2023-11-17,First Class,CUST-0114,Sarah Jackson,Corporate,United States,South,Virginia,Office Supplies,Paper,35.03,1,0.0,29.43,6.37,Medium
ORD-2023-10642,2023-11-16,2023-11-22,Standard Class,CUST-0084,David Taylor,Consumer,United States,Central,Wisconsin,Furniture,Tables,3080.81,9,0.0,17.73,108.31,Medium
ORD-2023-10643,2023-11-16,2023-11-19,Second Class,CUST-0309,Barbara Lee,Consumer,United States,South,North Carolina,Technology,Machines,562.1,1,0.0,-7.0,25.98,High
ORD-2023-10644,2023-11-17,2023-11-22,Standard Class,CUST-0292,James Brown,Corporate,United States,West,Washington,Furniture,Tables,1430.92,3,0.0,-64.21,47.42,High
ORD-2023-10645,2023-11-17,2023-11-23,Standard Class,CUST-0302,William Martin,Consumer,United States,West,Arizona,Technology,Phones,3393.72,4,0.0,767.7,104.82,Medium
ORD-2023-10646,2023-11-17,2023-11-23,Standard Class,CUST-0036,Patricia Jones,Corporate,United States,West,Oregon,Furniture,Tables,427.78,2,0.5,-387.49,16.88,Low
ORD-2023-10647,2023-11-17,2023-11-22,Standard Class,CUST-0395,Michael Anderson,Corporate,United States,Central,Indiana,Office Supplies,Binders,157.55,3,0.2,27.94,11.76,Medium
ORD-2023-10648,2023-11-17,2023-11-18,First Class,CUST-0182,Barbara Rodriguez,Consumer,United States,South,Tennessee,Office Supplies,Appliances,475.16,6,0.0,63.88,52.01,High
ORD-2023-10649,2023-11-17,2023-11-21,Second Class,CUST-0151,Susan Garcia,Home Office,United States,Central,Indiana,Technology,Accessories,620.2,3,0.1,163.83,35.31,Medium
ORD-2023-10650,2023-11-17,2023-11-23,Standard Class,CUST-0220,James Davis,Corporate,United States,South,Virginia,Technology,Phones,3112.88,3,0.0,866.39,94.51,Medium
ORD-2023-10651,2023-11-17,2023-11-23,Standard Class,CUST-0182,Barbara Rodriguez,Consumer,United States,Central,Illinois,Technology,Phones,515.72,1,0.0,129.98,16.89,High
ORD-2023-10652,2023-11-17,2023-11-22,Standard Class,CUST-0380,Charles White,Corporate,United States,East,Ohio,Technology,Copiers,1230.12,1,0.15,390.24,36.89,High
ORD-2023-10653,2023-11-17,2023-11-19,First Class,CUST-0414,Joseph Smith,Consumer,United States,East,Massachusetts,Technology,Copiers,2870.28,1,0.0,1006.2,153.8,High
ORD-2023-10654,2023-11-17,2023-11-20,Second Class,CUST-0148,Daniel Brown,Corporate,United States,West,Arizona,Technology,Phones,5152.1,8,0.0,1066.32,234.08,Critical
ORD-2023-10655,2023-11-18,2023-11-20,First Class,CUST-0380,Charles White,Corporate,United States,West,Arizona,Technology,Machines,2334.24,4,0.15,-209.46,139.58,Medium
ORD-2023-10656,2023-11-18,2023-11-24,Standard Class,CUST-0348,Joseph Wilson,Corporate,United States,Central,Indiana,Furniture,Tables,1331.91,8,0.1,-73.87,56.89,High
ORD-2023-10657,2023-11-18,2023-11-22,Second Class,CUST-0414,Joseph Smith,Consumer,United States,East,New Jersey,Furniture,Bookcases,184.16,1,0.5,-158.71,10.87,Medium
ORD-2023-10658,2023-11-18,2023-11-23,Standard Class,CUST-0120,Elizabeth Johnson,Consumer,United States,East,New Jersey,Technology,Copiers,8728.67,4,0.2,1936.92,254.2,Critical
ORD-2023-10659,2023-11-18,2023-11-24,Standard Class,CUST-0278,Mary Wilson,Consumer,United States,East,New Jersey,Furniture,Furnishings,89.31,1,0.2,3.02,4.95,High
ORD-2023-10660,2023-11-18,2023-11-22,Second Class,CUST-0133,Charles Martinez,Consumer,United States,West,Colorado,Technology,Machines,4789.9,5,0.0,80.54,209.1,Medium
ORD-2023-10661,2023-11-19,2023-11-26,Standard Class,CUST-0364,Sarah Lopez,Corporate,United States,East,Massachusetts,Office Supplies,Paper,152.42,2,0.0,61.43,9.17,High
ORD-2023-10662,2023-11-19,2023-11-24,Standard Class,CUST-0005,Elizabeth Martinez,Corporate,United States,East,Pennsylvania,Furniture,Bookcases,118.69,1,0.15,-2.64,5.77,Low
ORD-2023-10663,2023-11-20,2023-11-25,Standard Class,CUST-0269,John Martin,Home Office,United States,East,New York,Technology,Machines,787.5,3,0.7,-1705.67,29.4,Medium
ORD-2023-10664,2023-11-20,2023-11-25,Standard Class,CUST-0164,Barbara Perez,Consumer,United States,South,Virginia,Technology,Phones,2088.9,2,0.0,429.49,63.39,Medium
ORD-2023-10665,2023-11-20,2023-11-27,Standard Class,CUST-0154,John Johnson,Corporate,United States,East,New Jersey,Technology,Phones,2222.76,4,0.5,-1123.7,72.04,High
ORD-2023-10666,2023-11-20,2023-11-26,Standard Class,CUST-0302,William Martin,Consumer,United States,Central,Illinois,Office Supplies,Appliances,1168.15,4,0.0,245.93,42.51,Medium
ORD-2023-10667,2023-11-20,2023-11-24,Second Class,CUST-0373,Nancy Smith,Corporate,United States,South,Virginia,Office Supplies,Art,172.79,4,0.0,39.94,20.91,High
ORD-2023-10668,2023-11-20,2023-11-26,Standard Class,CUST-0292,James Brown,Corporate,United States,South,Georgia,Technology,Accessories,717.82,10,0.0,263.17,44.6,Medium
ORD-2023-10669,2023-11-21,2023-11-26,Standard Class,CUST-0373,Nancy Smith,Corporate,United States,South,Tennessee,Office Supplies,Appliances,645.06,2,0.1,70.04,22.96,Critical
ORD-2023-10670,2023-11-21,2023-11-28,Standard Class,CUST-0125,Patricia Anderson,Consumer,United States,West,California,Technology,Machines,1984.29,2,0.2,-348.88,60.46,High
ORD-2023-10671,2023-11-21,2023-11-27,Standard Class,CUST-0246,Daniel Lee,Corporate,United States,West,Oregon,Technology,Accessories,679.07,5,0.0,233.76,31.26,Low
ORD-2023-10672,2023-11-21,2023-11-28,Standard Class,CUST-0211,Michael Anderson,Consumer,United States,West,California,Technology,Copiers,6471.66,3,0.3,1159.2,188.56,Medium
ORD-2023-10673,2023-11-22,2023-11-28,Standard Class,CUST-0007,Lisa Martinez,Consumer,United States,West,Washington,Office Supplies,Binders,23.01,1,0.1,6.72,3.09,Medium
ORD-2023-10674,2023-11-22,2023-11-26,Second Class,CUST-0267,Christopher Hernandez,Corporate,United States,South,North Carolina,Furniture,Chairs,1736.77,5,0.1,117.43,86.97,Medium
ORD-2023-10675,2023-11-22,2023-11-28,Standard Class,CUST-0306,Joseph Garcia,Home Office,United States,Central,Wisconsin,Office Supplies,Binders,46.37,1,0.2,9.65,3.75,Medium
ORD-2023-10676,2023-11-22,2023-11-28,Standard Class,CUST-0286,Mary Johnson,Consumer,United States,West,Nevada,Furniture,Chairs,172.58,1,0.0,20.14,7.28,Low
ORD-2023-10677,2023-11-22,2023-11-24,First Class,CUST-0332,Sarah Davis,Corporate,United States,West,California,Technology,Machines,1253.17,1,0.2,-236.91,69.72,Critical
ORD-2023-10678,2023-11-23,2023-11-30,Standard Class,CUST-0274,John Jackson,Consumer,United States,West,Oregon,Office Supplies,Art,18.38,1,0.0,11.17,2.96,High
ORD-2023-10679,2023-11-23,2023-11-28,Standard Class,CUST-0029,Nancy Jones,Corporate,United States,Central,Illinois,Office Supplies,Storage,93.36,1,0.0,21.49,5.06,High
ORD-2023-10680,2023-11-23,2023-11-24,First Class,CUST-0056,Robert Johnson,Consumer,United States,Central,Wisconsin,Office Supplies,Fasteners,25.69,1,0.1,6.7,5.89,Low
ORD-2023-10681,2023-11-24,2023-11-29,Standard Class,CUST-0290,Patricia Wilson,Corporate,United States,South,Florida,Office Supplies,Envelopes,69.7,2,0.3,-6.05,6.85,Critical
ORD-2023-10682,2023-11-24,2023-11-26,First Class,CUST-0133,Charles Martinez,Consumer,United States,South,North Carolina,Technology,Copiers,4011.85,2,0.1,1236.4,217.72,High
ORD-2023-10683,2023-11-24,2023-11-30,Standard Class,CUST-0031,Linda Smith,Corporate,United States,West,Washington,Technology,Accessories,164.31,1,0.15,30.22,7.05,Medium
ORD-2023-10684,2023-11-24,2023-12-01,Standard Class,CUST-0204,Thomas Hernandez,Home Office,United States,West,Colorado,Technology,Phones,3337.79,4,0.2,125.61,103.26,Medium
ORD-2023-10685,2023-11-25,2023-11-28,Second Class,CUST-0267,Christopher Hernandez,Corporate,United States,West,Oregon,Furniture,Tables,680.16,1,0.0,14.3,30.71,High
ORD-2023-10686,2023-11-25,2023-11-27,First Class,CUST-0155,David Rodriguez,Consumer,United States,East,New York,Office Supplies,Storage,139.32,1,0.2,-7.3,11.79,Critical
ORD-2023-10687,2023-11-25,2023-12-01,Standard Class,CUST-0326,Barbara Perez,Consumer,United States,South,Tennessee,Office Supplies,Storage,303.96,2,0.0,53.02,13.41,Medium
ORD-2023-10688,2023-11-26,2023-11-30,Second Class,CUST-0302,William Martin,Consumer,United States,East,New Jersey,Office Supplies,Supplies,148.05,2,0.0,15.99,12.92,Medium
ORD-2023-10689,2023-11-26,2023-11-29,Second Class,CUST-0157,Karen Anderson,Consumer,United States,Central,Indiana,Technology,Copiers,2578.01,2,0.0,975.89,110.12,High
ORD-2023-10690,2023-11-26,2023-11-29,Second Class,CUST-0339,John Smith,Consumer,United States,East,Ohio,Office Supplies,Art,137.04,2,0.0,30.97,12.48,High
ORD-2023-10691,2023-11-26,2023-11-29,Second Class,CUST-0303,James Taylor,Home Office,United States,West,California,Office Supplies,Labels,144.41,4,0.0,59.78,19.78,High
ORD-2023-10692,2023-11-26,2023-12-03,Standard Class,CUST-0301,Elizabeth Rodriguez,Corporate,United States,West,Colorado,Furniture,Furnishings,322.6,3,0.0,60.83,16.38,Medium
ORD-2023-10693,2023-11-26,2023-12-02,Standard Class,CUST-0267,Christopher Hernandez,Corporate,United States,East,Ohio,Furniture,Chairs,1214.71,7,0.0,150.75,51.16,High
ORD-2023-10694,2023-11-27,2023-12-04,Standard Class,CUST-0007,Lisa Martinez,Consumer,United States,Central,Illinois,Office Supplies,Binders,256.34,3,0.15,72.51,14.53,High
ORD-2023-10695,2023-11-27,2023-12-03,Standard Class,CUST-0315,Elizabeth Thomas,Home Office,United States,West,Oregon,Furniture,Tables,550.46,3,0.1,-35.26,22.76,Medium
ORD-2023-10696,2023-11-27,2023-11-29,First Class,CUST-0179,Karen Brown,Corporate,United States,Central,Texas,Office Supplies,Supplies,48.62,1,0.15,-3.48,7.08,Low
ORD-2023-10697,2023-11-27,2023-12-03,Standard Class,CUST-0424,David Garcia,Home Office,United States,Central,Illinois,Furniture,Tables,2442.54,4,0.0,94.98,78.19,High
ORD-2023-10698,2023-11-27,2023-12-01,Second Class,CUST-0363,Susan White,Home Office,United States,East,New Jersey,Technology,Copiers,1726.2,1,0.2,426.99,72.55,Critical
ORD-2023-10699,2023-11-27,2023-12-02,Standard Class,CUST-0286,Mary Johnson,Consumer,United States,Central,Indiana,Furniture,Tables,1504.54,3,0.0,-19.98,49.48,Medium
ORD-2023-10700,2023-11-27,2023-11-29,First Class,CUST-0120,Elizabeth Johnson,Consumer,United States,East,Pennsylvania,Technology,Accessories,157.45,2,0.1,43.06,17.29,High
ORD-2023-10701,2023-11-28,2023-12-03,Standard Class,CUST-0102,Mary Hernandez,Home Office,United States,Central,Illinois,Furniture,Furnishings,271.23,4,0.0,61.88,17.39,High
ORD-2023-10702,2023-11-28,2023-12-03,Standard Class,CUST-0164,Barbara Perez,Consumer,United States,Central,Texas,Technology,Phones,7511.61,7,0.1,540.53,227.48,Medium
ORD-2023-10703,2023-11-28,2023-11-30,First Class,CUST-0228,Nancy Williams,Corporate,United States,South,North Carolina,Office Supplies,Labels,164.92,8,0.0,78.76,44.98,Medium
ORD-2023-10704,2023-11-28,2023-12-04,Standard Class,CUST-0143,Jessica Johnson,Corporate,United States,East,Pennsylvania,Office Supplies,Paper,19.08,1,0.2,7.04,2.98,Medium
ORD-2023-10705,2023-11-28,2023-12-05,Standard Class,CUST-0246,Daniel Lee,Corporate,United States,East,Massachusetts,Technology,Machines,454.21,2,0.3,-190.6,17.62,Medium
ORD-2023-10706,2023-11-30,2023-12-03,Second Class,CUST-0083,Jessica Gonzalez,Consumer,United States,West,Nevada,Technology,Phones,4165.18,5,0.15,224.67,184.11,Medium
ORD-2023-10707,2023-11-30,2023-12-02,First Class,CUST-0439,Jennifer Gonzalez,Consumer,United States,West,Oregon,Furniture,Chairs,1393.36,3,0.0,231.23,86.1,High
ORD-2023-10708,2023-11-30,2023-12-03,Second Class,CUST-0048,Nancy Rodriguez,Consumer,United States,Central,Illinois,Office Supplies,Labels,58.36,2,0.0,25.65,9.33,Medium
ORD-2023-10709,2023-12-01,2023-12-06,Standard Class,CUST-0416,James Hernandez,Corporate,United States,South,Florida,Technology,Machines,4259.11,4,0.3,-1747.83,129.06,Critical
ORD-2023-10710,2023-12-01,2023-12-08,Standard Class,CUST-0409,Lisa Wilson,Corporate,United States,East,New York,Technology,Phones,2074.26,3,0.0,561.95,65.43,High
ORD-2023-10711,2023-12-01,2023-12-03,First Class,CUST-0251,James Moore,Consumer,United States,West,California,Furniture,Tables,3537.9,9,0.4,-2002.23,224.92,Medium
ORD-2023-10712,2023-12-02,2023-12-02,Same Day,CUST-0328,James Thomas,Consumer,United States,West,Arizona,Office Supplies,Storage,355.9,3,0.0,64.56,39.58,Medium
ORD-2023-10713,2023-12-02,2023-12-04,First Class,CUST-0208,Sarah Thompson,Home Office,United States,East,Massachusetts,Technology,Accessories,80.34,2,0.4,-17.05,13.28,Low
ORD-2023-10714,2023-12-02,2023-12-06,Second Class,CUST-0299,Lisa Hernandez,Consumer,United States,West,California,Office Supplies,Labels,55.89,3,0.4,-10.52,12.74,Low
ORD-2023-10715,2023-12-02,2023-12-04,First Class,CUST-0164,Barbara Perez,Consumer,United States,West,Colorado,Office Supplies,Supplies,135.26,5,0.15,-11.21,29.78,Medium
ORD-2023-10716,2023-12-02,2023-12-07,Standard Class,CUST-0148,Daniel Brown,Corporate,United States,Central,Texas,Technology,Phones,3434.89,3,0.0,851.28,103.53,High
ORD-2023-10717,2023-12-02,2023-12-09,Standard Class,CUST-0279,Susan Smith,Consumer,United States,West,Washington,Furniture,Tables,1915.83,3,0.0,124.48,60.99,Low
ORD-2023-10718,2023-12-02,2023-12-06,Second Class,CUST-0238,Charles White,Corporate,United States,East,Ohio,Technology,Copiers,20307.25,9,0.3,2374.16,843.79,Low
ORD-2023-10719,2023-12-02,2023-12-02,Same Day,CUST-0279,Susan Smith,Consumer,United States,Central,Michigan,Technology,Copiers,3740.37,3,0.3,385.75,256.18,Medium
ORD-2023-10720,2023-12-02,2023-12-06,Second Class,CUST-0136,Richard Johnson,Consumer,United States,West,Oregon,Technology,Phones,590.48,2,0.0,134.16,30.62,High
ORD-2023-10721,2023-12-02,2023-12-04,First Class,CUST-0176,Joseph Lopez,Consumer,United States,Central,Michigan,Furniture,Chairs,1484.31,4,0.0,180.29,95.38,High
ORD-2023-10722,2023-12-03,2023-12-05,First Class,CUST-0032,Mary Anderson,Consumer,United States,Central,Wisconsin,Office Supplies,Art,57.34,4,0.2,-6.53,21.18,Medium
ORD-2023-10723,2023-12-03,2023-12-10,Standard Class,CUST-0023,Charles Thomas,Home Office,United States,Central,Michigan,Furniture,Chairs,186.69,1,0.1,2.5,7.68,Critical
ORD-2023-10724,2023-12-03,2023-12-09,Standard Class,CUST-0120,Elizabeth Johnson,Consumer,United States,East,Massachusetts,Technology,Phones,912.07,2,0.2,24.23,30.44,Medium
ORD-2023-10725,2023-12-04,2023-12-10,Standard Class,CUST-0029,Nancy Jones,Corporate,United States,East,New York,Technology,Phones,1902.5,4,0.2,-55.6,63.07,Medium
ORD-2023-10726,2023-12-04,2023-12-10,Standard Class,CUST-0046,Joseph Williams,Home Office,United States,South,North Carolina,Furniture,Chairs,1052.79,3,0.3,-260.03,36.83,Medium
ORD-2023-10727,2023-12-04,2023-12-10,Standard Class,CUST-0361,Christopher Jackson,Consumer,United States,Central,Illinois,Technology,Accessories,660.44,5,0.0,202.28,30.74,Medium
ORD-2023-10728,2023-12-04,2023-12-11,Standard Class,CUST-0019,Nancy Moore,Consumer,United States,East,New York,Technology,Machines,2275.42,2,0.0,50.79,68.61,Medium
ORD-2023-10729,2023-12-04,2023-12-07,Second Class,CUST-0306,Joseph Garcia,Home Office,United States,West,Oregon,Furniture,Furnishings,293.22,9,0.0,52.49,43.23,Low
ORD-2023-10730,2023-12-04,2023-12-05,First Class,CUST-0132,Lisa Perez,Consumer,United States,West,Washington,Office Supplies,Paper,108.99,2,0.4,-2.89,14.77,Medium
ORD-2023-10731,2023-12-04,2023-12-11,Standard Class,CUST-0381,Joseph Miller,Home Office,United States,West,Nevada,Technology,Machines,939.78,1,0.1,26.39,28.76,Medium
ORD-2023-10732,2023-12-04,2023-12-10,Standard Class,CUST-0229,Jennifer Perez,Consumer,United States,East,Pennsylvania,Office Supplies,Storage,420.14,2,0.0,95.67,16.66,Medium
ORD-2023-10733,2023-12-04,2023-12-08,Second Class,CUST-0148,Daniel Brown,Corporate,United States,West,Oregon,Technology,Accessories,610.36,3,0.0,189.35,34.91,Medium
ORD-2023-10734,2023-12-04,2023-12-06,First Class,CUST-0246,Daniel Lee,Corporate,United States,East,Massachusetts,Furniture,Furnishings,90.54,2,0.0,8.78,13.81,High
ORD-2023-10735,2023-12-04,2023-12-07,Second Class,CUST-0181,William Brown,Consumer,United States,Central,Texas,Furniture,Bookcases,84.47,1,0.2,-20.17,6.88,High
ORD-2023-10736,2023-12-04,2023-12-10,Standard Class,CUST-0269,John Martin,Home Office,United States,West,Oregon,Office Supplies,Appliances,1317.91,4,0.15,118.86,46.7,Low
ORD-2023-10737,2023-12-05,2023-12-08,Second Class,CUST-0052,Jennifer Thompson,Consumer,United States,Central,Illinois,Furniture,Bookcases,447.75,2,0.15,-76.77,24.91,High
ORD-2023-10738,2023-12-05,2023-12-06,First Class,CUST-0448,Elizabeth Martinez,Consumer,United States,Central,Wisconsin,Furniture,Tables,657.66,3,0.0,21.71,47.85,Medium
ORD-2023-10739,2023-12-05,2023-12-10,Standard Class,CUST-0204,Thomas Hernandez,Home Office,United States,West,Oregon,Technology,Accessories,528.71,5,0.3,3.61,27.05,Medium
ORD-2023-10740,2023-12-05,2023-12-06,First Class,CUST-0169,Robert Hernandez,Consumer,United States,Central,Michigan,Technology,Machines,4363.32,4,0.0,310.87,245.09,High
ORD-2023-10741,2023-12-05,2023-12-12,Standard Class,CUST-0319,Joseph Lee,Consumer,United States,Central,Texas,Furniture,Bookcases,501.15,2,0.1,-40.2,18.93,Medium
ORD-2023-10742,2023-12-05,2023-12-10,Standard Class,CUST-0176,Joseph Lopez,Consumer,United States,East,New York,Office Supplies,Storage,639.46,3,0.0,138.04,25.26,High
ORD-2023-10743,2023-12-05,2023-12-05,Same Day,CUST-0369,John Anderson,Corporate,United States,West,Washington,Furniture,Chairs,1034.08,2,0.0,117.93,77.38,Medium
ORD-2023-10744,2023-12-05,2023-12-09,Second Class,CUST-0217,Nancy White,Home Office,United States,East,Pennsylvania,Office Supplies,Supplies,207.96,6,0.0,15.37,29.32,Medium
ORD-2023-10745,2023-12-05,2023-12-11,Standard Class,CUST-0326,Barbara Perez,Consumer,United States,South,North Carolina,Technology,Copiers,11533.49,6,0.1,3279.62,337.64,Medium
ORD-2023-10746,2023-12-05,2023-12-05,Same Day,CUST-0048,Nancy Rodriguez,Consumer,United States,Central,Illinois,Furniture,Tables,465.26,2,0.1,-44.68,40.98,Medium
ORD-2023-10747,2023-12-06,2023-12-13,Standard Class,CUST-0373,Nancy Smith,Corporate,United States,West,Colorado,Technology,Copiers,2291.59,1,0.0,872.39,66.61,Medium
ORD-2023-10748,2023-12-06,2023-12-09,Second Class,CUST-0331,Sarah Miller,Home Office,United States,Central,Michigan,Technology,Accessories,185.5,1,0.0,55.23,10.92,Medium
ORD-2023-10749,2023-12-06,2023-12-11,Standard Class,CUST-0106,Elizabeth Thomas,Corporate,United States,East,Massachusetts,Furniture,Tables,599.5,2,0.3,-228.55,21.69,High
ORD-2023-10750,2023-12-07,2023-12-10,Second Class,CUST-0079,James Gonzalez,Consumer,United States,East,Massachusetts,Office Supplies,Storage,494.56,3,0.0,83.91,30.28,Medium
ORD-2023-10751,2023-12-07,2023-12-14,Standard Class,CUST-0153,Thomas Thomas,Consumer,United States,Central,Michigan,Furniture,Chairs,1185.89,4,0.0,136.71,43.0,Medium
ORD-2023-10752,2023-12-07,2023-12-08,First Class,CUST-0437,James Smith,Consumer,United States,East,Ohio,Office Supplies,Storage,539.48,2,0.0,106.43,37.15,Medium
ORD-2023-10753,2023-12-07,2023-12-13,Standard Class,CUST-0121,William Wilson,Home Office,United States,Central,Indiana,Office Supplies,Paper,215.16,4,0.2,53.24,15.82,Medium
ORD-2023-10754,2023-12-07,2023-12-09,First Class,CUST-0219,Nancy Martin,Consumer,United States,Central,Illinois,Technology,Machines,4067.0,7,0.0,273.22,243.33,Low
ORD-2023-10755,2023-12-07,2023-12-14,Standard Class,CUST-0018,William Rodriguez,Consumer,United States,Central,Wisconsin,Office Supplies,Envelopes,22.52,4,0.7,-17.37,10.43,Critical
ORD-2023-10756,2023-12-07,2023-12-13,Standard Class,CUST-0188,Richard Gonzalez,Corporate,United States,West,Nevada,Technology,Accessories,217.38,1,0.0,67.7,8.54,Critical
ORD-2023-10757,2023-12-07,2023-12-13,Standard Class,CUST-0274,John Jackson,Consumer,United States,South,Virginia,Technology,Machines,2636.79,3,0.0,86.38,81.18,High
ORD-2023-10758,2023-12-07,2023-12-14,Standard Class,CUST-0429,Joseph Moore,Consumer,United States,South,Virginia,Technology,Copiers,9646.36,3,0.0,3859.52,277.45,Low
ORD-2023-10759,2023-12-07,2023-12-14,Standard Class,CUST-0246,Daniel Lee,Corporate,United States,West,Arizona,Technology,Phones,1493.79,6,0.15,173.67,56.53,High
ORD-2023-10760,2023-12-07,2023-12-10,Second Class,CUST-0363,Susan White,Home Office,United States,East,New York,Office Supplies,Supplies,164.28,2,0.0,12.36,13.57,Medium
ORD-2023-10761,2023-12-08,2023-12-14,Standard Class,CUST-0265,Jessica Jones,Consumer,United States,West,Washington,Office Supplies,Binders,178.76,2,0.1,50.65,9.91,High
ORD-2023-10762,2023-12-08,2023-12-10,First Class,CUST-0021,David Miller,Consumer,United States,Central,Indiana,Technology,Machines,3334.11,3,0.0,205.59,187.02,Medium
ORD-2023-10763,2023-12-08,2023-12-14,Standard Class,CUST-0152,Barbara Gonzalez,Home Office,United States,Central,Texas,Technology,Machines,4584.06,3,0.0,79.73,135.7,High
ORD-2023-10764,2023-12-08,2023-12-13,Standard Class,CUST-0277,Jessica Smith,Consumer,United States,West,Washington,Technology,Phones,2948.69,4,0.3,-275.65,92.36,Critical
ORD-2023-10765,2023-12-08,2023-12-12,Second Class,CUST-0428,Nancy Jones,Home Office,United States,South,North Carolina,Office Supplies,Labels,34.99,1,0.15,14.53,4.9,Medium
ORD-2023-10766,2023-12-08,2023-12-09,First Class,CUST-0375,John Thompson,Corporate,United States,West,Washington,Furniture,Chairs,887.89,3,0.0,95.75,59.82,High
ORD-2023-10767,2023-12-09,2023-12-16,Standard Class,CUST-0115,Joseph Garcia,Consumer,United States,Central,Michigan,Furniture,Tables,319.49,1,0.1,0.47,11.4,Medium
ORD-2023-10768,2023-12-09,2023-12-14,Standard Class,CUST-0111,Christopher Lopez,Consumer,United States,East,New York,Office Supplies,Binders,153.38,2,0.1,45.35,9.19,Low
ORD-2023-10769,2023-12-09,2023-12-14,Standard Class,CUST-0101,Barbara Martinez,Consumer,United States,East,New York,Furniture,Bookcases,896.64,4,0.0,53.72,34.91,Medium
ORD-2023-10770,2023-12-09,2023-12-12,Second Class,CUST-0413,Jennifer Miller,Corporate,United States,West,Colorado,Office Supplies,Storage,245.9,1,0.1,28.59,13.34,Low
ORD-2023-10771,2023-12-09,2023-12-10,First Class,CUST-0373,Nancy Smith,Corporate,United States,West,Oregon,Technology,Phones,1293.93,2,0.0,240.95,76.38,High
ORD-2023-10772,2023-12-09,2023-12-15,Standard Class,CUST-0347,Nancy Johnson,Corporate,United States,Central,Illinois,Office Supplies,Envelopes,175.64,4,0.1,55.27,14.72,Medium
ORD-2023-10773,2023-12-09,2023-12-15,Standard Class,CUST-0184,Jennifer Martinez,Home Office,United States,East,New Jersey,Technology,Copiers,6590.05,4,0.2,1504.97,194.32,Medium
ORD-2023-10774,2023-12-09,2023-12-16,Standard Class,CUST-0242,Karen Jones,Consumer,United States,West,California,Technology,Accessories,166.21,1,0.0,60.24,7.1,Medium
ORD-2023-10775,2023-12-09,2023-12-14,Standard Class,CUST-0221,Susan Rodriguez,Home Office,United States,West,Oregon,Office Supplies,Envelopes,84.37,3,0.0,24.85,9.71,High
ORD-2023-10776,2023-12-10,2023-12-16,Standard Class,CUST-0120,Elizabeth Johnson,Consumer,United States,West,Colorado,Office Supplies,Storage,274.74,1,0.0,59.3,10.14,Medium
ORD-2023-10777,2023-12-10,2023-12-13,Second Class,CUST-0242,Karen Jones,Consumer,United States,Central,Indiana,Office Supplies,Appliances,320.76,2,0.4,-105.97,19.83,Medium
ORD-2023-10778,2023-12-10,2023-12-13,Second Class,CUST-0018,William Rodriguez,Consumer,United States,Central,Texas,Technology,Phones,1199.58,2,0.15,106.05,54.98,Medium
ORD-2023-10779,2023-12-10,2023-12-12,First Class,CUST-0072,Patricia Martin,Consumer,United States,West,Washington,Office Supplies,Storage,268.8,1,0.0,62.31,18.53,Medium
ORD-2023-10780,2023-12-11,2023-12-18,Standard Class,CUST-0391,Jennifer Garcia,Consumer,United States,East,Pennsylvania,Technology,Accessories,2657.32,10,0.0,671.61,98.9,Medium
ORD-2023-10781,2023-12-11,2023-12-18,Standard Class,CUST-0339,John Smith,Consumer,United States,West,Colorado,Technology,Phones,372.29,1,0.0,73.21,12.87,High
ORD-2023-10782,2023-12-11,2023-12-12,First Class,CUST-0202,Jessica Wilson,Corporate,United States,South,North Carolina,Technology,Phones,2619.83,5,0.15,296.61,158.98,Low
ORD-2023-10783,2023-12-12,2023-12-17,Standard Class,CUST-0246,Daniel Lee,Corporate,United States,South,Georgia,Office Supplies,Binders,287.03,5,0.1,87.77,20.29,Critical
ORD-2023-10784,2023-12-12,2023-12-16,Second Class,CUST-0177,Jessica Thomas,Corporate,United States,Central,Illinois,Office Supplies,Paper,517.14,10,0.5,-110.35,55.69,Critical
ORD-2023-10785,2023-12-12,2023-12-18,Standard Class,CUST-0334,Daniel Perez,Corporate,United States,South,Georgia,Furniture,Bookcases,240.31,2,0.0,-0.1,11.63,High
ORD-2023-10786,2023-12-12,2023-12-19,Standard Class,CUST-0349,Charles Hernandez,Consumer,United States,Central,Wisconsin,Technology,Machines,2442.37,6,0.1,-140.55,83.09,Medium
ORD-2023-10787,2023-12-12,2023-12-17,Standard Class,CUST-0345,Karen Jackson,Corporate,United States,South,Tennessee,Technology,Machines,5088.77,8,0.15,-567.64,162.09,Medium
ORD-2023-10788,2023-12-12,2023-12-16,Second Class,CUST-0327,Lisa Jackson,Corporate,United States,East,Pennsylvania,Technology,Copiers,2908.97,1,0.2,670.01,119.86,Medium
ORD-2023-10789,2023-12-13,2023-12-20,Standard Class,CUST-0102,Mary Hernandez,Home Office,United States,West,Washington,Furniture,Chairs,634.46,3,0.0,118.43,25.11,Medium
ORD-2023-10790,2023-12-13,2023-12-16,Second Class,CUST-0162,Linda Davis,Corporate,United States,West,Arizona,Office Supplies,Appliances,128.27,1,0.15,4.33,8.63,Medium
ORD-2023-10791,2023-12-13,2023-12-19,Standard Class,CUST-0225,Nancy Thomas,Consumer,United States,East,Pennsylvania,Furniture,Bookcases,542.91,3,0.0,21.95,22.55,Critical
ORD-2023-10792,2023-12-13,2023-12-17,Second Class,CUST-0155,David Rodriguez,Consumer,United States,Central,Indiana,Office Supplies,Labels,107.17,3,0.0,41.64,14.79,High
ORD-2023-10793,2023-12-13,2023-12-18,Standard Class,CUST-0339,John Smith,Consumer,United States,West,Colorado,Technology,Accessories,106.41,1,0.3,9.37,5.43,Low
ORD-2023-10794,2023-12-14,2023-12-15,First Class,CUST-0155,David Rodriguez,Consumer,United States,West,Arizona,Technology,Accessories,775.69,5,0.4,-123.85,63.09,Medium
ORD-2023-10795,2023-12-14,2023-12-15,First Class,CUST-0075,Susan Thomas,Corporate,United States,East,Massachusetts,Furniture,Chairs,155.04,1,0.15,-8.05,12.61,Medium
ORD-2023-10796,2023-12-14,2023-12-19,Standard Class,CUST-0188,Richard Gonzalez,Corporate,United States,West,Arizona,Office Supplies,Envelopes,161.15,5,0.0,62.7,16.76,High
ORD-2023-10797,2023-12-14,2023-12-15,First Class,CUST-0441,William Taylor,Corporate,United States,East,New York,Furniture,Chairs,214.86,1,0.2,-27.05,15.72,Medium
ORD-2023-10798,2023-12-14,2023-12-21,Standard Class,CUST-0114,Sarah Jackson,Corporate,United States,South,Virginia,Office Supplies,Fasteners,113.29,4,0.0,44.88,12.97,Medium
ORD-2023-10799,2023-12-14,2023-12-15,First Class,CUST-0292,James Brown,Corporate,United States,Central,Michigan,Furniture,Bookcases,345.79,1,0.0,6.79,22.53,Critical
ORD-2023-10800,2023-12-14,2023-12-19,Standard Class,CUST-0204,Thomas Hernandez,Home Office,United States,Central,Texas,Technology,Phones,1770.74,2,0.15,175.82,54.48,Medium
ORD-2023-10801,2023-12-15,2023-12-20,Standard Class,CUST-0029,Nancy Jones,Corporate,United States,East,New York,Technology,Phones,1143.54,4,0.0,270.6,41.82,Critical
ORD-2023-10802,2023-12-15,2023-12-21,Standard Class,CUST-0229,Jennifer Perez,Consumer,United States,East,New York,Office Supplies,Paper,64.71,2,0.4,2.25,6.71,Medium
ORD-2023-10803,2023-12-15,2023-12-21,Standard Class,CUST-0317,Daniel Williams,Corporate,United States,West,Nevada,Office Supplies,Labels,155.48,3,0.0,70.06,11.7,Critical
ORD-2023-10804,2023-12-15,2023-12-18,Second Class,CUST-0246,Daniel Lee,Corporate,United States,South,North Carolina,Technology,Copiers,24985.97,7,0.0,11218.23,1023.94,Medium
ORD-2023-10805,2023-12-15,2023-12-20,Standard Class,CUST-0381,Joseph Miller,Home Office,United States,West,California,Technology,Machines,647.27,1,0.15,-86.4,20.57,Medium
ORD-2023-10806,2023-12-16,2023-12-18,First Class,CUST-0138,William Gonzalez,Consumer,United States,West,Oregon,Furniture,Chairs,1205.73,5,0.2,-103.6,85.45,Medium
ORD-2023-10807,2023-12-16,2023-12-23,Standard Class,CUST-0034,David Martinez,Consumer,United States,Central,Michigan,Furniture,Tables,436.58,1,0.1,-41.47,14.67,Medium
ORD-2023-10808,2023-12-16,2023-12-20,Second Class,CUST-0421,Joseph Thomas,Home Office,United States,West,Colorado,Technology,Accessories,252.06,1,0.0,83.6,13.58,Medium
ORD-2023-10809,2023-12-16,2023-12-19,Second Class,CUST-0179,Karen Brown,Corporate,United States,East,New York,Furniture,Furnishings,62.31,1,0.2,0.18,5.99,Critical
ORD-2023-10810,2023-12-16,2023-12-19,Second Class,CUST-0277,Jessica Smith,Consumer,United States,West,Oregon,Technology,Phones,5473.22,10,0.0,1064.58,253.93,High
ORD-2023-10811,2023-12-16,2023-12-21,Standard Class,CUST-0355,Charles Rodriguez,Home Office,United States,West,Nevada,Office Supplies,Supplies,27.36,1,0.0,3.91,3.22,Medium
ORD-2023-10812,2023-12-16,2023-12-21,Standard Class,CUST-0155,David Rodriguez,Consumer,United States,West,California,Technology,Phones,3451.1,6,0.15,285.98,111.33,Medium
ORD-2023-10813,2023-12-16,2023-12-17,First Class,CUST-0325,Richard Davis,Consumer,United States,West,Nevada,Office Supplies,Storage,883.67,10,0.0,208.71,91.45,Medium
ORD-2023-10814,2023-12-17,2023-12-24,Standard Class,CUST-0075,Susan Thomas,Corporate,United States,Central,Indiana,Furniture,Bookcases,229.67,2,0.5,-202.65,11.33,Medium
ORD-2023-10815,2023-12-17,2023-12-24,Standard Class,CUST-0140,Richard Lee,Consumer,United States,South,North Carolina,Technology,Copiers,10189.62,3,0.15,3082.27,292.66,High
ORD-2023-10816,2023-12-17,2023-12-19,First Class,CUST-0078,Nancy Martin,Consumer,United States,East,Massachusetts,Furniture,Furnishings,195.26,5,0.5,-129.72,32.9,Medium
ORD-2023-10817,2023-12-17,2023-12-23,Standard Class,CUST-0361,Christopher Jackson,Consumer,United States,South,Florida,Technology,Phones,957.63,2,0.0,225.46,31.71,Low
ORD-2023-10818,2023-12-18,2023-12-25,Standard Class,CUST-0114,Sarah Jackson,Corporate,United States,West,Colorado,Office Supplies,Appliances,134.48,1,0.5,-73.09,6.22,Medium
ORD-2023-10819,2023-12-18,2023-12-22,Second Class,CUST-0325,Richard Davis,Consumer,United States,East,Pennsylvania,Furniture,Chairs,882.73,2,0.0,128.46,42.31,High
ORD-2023-10820,2023-12-18,2023-12-24,Standard Class,CUST-0424,David Garcia,Home Office,United States,West,California,Technology,Copiers,15314.0,5,0.0,5762.63,441.04,Critical
ORD-2023-10821,2023-12-18,2023-12-22,Second Class,CUST-0253,Richard Davis,Consumer,United States,Central,Indiana,Technology,Machines,2862.24,5,0.0,183.03,131.99,Medium
ORD-2023-10822,2023-12-19,2023-12-26,Standard Class,CUST-0258,Lisa Brown,Consumer,United States,East,Massachusetts,Office Supplies,Envelopes,44.26,1,0.1,12.59,3.69,Medium
ORD-2023-10823,2023-12-19,2023-12-25,Standard Class,CUST-0219,Nancy Martin,Consumer,United States,Central,Indiana,Technology,Copiers,2199.04,1,0.0,824.8,64.02,Medium
ORD-2023-10824,2023-12-19,2023-12-25,Standard Class,CUST-0155,David Rodriguez,Consumer,United States,Central,Wisconsin,Furniture,Tables,1267.68,7,0.1,-97.86,52.64,Medium
ORD-2023-10825,2023-12-19,2023-12-25,Standard Class,CUST-0228,Nancy Williams,Corporate,United States,East,Ohio,Technology,Phones,1114.82,1,0.0,226.19,33.67,High
ORD-2023-10826,2023-12-19,2023-12-26,Standard Class,CUST-0291,Christopher Martinez,Consumer,United States,Central,Indiana,Office Supplies,Paper,321.07,4,0.0,140.67,18.79,Medium
ORD-2023-10827,2023-12-19,2023-12-24,Standard Class,CUST-0443,Thomas Anderson,Consumer,United States,South,Georgia,Furniture,Chairs,274.39,1,0.15,-10.01,10.13,High
ORD-2023-10828,2023-12-20,2023-12-27,Standard Class,CUST-0421,Joseph Thomas,Home Office,United States,West,Washington,Office Supplies,Art,336.21,5,0.0,93.68,21.66,Medium
ORD-2023-10829,2023-12-20,2023-12-26,Standard Class,CUST-0379,Jennifer Moore,Corporate,United States,East,New York,Technology,Machines,2874.34,7,0.2,-525.92,97.63,Medium
ORD-2023-10830,2023-12-20,2023-12-27,Standard Class,CUST-0392,William Brown,Consumer,United States,Central,Illinois,Technology,Machines,2669.65,2,0.1,-189.49,79.65,Critical
ORD-2023-10831,2023-12-20,2023-12-24,Second Class,CUST-0223,Robert Thompson,Corporate,United States,Central,Illinois,Technology,Machines,1026.73,1,0.3,-402.9,44.57,Medium
ORD-2023-10832,2023-12-20,2023-12-27,Standard Class,CUST-0305,Robert Moore,Consumer,United States,West,Oregon,Technology,Accessories,358.2,3,0.0,142.7,17.38,Medium
ORD-2023-10833,2023-12-21,2023-12-27,Standard Class,CUST-0397,Richard Hernandez,Consumer,United States,East,Pennsylvania,Office Supplies,Storage,238.76,2,0.5,-137.26,11.59,Medium
ORD-2023-10834,2023-12-22,2023-12-27,Standard Class,CUST-0184,Jennifer Martinez,Home Office,United States,East,New Jersey,Furniture,Bookcases,547.11,2,0.1,-34.99,20.22,High
ORD-2023-10835,2023-12-22,2023-12-25,Second Class,CUST-0434,Jessica Martinez,Home Office,United States,East,Ohio,Furniture,Bookcases,710.83,4,0.5,-651.04,42.43,Medium
ORD-2023-10836,2023-12-22,2023-12-29,Standard Class,CUST-0200,Karen Williams,Corporate,United States,West,Washington,Office Supplies,Art,12.87,1,0.0,4.29,2.81,Critical
ORD-2023-10837,2023-12-22,2023-12-29,Standard Class,CUST-0291,Christopher Martinez,Consumer,United States,South,Georgia,Technology,Accessories,110.44,2,0.15,21.26,7.99,Medium
ORD-2023-10838,2023-12-22,2023-12-29,Standard Class,CUST-0319,Joseph Lee,Consumer,United States,Central,Texas,Technology,Machines,2037.56,5,0.2,-346.79,69.3,Medium
ORD-2023-10839,2023-12-23,2023-12-28,Standard Class,CUST-0428,Nancy Jones,Home Office,United States,East,New York,Office Supplies,Appliances,656.03,3,0.0,118.45,25.72,High
ORD-2023-10840,2023-12-23,2023-12-30,Standard Class,CUST-0120,Elizabeth Johnson,Consumer,United States,Central,Michigan,Furniture,Chairs,834.31,2,0.1,22.54,28.26,Medium
ORD-2023-10841,2023-12-23,2023-12-29,Standard Class,CUST-0336,Richard Rodriguez,Consumer,United States,South,Virginia,Furniture,Bookcases,1128.88,4,0.2,-259.24,41.41,Medium
ORD-2023-10842,2023-12-23,2023-12-30,Standard Class,CUST-0246,Daniel Lee,Corporate,United States,West,California,Technology,Accessories,478.27,4,0.1,139.99,23.19,Medium
ORD-2023-10843,2023-12-23,2023-12-25,First Class,CUST-0128,Charles Taylor,Consumer,United States,West,Oregon,Furniture,Tables,955.05,3,0.0,43.2,63.31,Critical
ORD-2023-10844,2023-12-23,2023-12-25,First Class,CUST-0347,Nancy Johnson,Corporate,United States,East,Pennsylvania,Technology,Copiers,1161.88,1,0.15,334.87,64.97,Medium
ORD-2023-10845,2023-12-24,2023-12-29,Standard Class,CUST-0266,Karen Lopez,Consumer,United States,Central,Michigan,Office Supplies,Labels,9.56,1,0.0,8.72,2.72,Medium
ORD-2023-10846,2023-12-24,2023-12-26,First Class,CUST-0306,Joseph Garcia,Home Office,United States,West,California,Furniture,Tables,1702.85,5,0.2,-365.28,111.3,High
ORD-2023-10847,2023-12-24,2023-12-26,First Class,CUST-0154,John Johnson,Corporate,United States,South,Georgia,Technology,Phones,3228.18,5,0.0,818.96,190.62,Low
ORD-2023-10848,2023-12-25,2023-12-26,First Class,CUST-0229,Jennifer Perez,Consumer,United States,East,New York,Office Supplies,Labels,213.0,4,0.0,84.43,29.28,High
ORD-2023-10849,2023-12-25,2023-12-31,Standard Class,CUST-0294,Thomas Miller,Corporate,United States,East,New Jersey,Furniture,Tables,528.39,1,0.0,32.88,17.24,Low
ORD-2023-10850,2023-12-25,2023-12-28,Second Class,CUST-0188,Richard Gonzalez,Corporate,United States,West,Washington,Office Supplies,Binders,169.0,3,0.15,39.52,17.26,Critical
ORD-2023-10851,2023-12-25,2023-12-28,Second Class,CUST-0099,John Rodriguez,Corporate,United States,West,Oregon,Technology,Accessories,274.69,5,0.5,-90.7,28.49,Medium
ORD-2023-10852,2023-12-26,2024-01-02,Standard Class,CUST-0434,Jessica Martinez,Home Office,United States,Central,Illinois,Technology,Machines,2184.4,2,0.0,34.31,66.06,Medium
ORD-2023-10853,2023-12-26,2023-12-31,Standard Class,CUST-0246,Daniel Lee,Corporate,United States,South,Tennessee,Technology,Copiers,3702.01,1,0.0,1332.32,106.11,High
ORD-2023-10854,2023-12-26,2023-12-29,Second Class,CUST-0330,Sarah Hernandez,Consumer,United States,East,Massachusetts,Technology,Phones,1128.12,3,0.0,291.29,55.62,Medium
ORD-2023-10855,2023-12-26,2024-01-02,Standard Class,CUST-0193,Jessica Martin,Consumer,United States,South,North Carolina,Office Supplies,Art,110.09,5,0.2,2.88,15.33,Medium
ORD-2023-10856,2023-12-26,2023-12-28,First Class,CUST-0174,Patricia Lopez,Corporate,United States,South,Georgia,Office Supplies,Art,41.2,1,0.1,6.37,6.69,Low
ORD-2023-10857,2023-12-26,2023-12-27,First Class,CUST-0191,Richard Rodriguez,Consumer,United States,East,Massachusetts,Furniture,Tables,574.47,3,0.0,12.57,43.52,High
ORD-2023-10858,2023-12-26,2024-01-01,Standard Class,CUST-0191,Richard Rodriguez,Consumer,United States,Central,Illinois,Office Supplies,Labels,73.12,3,0.1,10.01,9.4,Critical
ORD-2023-10859,2023-12-26,2023-12-27,First Class,CUST-0259,Charles Rodriguez,Consumer,United States,East,Ohio,Technology,Copiers,3731.49,3,0.0,1382.04,207.69,High
ORD-2023-10860,2023-12-27,2024-01-02,Standard Class,CUST-0258,Lisa Brown,Consumer,United States,East,New Jersey,Office Supplies,Art,170.97,4,0.0,46.77,14.59,Medium
ORD-2023-10861,2023-12-27,2024-01-03,Standard Class,CUST-0238,Charles White,Corporate,United States,West,Arizona,Office Supplies,Paper,134.09,3,0.0,51.35,11.1,Critical
ORD-2023-10862,2023-12-27,2023-12-27,Same Day,CUST-0074,William Johnson,Consumer,United States,Central,Illinois,Furniture,Chairs,394.83,1,0.2,-33.22,30.87,High
ORD-2023-10863,2023-12-27,2024-01-01,Standard Class,CUST-0238,Charles White,Corporate,United States,West,Washington,Technology,Copiers,1471.59,1,0.4,13.55,43.65,Medium
ORD-2023-10864,2023-12-27,2023-12-30,Second Class,CUST-0084,David Taylor,Consumer,United States,Central,Illinois,Office Supplies,Fasteners,77.31,3,0.2,2.2,13.59,Critical
ORD-2023-10865,2023-12-27,2024-01-01,Standard Class,CUST-0068,Elizabeth Miller,Home Office,United States,South,North Carolina,Technology,Copiers,1415.39,1,0.0,571.45,42.08,Medium
ORD-2023-10866,2023-12-28,2023-12-30,First Class,CUST-0418,Nancy Hernandez,Consumer,United States,West,Washington,Office Supplies,Storage,447.62,3,0.1,55.14,36.93,High
ORD-2023-10867,2023-12-28,2024-01-01,Second Class,CUST-0291,Christopher Martinez,Consumer,United States,East,New Jersey,Technology,Accessories,776.39,4,0.0,280.82,45.06,Medium
ORD-2023-10868,2023-12-28,2024-01-02,Standard Class,CUST-0306,Joseph Garcia,Home Office,United States,East,New Jersey,Furniture,Bookcases,111.13,1,0.15,-5.52,5.56,Critical
ORD-2023-10869,2023-12-28,2024-01-04,Standard Class,CUST-0188,Richard Gonzalez,Corporate,United States,East,New York,Furniture,Tables,1656.34,3,0.1,-131.55,53.73,High
ORD-2023-10870,2023-12-28,2024-01-04,Standard Class,CUST-0407,Daniel Wilson,Consumer,United States,West,Colorado,Technology,Machines,2730.6,3,0.3,-966.8,83.81,Medium
ORD-2023-10871,2023-12-29,2023-12-29,Same Day,CUST-0302,William Martin,Consumer,United States,East,Massachusetts,Furniture,Bookcases,440.46,2,0.0,17.24,39.39,Medium
ORD-2023-10872,2023-12-29,2024-01-05,Standard Class,CUST-0347,Nancy Johnson,Corporate,United States,West,Nevada,Technology,Phones,1762.67,2,0.2,63.53,54.25,Medium
ORD-2023-10873,2023-12-30,2024-01-05,Standard Class,CUST-0177,Jessica Thomas,Corporate,United States,West,Arizona,Furniture,Bookcases,1983.83,7,0.15,-194.94,72.7,High
ORD-2023-10874,2023-12-30,2024-01-02,Second Class,CUST-0434,Jessica Martinez,Home Office,United States,West,Washington,Office Supplies,Fasteners,28.55,2,0.0,6.86,8.14,Medium
ORD-2023-10875,2023-12-30,2023-12-31,First Class,CUST-0363,Susan White,Home Office,United States,West,Arizona,Technology,Machines,2124.41,3,0.15,-245.07,124.12,Low
ORD-2023-10876,2023-12-31,2024-01-05,Standard Class,CUST-0373,Nancy Smith,Corporate,United States,Central,Indiana,Office Supplies,Binders,30.14,1,0.4,-9.64,3.29,Low
ORD-2023-10877,2023-12-31,2024-01-05,Standard Class,CUST-0084,David Taylor,Consumer,United States,South,Virginia,Technology,Phones,278.13,1,0.3,-23.94,10.24,High
ORD-2023-10878,2023-12-31,2024-01-04,Second Class,CUST-0128,Charles Taylor,Consumer,United States,East,New York,Office Supplies,Supplies,59.84,1,0.15,-2.34,5.89,Medium
ORD-2024-10879,2024-01-01,2024-01-01,Same Day,CUST-0136,Richard Johnson,Consumer,United States,East,New York,Office Supplies,Paper,327.29,5,0.0,122.89,48.95,Critical
ORD-2024-10880,2024-01-01,2024-01-03,First Class,CUST-0128,Charles Taylor,Consumer,United States,West,Colorado,Technology,Machines,1519.84,2,0.3,-628.5,88.13,Critical
ORD-2024-10881,2024-01-04,2024-01-04,Same Day,CUST-0373,Nancy Smith,Corporate,United States,East,Pennsylvania,Office Supplies,Supplies,56.36,1,0.15,0.15,9.21,Medium
ORD-2024-10882,2024-01-05,2024-01-06,First Class,CUST-0018,William Rodriguez,Consumer,United States,West,Colorado,Furniture,Furnishings,162.98,4,0.0,21.67,26.68,Medium
ORD-2024-10883,2024-01-07,2024-01-12,Standard Class,CUST-0029,Nancy Jones,Corporate,United States,Central,Illinois,Technology,Accessories,222.1,1,0.0,67.86,8.67,Low
ORD-2024-10884,2024-01-08,2024-01-11,Second Class,CUST-0132,Lisa Perez,Consumer,United States,South,North Carolina,Office Supplies,Supplies,18.93,1,0.0,0.78,4.26,Medium
ORD-2024-10885,2024-01-09,2024-01-13,Second Class,CUST-0101,Barbara Martinez,Consumer,United States,West,Washington,Technology,Copiers,4341.4,2,0.0,1662.78,180.66,Low
ORD-2024-10886,2024-01-09,2024-01-13,Second Class,CUST-0115,Joseph Garcia,Consumer,United States,Central,Michigan,Technology,Phones,1306.52,2,0.2,47.02,59.26,Low
ORD-2024-10887,2024-01-09,2024-01-15,Standard Class,CUST-0356,Christopher White,Consumer,United States,West,Colorado,Furniture,Bookcases,892.02,3,0.0,37.42,32.33,Medium
ORD-2024-10888,2024-01-10,2024-01-14,Second Class,CUST-0268,William Moore,Home Office,United States,East,New York,Office Supplies,Appliances,656.55,2,0.0,152.47,33.26,Low
ORD-2024-10889,2024-01-10,2024-01-15,Standard Class,CUST-0005,Elizabeth Martinez,Corporate,United States,West,Washington,Office Supplies,Appliances,632.54,2,0.0,101.07,22.61,Medium
ORD-2024-10890,2024-01-10,2024-01-14,Second Class,CUST-0204,Thomas Hernandez,Home Office,United States,East,New Jersey,Technology,Accessories,846.74,6,0.1,219.72,54.87,Medium
ORD-2024-10891,2024-01-10,2024-01-11,First Class,CUST-0191,Richard Rodriguez,Consumer,United States,West,Colorado,Office Supplies,Storage,388.86,6,0.0,73.77,47.52,Medium
ORD-2024-10892,2024-01-11,2024-01-11,Same Day,CUST-0052,Jennifer Thompson,Consumer,United States,East,Ohio,Office Supplies,Labels,210.57,5,0.0,91.76,41.48,Medium
ORD-2024-10893,2024-01-11,2024-01-13,First Class,CUST-0309,Barbara Lee,Consumer,United States,East,New Jersey,Office Supplies,Art,159.62,6,0.0,44.75,35.6,Medium
ORD-2024-10894,2024-01-12,2024-01-17,Standard Class,CUST-0317,Daniel Williams,Corporate,United States,West,Oregon,Technology,Phones,1296.63,3,0.15,100.54,43.66,Medium
ORD-2024-10895,2024-01-13,2024-01-16,Second Class,CUST-0326,Barbara Perez,Consumer,United States,Central,Indiana,Office Supplies,Supplies,131.22,3,0.0,-1.77,15.75,Medium
ORD-2024-10896,2024-01-13,2024-01-19,Standard Class,CUST-0328,James Thomas,Consumer,United States,South,Virginia,Office Supplies,Envelopes,80.9,3,0.1,14.4,9.62,Medium
ORD-2024-10897,2024-01-14,2024-01-14,Same Day,CUST-0001,David Williams,Home Office,United States,East,Ohio,Furniture,Bookcases,587.89,5,0.0,4.24,65.62,Critical
ORD-2024-10898,2024-01-14,2024-01-21,Standard Class,CUST-0429,Joseph Moore,Consumer,United States,West,Colorado,Office Supplies,Fasteners,53.43,3,0.0,10.79,8.85,High
ORD-2024-10899,2024-01-15,2024-01-21,Standard Class,CUST-0361,Christopher Jackson,Consumer,United States,West,Arizona,Technology,Accessories,211.33,1,0.0,74.55,8.37,Critical
ORD-2024-10900,2024-01-15,2024-01-15,Same Day,CUST-0401,Thomas Wilson,Corporate,United States,South,Virginia,Technology,Phones,1789.8,5,0.0,427.98,142.55,Medium
ORD-2024-10901,2024-01-16,2024-01-19,Second Class,CUST-0007,Lisa Martinez,Consumer,United States,East,Ohio,Office Supplies,Fasteners,139.65,4,0.0,38.01,19.59,Medium
ORD-2024-10902,2024-01-16,2024-01-23,Standard Class,CUST-0419,Elizabeth Taylor,Consumer,United States,East,New Jersey,Office Supplies,Storage,1175.6,5,0.0,286.53,45.17,Medium
ORD-2024-10903,2024-01-16,2024-01-22,Standard Class,CUST-0361,Christopher Jackson,Consumer,United States,West,Washington,Technology,Phones,387.88,1,0.0,100.55,13.31,Medium
ORD-2024-10904,2024-01-17,2024-01-24,Standard Class,CUST-0369,John Anderson,Corporate,United States,East,New Jersey,Technology,Accessories,290.51,2,0.15,59.27,13.03,High
ORD-2024-10905,2024-01-18,2024-01-23,Standard Class,CUST-0040,Jessica Smith,Corporate,United States,West,California,Office Supplies,Binders,194.66,2,0.0,73.68,10.35,High
ORD-2024-10906,2024-01-19,2024-01-23,Second Class,CUST-0333,Jennifer Miller,Consumer,United States,South,Tennessee,Office Supplies,Supplies,170.92,3,0.3,-52.01,17.34,Medium
ORD-2024-10907,2024-01-20,2024-01-26,Standard Class,CUST-0434,Jessica Martinez,Home Office,United States,South,Tennessee,Furniture,Bookcases,230.0,1,0.2,-43.19,8.89,Medium
ORD-2024-10908,2024-01-21,2024-01-22,First Class,CUST-0309,Barbara Lee,Consumer,United States,West,Oregon,Furniture,Furnishings,204.23,2,0.2,-17.74,19.72,Medium
ORD-2024-10909,2024-01-21,2024-01-28,Standard Class,CUST-0272,Linda Jones,Consumer,United States,East,Massachusetts,Office Supplies,Storage,268.01,1,0.0,44.94,9.95,High
ORD-2024-10910,2024-01-21,2024-01-22,First Class,CUST-0426,Jennifer Gonzalez,Home Office,United States,West,California,Technology,Phones,863.16,2,0.2,15.23,53.98,Medium
ORD-2024-10911,2024-01-21,2024-01-25,Second Class,CUST-0208,Sarah Thompson,Home Office,United States,East,Ohio,Office Supplies,Supplies,254.42,4,0.0,3.92,24.18,High
ORD-2024-10912,2024-01-21,2024-01-28,Standard Class,CUST-0291,Christopher Martinez,Consumer,United States,South,Tennessee,Furniture,Chairs,824.5,6,0.0,134.66,37.79,Medium
ORD-2024-10913,2024-01-22,2024-01-25,Second Class,CUST-0228,Nancy Williams,Corporate,United States,East,Massachusetts,Furniture,Furnishings,31.25,1,0.0,14.54,4.75,Low
ORD-2024-10914,2024-01-22,2024-01-27,Standard Class,CUST-0418,Nancy Hernandez,Consumer,United States,East,Massachusetts,Furniture,Tables,385.69,3,0.4,-231.73,18.15,Medium
ORD-2024-10915,2024-01-23,2024-01-28,Standard Class,CUST-0029,Nancy Jones,Corporate,United States,West,Nevada,Furniture,Bookcases,236.06,1,0.0,9.56,9.06,Medium
ORD-2024-10916,2024-01-24,2024-01-25,First Class,CUST-0242,Karen Jones,Consumer,United States,Central,Wisconsin,Office Supplies,Envelopes,10.32,1,0.3,1.33,5.09,High
ORD-2024-10917,2024-01-24,2024-01-27,Second Class,CUST-0312,Nancy Martin,Consumer,United States,Central,Wisconsin,Office Supplies,Storage,712.95,4,0.0,121.36,42.52,Medium
ORD-2024-10918,2024-01-25,2024-02-01,Standard Class,CUST-0355,Charles Rodriguez,Home Office,United States,East,New Jersey,Office Supplies,Supplies,219.47,4,0.3,-64.86,15.95,Critical
ORD-2024-10919,2024-01-26,2024-02-01,Standard Class,CUST-0281,Joseph Lopez,Consumer,United States,West,Arizona,Office Supplies,Storage,530.21,5,0.3,-78.7,27.1,High
ORD-2024-10920,2024-01-26,2024-01-31,Standard Class,CUST-0407,Daniel Wilson,Consumer,United States,East,New York,Technology,Machines,1249.82,3,0.4,-776.77,42.35,High
ORD-2024-10921,2024-01-26,2024-01-30,Second Class,CUST-0423,William Hernandez,Consumer,United States,South,North Carolina,Office Supplies,Fasteners,158.11,6,0.1,48.98,27.32,High
ORD-2024-10922,2024-01-27,2024-02-01,Standard Class,CUST-0029,Nancy Jones,Corporate,United States,East,Massachusetts,Technology,Machines,1042.25,1,0.3,-412.34,31.63,Medium
ORD-2024-10923,2024-01-28,2024-02-03,Standard Class,CUST-0188,Richard Gonzalez,Corporate,United States,East,Massachusetts,Technology,Phones,322.31,1,0.4,-97.12,11.47,High
ORD-2024-10924,2024-01-28,2024-02-03,Standard Class,CUST-0007,Lisa Martinez,Consumer,United States,East,Pennsylvania,Technology,Phones,1263.59,1,0.0,325.96,37.83,Medium
ORD-2024-10925,2024-01-28,2024-01-29,First Class,CUST-0155,David Rodriguez,Consumer,United States,Central,Illinois,Office Supplies,Fasteners,160.7,5,0.0,51.85,31.11,High
ORD-2024-10926,2024-01-30,2024-02-05,Standard Class,CUST-0256,Barbara Wilson,Consumer,United States,East,New York,Office Supplies,Supplies,41.97,1,0.15,-1.22,3.63,High
ORD-2024-10927,2024-01-31,2024-02-01,First Class,CUST-0407,Daniel Wilson,Consumer,United States,West,Nevada,Office Supplies,Paper,54.89,1,0.0,18.72,7.4,High
ORD-2024-10928,2024-01-31,2024-02-02,First Class,CUST-0373,Nancy Smith,Corporate,United States,East,Pennsylvania,Technology,Accessories,566.88,3,0.2,99.22,43.13,Medium
ORD-2024-10929,2024-01-31,2024-02-07,Standard Class,CUST-0068,Elizabeth Miller,Home Office,United States,Central,Wisconsin,Technology,Copiers,3377.52,1,0.0,1198.32,97.02,Medium
ORD-2024-10930,2024-02-01,2024-02-05,Second Class,CUST-0040,Jessica Smith,Corporate,United States,Central,Illinois,Furniture,Furnishings,103.75,1,0.1,1.89,7.65,High
ORD-2024-10931,2024-02-01,2024-02-06,Standard Class,CUST-0286,Mary Johnson,Consumer,United States,South,Georgia,Technology,Accessories,246.4,1,0.0,82.04,9.35,Medium
ORD-2024-10932,2024-02-01,2024-02-08,Standard Class,CUST-0255,Joseph Hernandez,Corporate,United States,East,Pennsylvania,Furniture,Bookcases,116.8,1,0.0,5.96,5.72,Medium
ORD-2024-10933,2024-02-01,2024-02-06,Standard Class,CUST-0127,Thomas Jackson,Consumer,United States,West,California,Office Supplies,Appliances,631.4,4,0.0,100.92,27.48,Medium
ORD-2024-10934,2024-02-02,2024-02-06,Second Class,CUST-0398,Richard Perez,Consumer,United States,South,Virginia,Office Supplies,Storage,193.62,3,0.2,-12.11,18.24,Medium
ORD-2024-10935,2024-02-02,2024-02-05,Second Class,CUST-0413,Jennifer Miller,Corporate,United States,East,Pennsylvania,Furniture,Bookcases,293.74,1,0.0,2.75,15.25,Medium
ORD-2024-10936,2024-02-02,2024-02-06,Second Class,CUST-0188,Richard Gonzalez,Corporate,United States,Central,Michigan,Technology,Copiers,2535.93,1,0.2,399.24,104.94,Low
ORD-2024-10937,2024-02-03,2024-02-08,Standard Class,CUST-0392,William Brown,Consumer,United States,Central,Texas,Office Supplies,Labels,153.87,5,0.2,31.31,16.56,Medium
ORD-2024-10938,2024-02-03,2024-02-07,Second Class,CUST-0181,William Brown,Consumer,United States,East,Ohio,Office Supplies,Storage,666.16,3,0.1,67.98,37.15,Medium
ORD-2024-10939,2024-02-03,2024-02-06,Second Class,CUST-0332,Sarah Davis,Corporate,United States,West,California,Office Supplies,Fasteners,70.37,4,0.0,18.69,16.81,Medium
ORD-2024-10940,2024-02-03,2024-02-09,Standard Class,CUST-0228,Nancy Williams,Corporate,United States,Central,Wisconsin,Technology,Accessories,317.91,2,0.0,94.72,13.8,Medium
ORD-2024-10941,2024-02-03,2024-02-10,Standard Class,CUST-0063,Nancy Lopez,Corporate,United States,Central,Indiana,Furniture,Bookcases,99.25,1,0.1,-4.53,5.23,High
ORD-2024-10942,2024-02-04,2024-02-05,First Class,CUST-0413,Jennifer Miller,Corporate,United States,East,Massachusetts,Office Supplies,Labels,410.45,9,0.0,158.24,62.29,Medium
ORD-2024-10943,2024-02-04,2024-02-11,Standard Class,CUST-0217,Nancy White,Home Office,United States,East,New York,Technology,Phones,3347.24,3,0.1,476.01,101.07,Medium
ORD-2024-10944,2024-02-05,2024-02-10,Standard Class,CUST-0330,Sarah Hernandez,Consumer,United States,West,Washington,Office Supplies,Storage,120.27,1,0.4,-32.89,5.82,Low
ORD-2024-10945,2024-02-05,2024-02-08,Second Class,CUST-0176,Joseph Lopez,Consumer,United States,West,Oregon,Technology,Phones,1739.85,2,0.0,449.84,76.59,Medium
ORD-2024-10946,2024-02-05,2024-02-11,Standard Class,CUST-0007,Lisa Martinez,Consumer,United States,East,Pennsylvania,Furniture,Furnishings,262.42,2,0.1,27.62,12.25,Medium
ORD-2024-10947,2024-02-05,2024-02-10,Standard Class,CUST-0045,William Anderson,Consumer,United States,West,Nevada,Office Supplies,Storage,139.31,1,0.5,-75.79,6.35,Medium
ORD-2024-10948,2024-02-05,2024-02-10,Standard Class,CUST-0238,Charles White,Corporate,United States,South,Florida,Furniture,Tables,1845.55,7,0.3,-575.16,68.83,Medium
ORD-2024-10949,2024-02-06,2024-02-11,Standard Class,CUST-0312,Nancy Martin,Consumer,United States,Central,Indiana,Office Supplies,Art,157.61,6,0.3,-4.29,19.11,High
ORD-2024-10950,2024-02-06,2024-02-09,Second Class,CUST-0158,Susan Johnson,Consumer,United States,Central,Indiana,Furniture,Chairs,194.63,1,0.2,-19.51,11.29,Low
ORD-2024-10951,2024-02-07,2024-02-11,Second Class,CUST-0313,Joseph Miller,Consumer,United States,East,New Jersey,Office Supplies,Binders,107.19,2,0.0,36.05,11.29,High
ORD-2024-10952,2024-02-08,2024-02-10,First Class,CUST-0315,Elizabeth Thomas,Home Office,United States,West,Nevada,Furniture,Tables,859.96,4,0.3,-352.7,62.92,High
ORD-2024-10953,2024-02-08,2024-02-14,Standard Class,CUST-0317,Daniel Williams,Corporate,United States,South,Georgia,Technology,Copiers,1672.89,1,0.4,13.93,49.29,Low
ORD-2024-10954,2024-02-09,2024-02-15,Standard Class,CUST-0234,Thomas Miller,Corporate,United States,East,Ohio,Furniture,Chairs,408.14,3,0.1,20.93,18.78,High
ORD-2024-10955,2024-02-09,2024-02-16,Standard Class,CUST-0410,Jessica Miller,Consumer,United States,West,Washington,Office Supplies,Art,193.34,4,0.0,52.2,15.21,Medium
ORD-2024-10956,2024-02-09,2024-02-15,Standard Class,CUST-0232,William Moore,Home Office,United States,East,Massachusetts,Office Supplies,Appliances,1266.89,4,0.0,214.15,45.27,Medium
ORD-2024-10957,2024-02-10,2024-02-17,Standard Class,CUST-0211,Michael Anderson,Consumer,United States,South,Virginia,Furniture,Tables,2526.52,4,0.0,203.1,80.54,Medium
ORD-2024-10958,2024-02-10,2024-02-12,First Class,CUST-0100,Nancy Thompson,Corporate,United States,South,North Carolina,Furniture,Tables,1324.23,4,0.0,84.04,87.06,Medium
ORD-2024-10959,2024-02-10,2024-02-15,Standard Class,CUST-0148,Daniel Brown,Corporate,United States,West,Colorado,Office Supplies,Art,260.82,8,0.1,63.28,26.9,Medium
ORD-2024-10960,2024-02-10,2024-02-14,Second Class,CUST-0022,William Garcia,Corporate,United States,South,Georgia,Office Supplies,Storage,300.58,2,0.1,47.52,19.02,High
ORD-2024-10961,2024-02-11,2024-02-17,Standard Class,CUST-0299,Lisa Hernandez,Consumer,United States,West,Nevada,Office Supplies,Art,369.88,6,0.1,83.61,25.06,Medium
ORD-2024-10962,2024-02-11,2024-02-16,Standard Class,CUST-0120,Elizabeth Johnson,Consumer,United States,West,Washington,Office Supplies,Appliances,216.84,1,0.0,38.97,8.52,High
ORD-2024-10963,2024-02-11,2024-02-18,Standard Class,CUST-0148,Daniel Brown,Corporate,United States,South,Virginia,Furniture,Tables,1022.72,2,0.2,-191.69,33.54,Medium
ORD-2024-10964,2024-02-11,2024-02-16,Standard Class,CUST-0347,Nancy Johnson,Corporate,United States,South,Georgia,Technology,Accessories,136.03,1,0.0,42.67,6.26,Medium
ORD-2024-10965,2024-02-12,2024-02-18,Standard Class,CUST-0155,David Rodriguez,Consumer,United States,East,New York,Technology,Phones,2483.3,4,0.0,520.78,79.33,Medium
ORD-2024-10966,2024-02-14,2024-02-21,Standard Class,CUST-0119,Sarah Moore,Consumer,United States,East,Ohio,Office Supplies,Envelopes,34.74,1,0.1,4.43,3.42,Medium
ORD-2024-10967,2024-02-17,2024-02-18,First Class,CUST-0084,David Taylor,Consumer,United States,Central,Wisconsin,Technology,Machines,3031.81,5,0.0,177.88,180.4,High
ORD-2024-10968,2024-02-17,2024-02-18,First Class,CUST-0347,Nancy Johnson,Corporate,United States,Central,Indiana,Furniture,Bookcases,304.3,3,0.0,20.28,29.47,Critical
ORD-2024-10969,2024-02-18,2024-02-22,Second Class,CUST-0071,James Anderson,Consumer,United States,South,Florida,Office Supplies,Paper,51.28,1,0.0,17.56,5.55,Medium
ORD-2024-10970,2024-02-18,2024-02-22,Second Class,CUST-0215,Nancy Lopez,Consumer,United States,East,Massachusetts,Technology,Machines,4381.65,4,0.2,-997.2,189.27,High
ORD-2024-10971,2024-02-22,2024-02-25,Second Class,CUST-0242,Karen Jones,Consumer,United States,South,Florida,Office Supplies,Supplies,501.37,6,0.1,6.4,41.05,Critical
ORD-2024-10972,2024-02-22,2024-02-29,Standard Class,CUST-0312,Nancy Martin,Consumer,United States,South,Virginia,Office Supplies,Storage,1043.98,4,0.0,209.15,39.03,Medium
ORD-2024-10973,2024-02-23,2024-02-28,Standard Class,CUST-0299,Lisa Hernandez,Consumer,United States,West,California,Office Supplies,Storage,194.04,1,0.0,39.27,7.88,Medium
ORD-2024-10974,2024-02-23,2024-02-24,First Class,CUST-0361,Christopher Jackson,Consumer,United States,South,North Carolina,Technology,Copiers,10848.34,6,0.15,3567.48,591.41,Medium
ORD-2024-10975,2024-02-23,2024-02-26,Second Class,CUST-0022,William Garcia,Corporate,United States,East,New Jersey,Technology,Accessories,420.47,4,0.3,36.62,30.82,Medium
ORD-2024-10976,2024-02-24,2024-02-24,Same Day,CUST-0143,Jessica Johnson,Corporate,United States,East,Ohio,Office Supplies,Binders,68.5,2,0.15,8.77,15.58,Low
ORD-2024-10977,2024-02-24,2024-02-28,Second Class,CUST-0133,Charles Martinez,Consumer,United States,Central,Illinois,Technology,Phones,1107.61,2,0.2,13.41,51.3,High
ORD-2024-10978,2024-02-24,2024-02-29,Standard Class,CUST-0079,James Gonzalez,Consumer,United States,West,Arizona,Furniture,Chairs,1341.16,3,0.1,130.76,44.9,Medium
ORD-2024-10979,2024-02-24,2024-03-01,Standard Class,CUST-0138,William Gonzalez,Consumer,United States,East,Ohio,Office Supplies,Labels,202.73,6,0.15,66.96,20.38,High
ORD-2024-10980,2024-02-25,2024-03-03,Standard Class,CUST-0151,Susan Garcia,Home Office,United States,South,Georgia,Technology,Machines,505.75,2,0.3,-188.44,19.06,Critical
ORD-2024-10981,2024-02-25,2024-02-28,Second Class,CUST-0247,Jessica Rodriguez,Corporate,United States,West,Oregon,Office Supplies,Labels,24.87,1,0.2,9.28,4.49,Medium
ORD-2024-10982,2024-02-26,2024-03-01,Second Class,CUST-0306,Joseph Garcia,Home Office,United States,East,New York,Office Supplies,Envelopes,230.88,6,0.3,26.89,30.24,Medium
ORD-2024-10983,2024-02-27,2024-02-27,Same Day,CUST-0181,William Brown,Consumer,United States,South,Tennessee,Technology,Accessories,258.44,1,0.0,86.56,22.14,Medium
ORD-2024-10984,2024-02-29,2024-03-03,Second Class,CUST-0326,Barbara Perez,Consumer,United States,East,Ohio,Technology,Phones,2204.61,7,0.3,-189.6,112.68,High
ORD-2024-10985,2024-03-02,2024-03-09,Standard Class,CUST-0159,Thomas Perez,Consumer,United States,East,Massachusetts,Technology,Accessories,439.01,2,0.1,138.94,17.19,High
ORD-2024-10986,2024-03-02,2024-03-08,Standard Class,CUST-0140,Richard Lee,Consumer,United States,East,Ohio,Technology,Machines,2434.03,3,0.3,-910.23,75.5,Low
ORD-2024-10987,2024-03-02,2024-03-05,Second Class,CUST-0258,Lisa Brown,Consumer,United States,East,Ohio,Office Supplies,Appliances,155.3,1,0.0,27.44,9.71,Medium
ORD-2024-10988,2024-03-03,2024-03-05,First Class,CUST-0008,Mary Taylor,Consumer,United States,Central,Wisconsin,Technology,Phones,2443.75,7,0.15,283.88,158.92,Medium
ORD-2024-10989,2024-03-03,2024-03-08,Standard Class,CUST-0031,Linda Smith,Corporate,United States,Central,Wisconsin,Furniture,Tables,1276.75,4,0.2,-219.99,45.55,Critical
ORD-2024-10990,2024-03-04,2024-03-11,Standard Class,CUST-0202,Jessica Wilson,Corporate,United States,East,Pennsylvania,Office Supplies,Supplies,676.15,7,0.0,37.61,36.08,Critical
ORD-2024-10991,2024-03-05,2024-03-11,Standard Class,CUST-0424,David Garcia,Home Office,United States,Central,Texas,Furniture,Tables,918.25,4,0.15,-156.6,35.51,Medium
ORD-2024-10992,2024-03-06,2024-03-12,Standard Class,CUST-0327,Lisa Jackson,Corporate,United States,East,New Jersey,Technology,Machines,618.09,1,0.2,-123.5,19.76,Medium
ORD-2024-10993,2024-03-07,2024-03-12,Standard Class,CUST-0036,Patricia Jones,Corporate,United States,East,New York,Office Supplies,Binders,63.13,2,0.0,26.65,6.67,Medium
ORD-2024-10994,2024-03-07,2024-03-14,Standard Class,CUST-0373,Nancy Smith,Corporate,United States,Central,Michigan,Technology,Copiers,9412.51,3,0.0,3699.08,270.9,Medium
ORD-2024-10995,2024-03-10,2024-03-15,Standard Class,CUST-0330,Sarah Hernandez,Consumer,United States,Central,Indiana,Office Supplies,Storage,453.04,3,0.1,48.07,20.04,Critical
ORD-2024-10996,2024-03-10,2024-03-14,Second Class,CUST-0292,James Brown,Corporate,United States,East,Pennsylvania,Office Supplies,Envelopes,212.72,7,0.1,53.2,33.01,Medium
ORD-2024-10997,2024-03-10,2024-03-17,Standard Class,CUST-0363,Susan White,Home Office,United States,West,Washington,Office Supplies,Paper,153.85,2,0.0,66.96,9.21,High
ORD-2024-10998,2024-03-10,2024-03-15,Standard Class,CUST-0188,Richard Gonzalez,Corporate,United States,West,Washington,Office Supplies,Paper,185.74,4,0.0,78.63,15.0,Medium
ORD-2024-10999,2024-03-10,2024-03-17,Standard Class,CUST-0111,Christopher Lopez,Consumer,United States,West,Nevada,Furniture,Chairs,971.66,8,0.0,176.16,46.81,Medium
ORD-2024-11000,2024-03-11,2024-03-16,Standard Class,CUST-0246,Daniel Lee,Corporate,United States,West,Washington,Office Supplies,Paper,34.93,1,0.0,15.35,3.43,Medium
ORD-2024-11001,2024-03-11,2024-03-16,Standard Class,CUST-0266,Karen Lopez,Consumer,United States,Central,Indiana,Office Supplies,Envelopes,143.0,6,0.0,45.92,18.7,Medium
ORD-2024-11002,2024-03-12,2024-03-18,Standard Class,CUST-0256,Barbara Wilson,Consumer,United States,West,Washington,Furniture,Chairs,576.67,2,0.15,-0.85,21.05,Low
ORD-2024-11003,2024-03-13,2024-03-14,First Class,CUST-0269,John Martin,Home Office,United States,Central,Wisconsin,Furniture,Tables,1338.22,4,0.1,-128.74,87.79,High
ORD-2024-11004,2024-03-16,2024-03-17,First Class,CUST-0426,Jennifer Gonzalez,Home Office,United States,West,Arizona,Office Supplies,Art,80.7,2,0.2,-1.73,13.3,High
ORD-2024-11005,2024-03-16,2024-03-22,Standard Class,CUST-0400,Elizabeth Brown,Consumer,United States,West,California,Furniture,Chairs,793.17,2,0.0,128.16,27.11,Medium
ORD-2024-11006,2024-03-17,2024-03-23,Standard Class,CUST-0383,Susan Taylor,Consumer,United States,East,Pennsylvania,Office Supplies,Binders,53.12,1,0.1,13.52,3.94,Medium
ORD-2024-11007,2024-03-17,2024-03-20,Second Class,CUST-0357,Jennifer Wilson,Home Office,United States,West,California,Furniture,Tables,4977.28,9,0.0,3.65,230.59,Medium
ORD-2024-11008,2024-03-17,2024-03-19,First Class,CUST-0424,David Garcia,Home Office,United States,South,Virginia,Furniture,Bookcases,1348.33,5,0.2,-263.18,92.86,Medium
ORD-2024-11009,2024-03-18,2024-03-24,Standard Class,CUST-0044,Elizabeth Lee,Consumer,United States,West,California,Technology,Copiers,2199.14,1,0.15,536.93,64.03,High
ORD-2024-11010,2024-03-18,2024-03-25,Standard Class,CUST-0127,Thomas Jackson,Consumer,United States,East,Pennsylvania,Technology,Copiers,8123.3,10,0.3,1040.15,251.95,Medium
ORD-2024-11011,2024-03-18,2024-03-20,First Class,CUST-0234,Thomas Miller,Corporate,United States,South,Virginia,Furniture,Chairs,1382.59,3,0.0,254.41,85.54,Medium
ORD-2024-11012,2024-03-19,2024-03-25,Standard Class,CUST-0373,Nancy Smith,Corporate,United States,Central,Indiana,Furniture,Tables,2328.54,6,0.15,-279.91,79.9,Medium
ORD-2024-11013,2024-03-20,2024-03-25,Standard Class,CUST-0242,Karen Jones,Consumer,United States,West,Arizona,Furniture,Chairs,266.35,1,0.1,7.23,9.91,Medium
ORD-2024-11014,2024-03-20,2024-03-24,Second Class,CUST-0336,Richard Rodriguez,Consumer,United States,East,New Jersey,Office Supplies,Paper,209.03,2,0.2,46.39,15.36,Low
ORD-2024-11015,2024-03-20,2024-03-24,Second Class,CUST-0075,Susan Thomas,Corporate,United States,Central,Indiana,Office Supplies,Supplies,357.21,4,0.1,7.68,28.29,Medium
ORD-2024-11016,2024-03-20,2024-03-23,Second Class,CUST-0120,Elizabeth Johnson,Consumer,United States,South,Florida,Office Supplies,Supplies,64.88,1,0.1,5.61,6.1,Medium
ORD-2024-11017,2024-03-20,2024-03-20,Same Day,CUST-0329,Nancy Taylor,Corporate,United States,South,Virginia,Technology,Machines,3213.22,3,0.0,-37.69,222.45,High
ORD-2024-11018,2024-03-22,2024-03-28,Standard Class,CUST-0083,Jessica Gonzalez,Consumer,United States,East,Massachusetts,Furniture,Bookcases,461.47,2,0.15,-62.34,17.82,Medium
ORD-2024-11019,2024-03-22,2024-03-24,First Class,CUST-0172,Susan Hernandez,Home Office,United States,South,Tennessee,Technology,Accessories,168.86,1,0.0,47.86,13.33,High
ORD-2024-11020,2024-03-23,2024-03-24,First Class,CUST-0125,Patricia Anderson,Consumer,United States,West,Arizona,Furniture,Furnishings,140.07,2,0.0,23.21,16.38,Critical
ORD-2024-11021,2024-03-24,2024-03-25,First Class,CUST-0172,Susan Hernandez,Home Office,United States,West,Nevada,Technology,Accessories,890.71,8,0.0,293.36,82.72,Medium
ORD-2024-11022,2024-03-24,2024-03-29,Standard Class,CUST-0318,Sarah Hernandez,Consumer,United States,South,Florida,Furniture,Furnishings,134.19,2,0.4,-43.05,8.66,Medium
ORD-2024-11023,2024-03-24,2024-03-27,Second Class,CUST-0177,Jessica Thomas,Corporate,United States,West,Colorado,Furniture,Furnishings,115.65,1,0.0,19.27,8.13,Medium
ORD-2024-11024,2024-03-25,2024-03-31,Standard Class,CUST-0267,Christopher Hernandez,Corporate,United States,West,Arizona,Technology,Machines,3231.86,3,0.3,-1321.18,97.84,High
ORD-2024-11025,2024-03-25,2024-03-31,Standard Class,CUST-0045,William Anderson,Consumer,United States,West,Arizona,Furniture,Chairs,1150.5,4,0.4,-461.65,42.01,Critical
ORD-2024-11026,2024-03-25,2024-03-28,Second Class,CUST-0360,Charles Jackson,Home Office,United States,East,Massachusetts,Office Supplies,Storage,374.04,4,0.4,-130.11,28.96,Medium
ORD-2024-11027,2024-03-27,2024-04-02,Standard Class,CUST-0177,Jessica Thomas,Corporate,United States,Central,Indiana,Technology,Copiers,4769.82,4,0.3,525.65,143.35,Medium
ORD-2024-11028,2024-03-28,2024-03-29,First Class,CUST-0303,James Taylor,Home Office,United States,Central,Wisconsin,Office Supplies,Supplies,64.18,1,0.3,-20.7,7.89,High
ORD-2024-11029,2024-03-28,2024-04-03,Standard Class,CUST-0328,James Thomas,Consumer,United States,West,Arizona,Furniture,Furnishings,192.25,2,0.0,39.7,10.28,Low
ORD-2024-11030,2024-03-29,2024-04-05,Standard Class,CUST-0105,Mary Johnson,Home Office,United States,East,Ohio,Technology,Phones,4713.18,5,0.0,1287.58,144.22,Critical
ORD-2024-11031,2024-03-29,2024-04-05,Standard Class,CUST-0391,Jennifer Garcia,Consumer,United States,South,Tennessee,Technology,Machines,3272.45,7,0.15,-272.7,108.78,High
ORD-2024-11032,2024-03-29,2024-04-04,Standard Class,CUST-0293,James Taylor,Corporate,United States,Central,Illinois,Technology,Copiers,4361.23,3,0.1,1413.93,129.46,Medium
ORD-2024-11033,2024-03-29,2024-04-05,Standard Class,CUST-0204,Thomas Hernandez,Home Office,United States,East,Pennsylvania,Office Supplies,Labels,49.56,1,0.0,14.58,3.84,High
ORD-2024-11034,2024-03-30,2024-04-04,Standard Class,CUST-0087,David Martinez,Corporate,United States,South,North Carolina,Technology,Accessories,412.74,2,0.15,94.17,16.46,Medium
ORD-2024-11035,2024-03-30,2024-04-06,Standard Class,CUST-0423,William Hernandez,Consumer,United States,Central,Illinois,Technology,Accessories,121.67,1,0.1,36.63,5.86,Medium
ORD-2024-11036,2024-03-30,2024-04-05,Standard Class,CUST-0339,John Smith,Consumer,United States,West,Oregon,Technology,Accessories,306.9,4,0.3,13.96,18.39,Medium
ORD-2024-11037,2024-03-31,2024-04-05,Standard Class,CUST-0104,Jennifer Moore,Consumer,United States,West,Arizona,Furniture,Furnishings,31.6,1,0.1,-4.05,3.33,Critical
ORD-2024-11038,2024-03-31,2024-03-31,Same Day,CUST-0162,Linda Davis,Corporate,United States,West,Oregon,Office Supplies,Labels,47.88,1,0.1,28.86,8.66,Medium
ORD-2024-11039,2024-03-31,2024-04-03,Second Class,CUST-0361,Christopher Jackson,Consumer,United States,Central,Indiana,Furniture,Furnishings,87.25,2,0.0,15.25,10.49,High
ORD-2024-11040,2024-03-31,2024-04-04,Second Class,CUST-0313,Joseph Miller,Consumer,United States,West,Nevada,Furniture,Tables,1054.52,2,0.1,-98.75,49.18,Medium
ORD-2024-11041,2024-04-01,2024-04-08,Standard Class,CUST-0345,Karen Jackson,Corporate,United States,East,Pennsylvania,Furniture,Furnishings,32.34,2,0.4,-9.98,5.81,High
ORD-2024-11042,2024-04-01,2024-04-01,Same Day,CUST-0208,Sarah Thompson,Home Office,United States,West,Washington,Technology,Phones,446.81,2,0.0,109.85,39.8,Medium
ORD-2024-11043,2024-04-03,2024-04-08,Standard Class,CUST-0325,Richard Davis,Consumer,United States,South,North Carolina,Furniture,Chairs,1563.54,4,0.0,177.55,53.58,Low
ORD-2024-11044,2024-04-04,2024-04-11,Standard Class,CUST-0181,William Brown,Consumer,United States,East,New York,Furniture,Tables,571.65,2,0.15,-61.1,20.91,High
ORD-2024-11045,2024-04-04,2024-04-11,Standard Class,CUST-0106,Elizabeth Thomas,Corporate,United States,South,Florida,Furniture,Tables,1399.02,3,0.0,97.25,46.52,Medium
ORD-2024-11046,2024-04-04,2024-04-05,First Class,CUST-0299,Lisa Hernandez,Consumer,United States,South,Tennessee,Office Supplies,Art,114.24,2,0.0,37.57,15.04,Medium
ORD-2024-11047,2024-04-04,2024-04-11,Standard Class,CUST-0437,James Smith,Consumer,United States,West,California,Office Supplies,Art,105.29,2,0.0,23.35,7.85,High
ORD-2024-11048,2024-04-05,2024-04-11,Standard Class,CUST-0151,Susan Garcia,Home Office,United States,East,Pennsylvania,Technology,Copiers,10159.05,3,0.0,4178.5,291.8,Medium
ORD-2024-11049,2024-04-07,2024-04-12,Standard Class,CUST-0219,Nancy Martin,Consumer,United States,West,California,Technology,Phones,2145.69,3,0.0,709.18,67.43,Medium
ORD-2024-11050,2024-04-08,2024-04-13,Standard Class,CUST-0309,Barbara Lee,Consumer,United States,South,Tennessee,Furniture,Bookcases,578.51,4,0.3,-210.25,26.0,High
ORD-2024-11051,2024-04-09,2024-04-13,Second Class,CUST-0258,Lisa Brown,Consumer,United States,East,New Jersey,Office Supplies,Paper,234.96,3,0.1,76.14,19.9,High
ORD-2024-11052,2024-04-10,2024-04-15,Standard Class,CUST-0373,Nancy Smith,Corporate,United States,West,California,Technology,Phones,4628.55,5,0.0,1166.03,141.85,Medium
ORD-2024-11053,2024-04-11,2024-04-18,Standard Class,CUST-0345,Karen Jackson,Corporate,United States,West,California,Office Supplies,Labels,30.05,2,0.0,15.21,5.74,Medium
ORD-2024-11054,2024-04-11,2024-04-18,Standard Class,CUST-0026,Jessica Smith,Corporate,United States,East,Pennsylvania,Furniture,Furnishings,88.81,3,0.0,15.1,9.84,High
ORD-2024-11055,2024-04-12,2024-04-15,Second Class,CUST-0449,John Taylor,Consumer,United States,South,North Carolina,Technology,Accessories,770.8,4,0.3,57.87,44.83,Low
ORD-2024-11056,2024-04-13,2024-04-19,Standard Class,CUST-0339,John Smith,Consumer,United States,Central,Indiana,Office Supplies,Envelopes,26.43,1,0.0,5.71,3.19,Critical
ORD-2024-11057,2024-04-14,2024-04-17,Second Class,CUST-0380,Charles White,Corporate,United States,South,North Carolina,Technology,Machines,1151.38,2,0.5,-1018.5,53.06,Medium
ORD-2024-11058,2024-04-14,2024-04-16,First Class,CUST-0304,Barbara Martinez,Consumer,United States,East,Ohio,Furniture,Bookcases,811.33,3,0.0,10.6,55.84,Critical
ORD-2024-11059,2024-04-15,2024-04-17,First Class,CUST-0373,Nancy Smith,Corporate,United States,West,Arizona,Furniture,Furnishings,94.76,1,0.2,5.65,9.48,Medium
ORD-2024-11060,2024-04-15,2024-04-22,Standard Class,CUST-0052,Jennifer Thompson,Consumer,United States,South,North Carolina,Technology,Copiers,7245.09,2,0.0,2540.86,207.76,Medium
ORD-2024-11061,2024-04-15,2024-04-18,Second Class,CUST-0169,Robert Hernandez,Consumer,United States,West,Washington,Office Supplies,Art,190.47,3,0.0,51.0,18.12,Medium
ORD-2024-11062,2024-04-17,2024-04-22,Standard Class,CUST-0384,William Jackson,Corporate,United States,South,Georgia,Office Supplies,Appliances,908.8,8,0.0,193.19,45.05,Critical
ORD-2024-11063,2024-04-17,2024-04-22,Standard Class,CUST-0101,Barbara Martinez,Consumer,United States,East,Pennsylvania,Technology,Machines,4417.3,6,0.1,-424.48,138.38,Low
ORD-2024-11064,2024-04-18,2024-04-25,Standard Class,CUST-0029,Nancy Jones,Corporate,United States,West,Colorado,Furniture,Tables,582.0,2,0.0,-6.0,21.2,Low
ORD-2024-11065,2024-04-18,2024-04-24,Standard Class,CUST-0351,Karen Rodriguez,Consumer,United States,Central,Indiana,Technology,Accessories,749.37,3,0.0,277.77,28.33,High
ORD-2024-11066,2024-04-18,2024-04-22,Second Class,CUST-0369,John Anderson,Corporate,United States,South,Tennessee,Office Supplies,Art,38.93,1,0.2,2.43,5.06,Medium
ORD-2024-11067,2024-04-19,2024-04-26,Standard Class,CUST-0083,Jessica Gonzalez,Consumer,United States,South,Tennessee,Technology,Phones,429.64,1,0.0,119.8,14.48,Medium
ORD-2024-11068,2024-04-20,2024-04-24,Second Class,CUST-0373,Nancy Smith,Corporate,United States,West,Arizona,Furniture,Chairs,964.59,5,0.0,172.95,56.08,Medium
ORD-2024-11069,2024-04-20,2024-04-22,First Class,CUST-0312,Nancy Martin,Consumer,United States,West,Nevada,Technology,Copiers,1580.02,1,0.2,248.63,86.71,Medium
ORD-2024-11070,2024-04-20,2024-04-27,Standard Class,CUST-0246,Daniel Lee,Corporate,United States,East,Ohio,Technology,Accessories,234.63,2,0.1,62.96,11.47,High
ORD-2024-11071,2024-04-20,2024-04-27,Standard Class,CUST-0368,Patricia Martinez,Consumer,United States,Central,Michigan,Office Supplies,Storage,1561.35,8,0.2,24.28,63.32,Medium
ORD-2024-11072,2024-04-20,2024-04-27,Standard Class,CUST-0202,Jessica Wilson,Corporate,United States,Central,Illinois,Office Supplies,Fasteners,88.42,5,0.0,23.35,14.73,High
ORD-2024-11073,2024-04-20,2024-04-20,Same Day,CUST-0094,David Martin,Corporate,United States,West,Nevada,Furniture,Furnishings,342.28,5,0.0,62.91,49.91,High
ORD-2024-11074,2024-04-21,2024-04-27,Standard Class,CUST-0134,William Brown,Consumer,United States,South,Florida,Office Supplies,Fasteners,81.62,6,0.0,23.05,16.99,Low
ORD-2024-11075,2024-04-21,2024-04-27,Standard Class,CUST-0242,Karen Jones,Consumer,United States,Central,Michigan,Furniture,Furnishings,340.31,4,0.3,-56.21,19.33,Medium
ORD-2024-11076,2024-04-22,2024-04-25,Second Class,CUST-0255,Joseph Hernandez,Corporate,United States,South,Georgia,Technology,Accessories,147.78,1,0.3,-1.35,9.41,High
ORD-2024-11077,2024-04-24,2024-05-01,Standard Class,CUST-0360,Charles Jackson,Home Office,United States,East,Pennsylvania,Technology,Accessories,163.82,3,0.5,-65.79,11.94,Medium
ORD-2024-11078,2024-04-24,2024-04-29,Standard Class,CUST-0354,Sarah Thompson,Corporate,United States,East,Pennsylvania,Furniture,Tables,387.89,2,0.0,8.19,15.76,Medium
ORD-2024-11079,2024-04-25,2024-05-02,Standard Class,CUST-0280,Jessica Anderson,Consumer,United States,South,Virginia,Office Supplies,Storage,152.41,2,0.2,2.16,9.17,Medium
ORD-2024-11080,2024-04-25,2024-04-27,First Class,CUST-0348,Joseph Wilson,Corporate,United States,East,Pennsylvania,Office Supplies,Storage,1010.93,5,0.0,236.86,75.32,Medium
ORD-2024-11081,2024-04-26,2024-04-29,Second Class,CUST-0094,David Martin,Corporate,United States,South,Virginia,Technology,Machines,1879.18,2,0.1,-21.75,82.17,Medium
ORD-2024-11082,2024-04-26,2024-04-30,Second Class,CUST-0022,William Garcia,Corporate,United States,South,Virginia,Furniture,Tables,373.52,1,0.2,-70.04,18.44,High
ORD-2024-11083,2024-04-26,2024-05-01,Standard Class,CUST-0382,Elizabeth Garcia,Consumer,United States,Central,Illinois,Technology,Accessories,338.02,2,0.0,116.36,14.36,Critical
ORD-2024-11084,2024-04-27,2024-05-04,Standard Class,CUST-0029,Nancy Jones,Corporate,United States,East,Pennsylvania,Office Supplies,Binders,67.23,1,0.0,33.02,4.33,High
ORD-2024-11085,2024-04-27,2024-04-30,Second Class,CUST-0120,Elizabeth Johnson,Consumer,United States,West,Arizona,Office Supplies,Fasteners,229.98,6,0.0,77.75,30.2,Medium
ORD-2024-11086,2024-04-27,2024-05-04,Standard Class,CUST-0313,Joseph Miller,Consumer,United States,West,Washington,Technology,Copiers,8929.87,3,0.2,2210.28,257.39,Low
ORD-2024-11087,2024-04-27,2024-05-04,Standard Class,CUST-0193,Jessica Martin,Consumer,United States,West,Washington,Office Supplies,Labels,89.44,3,0.0,37.12,9.85,Critical
ORD-2024-11088,2024-04-28,2024-04-29,First Class,CUST-0384,William Jackson,Corporate,United States,West,Washington,Office Supplies,Supplies,120.51,3,0.0,4.6,19.92,High
ORD-2024-11089,2024-04-29,2024-05-03,Second Class,CUST-0144,Jennifer Perez,Home Office,United States,West,Colorado,Technology,Phones,1381.67,4,0.7,-2156.93,69.27,Medium
ORD-2024-11090,2024-04-29,2024-05-04,Standard Class,CUST-0007,Lisa Martinez,Consumer,United States,West,Arizona,Furniture,Chairs,932.07,4,0.0,117.42,35.9,Medium
ORD-2024-11091,2024-04-29,2024-05-04,Standard Class,CUST-0148,Daniel Brown,Corporate,United States,East,Ohio,Furniture,Furnishings,321.14,3,0.0,53.86,16.34,High
ORD-2024-11092,2024-04-29,2024-05-02,Second Class,CUST-0278,Mary Wilson,Consumer,United States,East,New Jersey,Technology,Machines,2655.92,7,0.1,-12.42,130.74,Medium
ORD-2024-11093,2024-04-30,2024-05-06,Standard Class,CUST-0179,Karen Brown,Corporate,United States,West,Arizona,Furniture,Tables,2772.36,9,0.2,-513.65,99.68,Medium
ORD-2024-11094,2024-05-02,2024-05-04,First Class,CUST-0256,Barbara Wilson,Consumer,United States,West,Nevada,Technology,Machines,9757.27,10,0.0,-191.44,552.88,Medium
ORD-2024-11095,2024-05-02,2024-05-05,Second Class,CUST-0384,William Jackson,Corporate,United States,Central,Illinois,Furniture,Chairs,1630.25,4,0.1,131.88,79.21,Medium
ORD-2024-11096,2024-05-02,2024-05-08,Standard Class,CUST-0407,Daniel Wilson,Consumer,United States,East,New Jersey,Office Supplies,Paper,137.99,7,0.0,53.67,21.01,Critical
ORD-2024-11097,2024-05-03,2024-05-10,Standard Class,CUST-0127,Thomas Jackson,Consumer,United States,East,Pennsylvania,Furniture,Chairs,616.22,2,0.1,56.78,22.15,Critical
ORD-2024-11098,2024-05-03,2024-05-10,Standard Class,CUST-0220,James Davis,Corporate,United States,Central,Michigan,Technology,Machines,5183.91,6,0.0,424.83,159.85,Medium
ORD-2024-11099,2024-05-03,2024-05-10,Standard Class,CUST-0266,Karen Lopez,Consumer,United States,South,North Carolina,Technology,Phones,8469.73,7,0.0,2056.08,254.3,Medium
ORD-2024-11100,2024-05-04,2024-05-10,Standard Class,CUST-0426,Jennifer Gonzalez,Home Office,United States,East,Pennsylvania,Furniture,Furnishings,854.93,7,0.1,82.78,41.09,Medium
ORD-2024-11101,2024-05-04,2024-05-10,Standard Class,CUST-0449,John Taylor,Consumer,United States,Central,Indiana,Technology,Copiers,3165.07,5,0.4,-83.63,100.87,Medium
ORD-2024-11102,2024-05-04,2024-05-04,Same Day,CUST-0118,Karen Lee,Consumer,United States,South,Georgia,Furniture,Bookcases,507.72,2,0.15,-73.57,43.69,Medium
ORD-2024-11103,2024-05-05,2024-05-05,Same Day,CUST-0328,James Thomas,Consumer,United States,South,Tennessee,Technology,Machines,541.71,1,0.4,-358.84,40.27,High
ORD-2024-11104,2024-05-06,2024-05-13,Standard Class,CUST-0179,Karen Brown,Corporate,United States,East,New Jersey,Office Supplies,Appliances,369.25,2,0.15,25.35,15.24,Medium
ORD-2024-11105,2024-05-07,2024-05-14,Standard Class,CUST-0006,Charles Smith,Corporate,United States,Central,Texas,Office Supplies,Fasteners,102.58,4,0.0,33.11,12.67,Medium
ORD-2024-11106,2024-05-08,2024-05-12,Second Class,CUST-0006,Charles Smith,Corporate,United States,West,Arizona,Office Supplies,Paper,62.49,1,0.0,19.17,6.0,Medium
ORD-2024-11107,2024-05-08,2024-05-15,Standard Class,CUST-0219,Nancy Martin,Consumer,United States,East,Ohio,Technology,Phones,1044.56,3,0.3,-77.28,36.6,Medium
ORD-2024-11108,2024-05-08,2024-05-09,First Class,CUST-0229,Jennifer Perez,Consumer,United States,South,Virginia,Office Supplies,Paper,147.21,3,0.15,45.8,21.3,Medium
ORD-2024-11109,2024-05-08,2024-05-14,Standard Class,CUST-0007,Lisa Martinez,Consumer,United States,East,New York,Technology,Copiers,5088.76,3,0.5,-985.22,149.84,Medium
ORD-2024-11110,2024-05-11,2024-05-18,Standard Class,CUST-0312,Nancy Martin,Consumer,United States,South,Florida,Office Supplies,Paper,558.04,7,0.0,224.05,32.78,Medium
ORD-2024-11111,2024-05-11,2024-05-18,Standard Class,CUST-0142,Linda Rodriguez,Home Office,United States,East,Ohio,Technology,Copiers,5795.36,4,0.0,2137.11,172.07,Critical
ORD-2024-11112,2024-05-11,2024-05-17,Standard Class,CUST-0267,Christopher Hernandez,Corporate,United States,South,Florida,Office Supplies,Binders,84.05,5,0.0,23.28,14.6,Medium
ORD-2024-11113,2024-05-11,2024-05-17,Standard Class,CUST-0148,Daniel Brown,Corporate,United States,East,Ohio,Furniture,Chairs,897.07,3,0.0,122.87,32.47,High
ORD-2024-11114,2024-05-12,2024-05-13,First Class,CUST-0084,David Taylor,Consumer,United States,West,California,Office Supplies,Storage,1028.44,5,0.0,214.0,76.23,Low
ORD-2024-11115,2024-05-13,2024-05-18,Standard Class,CUST-0191,Richard Rodriguez,Consumer,United States,East,Ohio,Office Supplies,Paper,133.3,2,0.0,53.7,8.63,High
ORD-2024-11116,2024-05-14,2024-05-20,Standard Class,CUST-0116,David Lee,Corporate,United States,West,Arizona,Furniture,Bookcases,96.99,1,0.15,-15.15,5.17,Medium
ORD-2024-11117,2024-05-14,2024-05-20,Standard Class,CUST-0256,Barbara Wilson,Consumer,United States,West,Colorado,Office Supplies,Art,288.74,7,0.0,75.04,25.23,Medium
ORD-2024-11118,2024-05-14,2024-05-20,Standard Class,CUST-0100,Nancy Thompson,Corporate,United States,South,Tennessee,Technology,Copiers,10019.56,4,0.0,3802.41,290.35,Critical
ORD-2024-11119,2024-05-15,2024-05-20,Standard Class,CUST-0243,John Rodriguez,Consumer,United States,West,Colorado,Office Supplies,Paper,266.85,4,0.15,75.42,17.27,High
ORD-2024-11120,2024-05-16,2024-05-23,Standard Class,CUST-0081,Jessica Anderson,Consumer,United States,Central,Wisconsin,Office Supplies,Fasteners,50.95,2,0.1,7.51,6.33,Medium
ORD-2024-11121,2024-05-16,2024-05-18,First Class,CUST-0309,Barbara Lee,Consumer,United States,West,Colorado,Office Supplies,Fasteners,58.68,2,0.1,9.8,12.15,Medium
ORD-2024-11122,2024-05-17,2024-05-24,Standard Class,CUST-0339,John Smith,Consumer,United States,West,Oregon,Technology,Accessories,263.79,3,0.1,81.37,14.74,Medium
ORD-2024-11123,2024-05-18,2024-05-23,Standard Class,CUST-0050,Lisa Thompson,Corporate,United States,South,Florida,Technology,Machines,718.27,1,0.3,-249.41,22.56,Medium
ORD-2024-11124,2024-05-18,2024-05-19,First Class,CUST-0223,Robert Thompson,Corporate,United States,East,Ohio,Office Supplies,Art,55.91,2,0.1,8.69,12.01,High
ORD-2024-11125,2024-05-18,2024-05-20,First Class,CUST-0029,Nancy Jones,Corporate,United States,Central,Texas,Office Supplies,Art,19.22,2,0.4,-10.5,10.1,Medium
ORD-2024-11126,2024-05-19,2024-05-24,Standard Class,CUST-0291,Christopher Martinez,Consumer,United States,Central,Indiana,Technology,Copiers,10582.92,3,0.1,3502.55,303.67,Medium
ORD-2024-11127,2024-05-19,2024-05-25,Standard Class,CUST-0125,Patricia Anderson,Consumer,United States,East,Pennsylvania,Technology,Phones,2179.07,3,0.0,549.76,68.36,Medium
ORD-2024-11128,2024-05-20,2024-05-21,First Class,CUST-0253,Richard Davis,Consumer,United States,South,Georgia,Technology,Accessories,1455.37,8,0.0,477.59,112.08,Medium
ORD-2024-11129,2024-05-22,2024-05-29,Standard Class,CUST-0246,Daniel Lee,Corporate,United States,Central,Michigan,Office Supplies,Appliances,571.64,4,0.1,65.62,25.81,Medium
ORD-2024-11130,2024-05-22,2024-05-25,Second Class,CUST-0413,Jennifer Miller,Corporate,United States,East,New York,Office Supplies,Paper,593.48,6,0.1,216.02,44.74,High
ORD-2024-11131,2024-05-23,2024-05-29,Standard Class,CUST-0266,Karen Lopez,Consumer,United States,South,North Carolina,Technology,Accessories,117.99,3,0.15,25.52,10.65,Critical
ORD-2024-11132,2024-05-23,2024-05-27,Second Class,CUST-0281,Joseph Lopez,Consumer,United States,West,California,Technology,Phones,1871.15,3,0.0,451.32,85.35,Critical
ORD-2024-11133,2024-05-24,2024-05-31,Standard Class,CUST-0188,Richard Gonzalez,Corporate,United States,East,Ohio,Furniture,Chairs,406.22,1,0.15,-11.17,13.82,Medium
ORD-2024-11134,2024-05-24,2024-05-29,Standard Class,CUST-0426,Jennifer Gonzalez,Home Office,United States,South,North Carolina,Technology,Accessories,92.17,1,0.2,15.83,5.03,Medium
ORD-2024-11135,2024-05-24,2024-05-29,Standard Class,CUST-0347,Nancy Johnson,Corporate,United States,Central,Indiana,Office Supplies,Appliances,486.73,3,0.15,19.33,20.98,Medium
ORD-2024-11136,2024-05-25,2024-05-31,Standard Class,CUST-0136,Richard Johnson,Consumer,United States,Central,Illinois,Furniture,Chairs,232.62,2,0.1,7.95,11.41,Low
ORD-2024-11137,2024-05-25,2024-05-31,Standard Class,CUST-0373,Nancy Smith,Corporate,United States,Central,Michigan,Office Supplies,Envelopes,21.89,5,0.7,-24.08,12.86,High
ORD-2024-11138,2024-05-25,2024-05-30,Standard Class,CUST-0204,Thomas Hernandez,Home Office,United States,South,Virginia,Office Supplies,Paper,266.08,3,0.0,93.66,14.8,Medium
ORD-2024-11139,2024-05-27,2024-06-03,Standard Class,CUST-0368,Patricia Martinez,Consumer,United States,South,Georgia,Furniture,Chairs,1514.49,6,0.0,229.62,57.11,Medium
ORD-2024-11140,2024-05-27,2024-05-29,First Class,CUST-0363,Susan White,Home Office,United States,West,Colorado,Technology,Phones,3539.2,9,0.2,333.81,224.99,High
ORD-2024-11141,2024-05-28,2024-05-31,Second Class,CUST-0094,David Martin,Corporate,United States,West,Arizona,Office Supplies,Fasteners,33.85,1,0.0,3.51,4.85,Medium
ORD-2024-11142,2024-05-28,2024-05-29,First Class,CUST-0317,Daniel Williams,Corporate,United States,East,Ohio,Technology,Copiers,4819.5,2,0.15,1219.74,259.71,Low
ORD-2024-11143,2024-05-29,2024-06-05,Standard Class,CUST-0140,Richard Lee,Consumer,United States,Central,Texas,Office Supplies,Fasteners,145.64,4,0.0,41.58,13.88,Low
ORD-2024-11144,2024-05-29,2024-06-02,Second Class,CUST-0143,Jessica Johnson,Corporate,United States,West,Oregon,Technology,Machines,687.48,2,0.0,31.65,34.5,High
ORD-2024-11145,2024-05-29,2024-06-04,Standard Class,CUST-0143,Jessica Johnson,Corporate,United States,West,Colorado,Office Supplies,Labels,46.73,2,0.0,26.59,6.21,Medium
ORD-2024-11146,2024-05-30,2024-06-04,Standard Class,CUST-0328,James Thomas,Consumer,United States,East,Pennsylvania,Technology,Phones,2257.93,5,0.0,515.6,75.47,Medium
ORD-2024-11147,2024-05-30,2024-06-04,Standard Class,CUST-0115,Joseph Garcia,Consumer,United States,South,Virginia,Technology,Copiers,22560.13,9,0.0,7444.7,653.73,Medium
ORD-2024-11148,2024-05-30,2024-06-04,Standard Class,CUST-0002,Karen Martinez,Consumer,United States,Central,Illinois,Furniture,Chairs,1662.56,5,0.0,244.59,58.8,High
ORD-2024-11149,2024-05-30,2024-06-06,Standard Class,CUST-0323,William Miller,Consumer,United States,East,Massachusetts,Office Supplies,Labels,100.29,3,0.2,26.77,10.16,Medium
ORD-2024-11150,2024-05-30,2024-06-06,Standard Class,CUST-0084,David Taylor,Consumer,United States,West,Colorado,Office Supplies,Storage,346.99,2,0.2,-7.84,14.62,Medium
ORD-2024-11151,2024-05-31,2024-06-07,Standard Class,CUST-0046,Joseph Williams,Home Office,United States,East,New York,Technology,Accessories,233.51,3,0.2,33.3,13.89,Medium
ORD-2024-11152,2024-05-31,2024-06-06,Standard Class,CUST-0118,Karen Lee,Consumer,United States,West,Washington,Technology,Accessories,436.74,2,0.2,70.21,17.13,Medium
ORD-2024-11153,2024-05-31,2024-06-07,Standard Class,CUST-0181,William Brown,Consumer,United States,West,Arizona,Furniture,Tables,567.91,3,0.0,19.91,23.25,Low
ORD-2024-11154,2024-06-01,2024-06-08,Standard Class,CUST-0228,Nancy Williams,Corporate,United States,South,Florida,Technology,Accessories,174.68,1,0.3,6.13,7.34,Low
ORD-2024-11155,2024-06-01,2024-06-06,Standard Class,CUST-0022,William Garcia,Corporate,United States,South,Florida,Office Supplies,Envelopes,323.25,7,0.1,99.02,26.2,High
ORD-2024-11156,2024-06-02,2024-06-08,Standard Class,CUST-0435,Sarah Taylor,Consumer,United States,West,Arizona,Furniture,Tables,1006.21,4,0.1,-73.37,37.97,Critical
ORD-2024-11157,2024-06-03,2024-06-07,Second Class,CUST-0325,Richard Davis,Consumer,United States,West,California,Office Supplies,Paper,144.45,4,0.15,39.77,19.78,Medium
ORD-2024-11158,2024-06-03,2024-06-03,Same Day,CUST-0154,John Johnson,Corporate,United States,East,New York,Office Supplies,Art,186.97,8,0.0,40.62,56.77,High
ORD-2024-11159,2024-06-03,2024-06-10,Standard Class,CUST-0154,John Johnson,Corporate,United States,East,Ohio,Furniture,Furnishings,236.86,2,0.2,-9.46,11.53,Medium
ORD-2024-11160,2024-06-04,2024-06-10,Standard Class,CUST-0211,Michael Anderson,Consumer,United States,West,Arizona,Office Supplies,Paper,106.78,1,0.0,43.4,5.44,Medium
ORD-2024-11161,2024-06-04,2024-06-10,Standard Class,CUST-0298,Lisa Gonzalez,Corporate,United States,West,Colorado,Technology,Accessories,891.38,5,0.0,294.65,37.21,Medium
ORD-2024-11162,2024-06-05,2024-06-11,Standard Class,CUST-0079,James Gonzalez,Consumer,United States,West,Washington,Technology,Machines,5470.05,10,0.0,156.7,177.66,Critical
ORD-2024-11163,2024-06-06,2024-06-11,Standard Class,CUST-0094,David Martin,Corporate,United States,Central,Texas,Office Supplies,Binders,68.08,3,0.0,29.1,9.26,Medium
ORD-2024-11164,2024-06-07,2024-06-08,First Class,CUST-0375,John Thompson,Corporate,United States,Central,Illinois,Technology,Accessories,60.01,1,0.3,1.98,7.67,High
ORD-2024-11165,2024-06-07,2024-06-11,Second Class,CUST-0121,William Wilson,Home Office,United States,Central,Michigan,Technology,Copiers,1026.51,5,0.7,-1100.46,58.56,High
ORD-2024-11166,2024-06-07,2024-06-09,First Class,CUST-0181,William Brown,Consumer,United States,East,Pennsylvania,Office Supplies,Paper,106.24,1,0.0,40.13,10.07,Medium
ORD-2024-11167,2024-06-09,2024-06-15,Standard Class,CUST-0381,Joseph Miller,Home Office,United States,South,Georgia,Furniture,Tables,1364.12,3,0.0,43.97,45.55,Medium
ORD-2024-11168,2024-06-09,2024-06-14,Standard Class,CUST-0306,Joseph Garcia,Home Office,United States,South,North Carolina,Furniture,Bookcases,498.05,2,0.0,17.04,18.85,Critical
ORD-2024-11169,2024-06-10,2024-06-11,First Class,CUST-0168,Christopher Lopez,Home Office,United States,West,Oregon,Office Supplies,Paper,336.6,7,0.2,62.44,49.35,Medium
ORD-2024-11170,2024-06-12,2024-06-19,Standard Class,CUST-0311,Daniel Martinez,Consumer,United States,West,Arizona,Technology,Phones,1823.08,2,0.0,416.98,55.95,Critical
ORD-2024-11171,2024-06-13,2024-06-19,Standard Class,CUST-0007,Lisa Martinez,Consumer,United States,East,Pennsylvania,Office Supplies,Storage,831.4,6,0.4,-242.82,37.98,Medium
ORD-2024-11172,2024-06-16,2024-06-21,Standard Class,CUST-0331,Sarah Miller,Home Office,United States,West,Nevada,Technology,Machines,1307.58,2,0.15,-100.89,41.51,Critical
ORD-2024-11173,2024-06-16,2024-06-23,Standard Class,CUST-0229,Jennifer Perez,Consumer,United States,East,New Jersey,Furniture,Tables,827.37,2,0.3,-316.43,28.07,Critical
ORD-2024-11174,2024-06-18,2024-06-25,Standard Class,CUST-0361,Christopher Jackson,Consumer,United States,East,New York,Office Supplies,Labels,312.17,8,0.1,102.74,28.34,Medium
ORD-2024-11175,2024-06-19,2024-06-25,Standard Class,CUST-0429,Joseph Moore,Consumer,United States,East,Pennsylvania,Furniture,Tables,537.49,1,0.15,-73.44,17.5,Medium
ORD-2024-11176,2024-06-19,2024-06-25,Standard Class,CUST-0413,Jennifer Miller,Corporate,United States,East,New Jersey,Office Supplies,Fasteners,76.95,3,0.1,20.56,9.5,Medium
ORD-2024-11177,2024-06-20,2024-06-25,Standard Class,CUST-0407,Daniel Wilson,Consumer,United States,East,Pennsylvania,Office Supplies,Binders,86.14,2,0.2,13.62,7.31,Medium
ORD-2024-11178,2024-06-20,2024-06-27,Standard Class,CUST-0246,Daniel Lee,Corporate,United States,South,Georgia,Office Supplies,Storage,919.72,5,0.2,10.13,38.0,High
ORD-2024-11179,2024-06-20,2024-06-24,Second Class,CUST-0175,Linda Garcia,Corporate,United States,West,Nevada,Technology,Accessories,223.69,1,0.1,69.82,12.45,Medium
ORD-2024-11180,2024-06-21,2024-06-27,Standard Class,CUST-0221,Susan Rodriguez,Home Office,United States,Central,Texas,Furniture,Furnishings,129.53,2,0.15,2.75,8.53,Critical
ORD-2024-11181,2024-06-23,2024-06-30,Standard Class,CUST-0312,Nancy Martin,Consumer,United States,West,Oregon,Office Supplies,Labels,26.69,4,0.4,-10.53,10.55,Critical
ORD-2024-11182,2024-06-23,2024-06-28,Standard Class,CUST-0391,Jennifer Garcia,Consumer,United States,West,California,Furniture,Tables,439.84,2,0.4,-265.16,17.22,High
ORD-2024-11183,2024-06-24,2024-06-26,First Class,CUST-0102,Mary Hernandez,Home Office,United States,East,Ohio,Office Supplies,Supplies,21.73,1,0.15,-6.14,5.68,Medium
ORD-2024-11184,2024-06-25,2024-07-01,Standard Class,CUST-0411,Patricia Moore,Consumer,United States,West,Nevada,Furniture,Chairs,1648.64,4,0.0,197.64,55.96,Medium
ORD-2024-11185,2024-06-25,2024-07-02,Standard Class,CUST-0361,Christopher Jackson,Consumer,United States,West,Colorado,Technology,Copiers,5616.78,3,0.0,2430.93,164.62,Critical
ORD-2024-11186,2024-06-26,2024-06-27,First Class,CUST-0439,Jennifer Gonzalez,Consumer,United States,West,Arizona,Technology,Accessories,156.51,1,0.3,0.54,12.69,Critical
ORD-2024-11187,2024-06-26,2024-06-30,Second Class,CUST-0386,Michael Jackson,Home Office,United States,East,New York,Office Supplies,Binders,130.61,3,0.0,51.34,15.72,Medium
ORD-2024-11188,2024-06-27,2024-07-02,Standard Class,CUST-0133,Charles Martinez,Consumer,United States,Central,Michigan,Furniture,Furnishings,366.15,7,0.0,78.58,27.4,Medium
ORD-2024-11189,2024-06-27,2024-07-03,Standard Class,CUST-0047,Robert Rodriguez,Home Office,United States,West,Oregon,Technology,Machines,555.28,1,0.0,30.65,18.0,Medium
ORD-2024-11190,2024-06-29,2024-07-06,Standard Class,CUST-0052,Jennifer Thompson,Consumer,United States,Central,Michigan,Office Supplies,Labels,111.2,3,0.1,38.7,10.46,Critical
ORD-2024-11191,2024-06-29,2024-07-02,Second Class,CUST-0140,Richard Lee,Consumer,United States,West,Oregon,Furniture,Tables,2297.8,4,0.1,-237.27,105.91,High
ORD-2024-11192,2024-06-30,2024-07-05,Standard Class,CUST-0293,James Taylor,Corporate,United States,Central,Indiana,Office Supplies,Labels,45.28,1,0.0,24.05,3.72,Medium
ORD-2024-11193,2024-06-30,2024-07-02,First Class,CUST-0360,Charles Jackson,Home Office,United States,East,New Jersey,Technology,Phones,461.46,1,0.0,157.8,28.55,High
ORD-2024-11194,2024-06-30,2024-07-02,First Class,CUST-0398,Richard Perez,Consumer,United States,Central,Texas,Office Supplies,Appliances,169.34,2,0.2,-15.48,17.91,Medium
ORD-2024-11195,2024-07-01,2024-07-08,Standard Class,CUST-0295,Daniel Martin,Corporate,United States,South,Georgia,Furniture,Furnishings,98.85,5,0.4,-43.23,15.02,High
ORD-2024-11196,2024-07-02,2024-07-09,Standard Class,CUST-0005,Elizabeth Martinez,Corporate,United States,South,Florida,Office Supplies,Envelopes,57.36,1,0.0,22.85,4.06,High
ORD-2024-11197,2024-07-03,2024-07-10,Standard Class,CUST-0091,Christopher Gonzalez,Consumer,United States,West,Washington,Technology,Machines,3543.89,5,0.0,161.5,111.48,Critical
ORD-2024-11198,2024-07-03,2024-07-10,Standard Class,CUST-0045,William Anderson,Consumer,United States,South,Florida,Technology,Accessories,169.38,4,0.15,48.51,14.54,High
ORD-2024-11199,2024-07-04,2024-07-10,Standard Class,CUST-0176,Joseph Lopez,Consumer,United States,West,California,Technology,Accessories,201.7,2,0.2,30.67,10.55,Medium
ORD-2024-11200,2024-07-05,2024-07-06,First Class,CUST-0242,Karen Jones,Consumer,United States,South,Florida,Office Supplies,Binders,156.12,3,0.2,26.8,21.77,High
ORD-2024-11201,2024-07-06,2024-07-13,Standard Class,CUST-0022,William Garcia,Corporate,United States,West,Oregon,Technology,Copiers,7647.02,8,0.15,2373.48,233.72,Critical
ORD-2024-11202,2024-07-06,2024-07-12,Standard Class,CUST-0170,Karen Williams,Consumer,United States,East,Ohio,Office Supplies,Paper,56.79,1,0.3,-1.54,4.04,High
ORD-2024-11203,2024-07-06,2024-07-13,Standard Class,CUST-0087,David Martinez,Corporate,United States,West,Arizona,Technology,Copiers,6628.45,3,0.0,2818.69,192.95,Medium
ORD-2024-11204,2024-07-07,2024-07-12,Standard Class,CUST-0303,James Taylor,Home Office,United States,West,Nevada,Technology,Copiers,2892.43,3,0.0,1356.61,88.34,Medium
ORD-2024-11205,2024-07-07,2024-07-10,Second Class,CUST-0221,Susan Rodriguez,Home Office,United States,Central,Illinois,Technology,Phones,206.47,1,0.1,32.25,11.76,Medium
ORD-2024-11206,2024-07-07,2024-07-14,Standard Class,CUST-0234,Thomas Miller,Corporate,United States,South,North Carolina,Office Supplies,Fasteners,9.3,1,0.2,-5.35,2.71,Medium
ORD-2024-11207,2024-07-07,2024-07-10,Second Class,CUST-0204,Thomas Hernandez,Home Office,United States,Central,Texas,Office Supplies,Labels,43.74,1,0.1,9.54,5.25,Medium
ORD-2024-11208,2024-07-08,2024-07-14,Standard Class,CUST-0430,Karen Wilson,Home Office,United States,Central,Texas,Office Supplies,Fasteners,9.35,2,0.5,-2.07,5.16,Medium
ORD-2024-11209,2024-07-10,2024-07-13,Second Class,CUST-0107,Barbara Smith,Consumer,United States,Central,Indiana,Office Supplies,Binders,38.82,1,0.2,2.81,5.05,Low
ORD-2024-11210,2024-07-10,2024-07-16,Standard Class,CUST-0246,Daniel Lee,Corporate,United States,West,Nevada,Technology,Accessories,660.41,5,0.15,155.28,30.74,High
ORD-2024-11211,2024-07-11,2024-07-12,First Class,CUST-0331,Sarah Miller,Home Office,United States,West,California,Office Supplies,Art,364.06,10,0.0,104.51,64.43,Medium
ORD-2024-11212,2024-07-11,2024-07-18,Standard Class,CUST-0267,Christopher Hernandez,Corporate,United States,West,California,Furniture,Chairs,218.59,1,0.0,33.24,8.57,Medium
ORD-2024-11213,2024-07-12,2024-07-15,Second Class,CUST-0414,Joseph Smith,Consumer,United States,East,Pennsylvania,Office Supplies,Envelopes,41.45,2,0.2,-2.93,8.66,Low
ORD-2024-11214,2024-07-12,2024-07-16,Second Class,CUST-0179,Karen Brown,Corporate,United States,West,Washington,Technology,Copiers,3828.53,1,0.0,1294.87,156.64,Medium
ORD-2024-11215,2024-07-12,2024-07-13,First Class,CUST-0220,James Davis,Corporate,United States,West,Washington,Office Supplies,Appliances,351.18,1,0.0,45.35,22.81,Low
ORD-2024-11216,2024-07-12,2024-07-19,Standard Class,CUST-0036,Patricia Jones,Corporate,United States,West,Washington,Technology,Copiers,1593.69,2,0.3,194.98,49.52,High
ORD-2024-11217,2024-07-13,2024-07-17,Second Class,CUST-0292,James Brown,Corporate,United States,West,Arizona,Technology,Copiers,4186.67,2,0.3,733.32,174.47,Medium
ORD-2024-11218,2024-07-13,2024-07-19,Standard Class,CUST-0138,William Gonzalez,Consumer,United States,South,Florida,Technology,Machines,6101.67,7,0.0,666.39,188.0,Critical
ORD-2024-11219,2024-07-14,2024-07-14,Same Day,CUST-0082,Thomas Thompson,Consumer,United States,West,California,Technology,Copiers,1103.95,2,0.2,259.96,81.85,Medium
ORD-2024-11220,2024-07-14,2024-07-19,Standard Class,CUST-0259,Charles Rodriguez,Consumer,United States,East,Pennsylvania,Furniture,Furnishings,272.77,3,0.0,49.94,14.99,Medium
ORD-2024-11221,2024-07-16,2024-07-21,Standard Class,CUST-0255,Joseph Hernandez,Corporate,United States,East,Massachusetts,Office Supplies,Binders,48.07,1,0.0,11.86,3.8,High
ORD-2024-11222,2024-07-16,2024-07-23,Standard Class,CUST-0029,Nancy Jones,Corporate,United States,East,Pennsylvania,Office Supplies,Supplies,85.77,1,0.1,-8.53,4.85,High
ORD-2024-11223,2024-07-16,2024-07-22,Standard Class,CUST-0315,Elizabeth Thomas,Home Office,United States,West,Colorado,Technology,Accessories,970.63,6,0.2,163.27,41.88,High
ORD-2024-11224,2024-07-16,2024-07-23,Standard Class,CUST-0295,Daniel Martin,Corporate,United States,West,Nevada,Technology,Accessories,48.7,1,0.0,17.9,3.81,High
ORD-2024-11225,2024-07-16,2024-07-18,First Class,CUST-0094,David Martin,Corporate,United States,West,Colorado,Furniture,Bookcases,2094.95,8,0.0,80.45,145.34,High
ORD-2024-11226,2024-07-17,2024-07-18,First Class,CUST-0225,Nancy Thomas,Consumer,United States,East,Massachusetts,Office Supplies,Appliances,346.03,1,0.0,76.41,22.54,High
ORD-2024-11227,2024-07-17,2024-07-24,Standard Class,CUST-0326,Barbara Perez,Consumer,United States,West,Nevada,Technology,Accessories,232.14,3,0.7,-274.69,13.85,Critical
ORD-2024-11228,2024-07-17,2024-07-18,First Class,CUST-0255,Joseph Hernandez,Corporate,United States,East,Massachusetts,Furniture,Furnishings,742.66,10,0.15,31.92,84.12,High
ORD-2024-11229,2024-07-19,2024-07-26,Standard Class,CUST-0187,Charles Taylor,Consumer,United States,Central,Indiana,Technology,Accessories,254.51,1,0.0,78.35,9.58,Medium
ORD-2024-11230,2024-07-19,2024-07-20,First Class,CUST-0154,John Johnson,Corporate,United States,East,Pennsylvania,Furniture,Tables,1053.94,2,0.0,21.29,63.9,High
ORD-2024-11231,2024-07-19,2024-07-26,Standard Class,CUST-0292,James Brown,Corporate,United States,East,Pennsylvania,Technology,Accessories,997.98,5,0.1,267.0,40.19,Medium
ORD-2024-11232,2024-07-20,2024-07-22,First Class,CUST-0421,Joseph Thomas,Home Office,United States,East,Massachusetts,Technology,Copiers,1258.45,1,0.15,396.37,69.99,Medium
ORD-2024-11233,2024-07-20,2024-07-26,Standard Class,CUST-0309,Barbara Lee,Consumer,United States,South,Virginia,Technology,Accessories,223.42,4,0.2,36.65,16.06,Medium
ORD-2024-11234,2024-07-23,2024-07-29,Standard Class,CUST-0029,Nancy Jones,Corporate,United States,West,Arizona,Technology,Accessories,140.27,1,0.0,52.22,6.38,Medium
ORD-2024-11235,2024-07-23,2024-07-29,Standard Class,CUST-0219,Nancy Martin,Consumer,United States,Central,Michigan,Technology,Copiers,824.55,1,0.5,-165.45,25.54,Medium
ORD-2024-11236,2024-07-25,2024-07-28,Second Class,CUST-0392,William Brown,Consumer,United States,Central,Michigan,Furniture,Furnishings,109.21,1,0.0,11.11,7.87,Medium
ORD-2024-11237,2024-07-25,2024-07-28,Second Class,CUST-0041,Charles Rodriguez,Home Office,United States,East,New York,Technology,Machines,10633.52,7,0.0,371.98,449.84,High
ORD-2024-11238,2024-07-26,2024-08-01,Standard Class,CUST-0445,Barbara Jones,Consumer,United States,West,Oregon,Technology,Phones,993.21,1,0.0,254.72,30.26,Medium
ORD-2024-11239,2024-07-27,2024-08-01,Standard Class,CUST-0426,Jennifer Gonzalez,Home Office,United States,East,Ohio,Technology,Accessories,204.4,1,0.1,45.9,8.17,Medium
ORD-2024-11240,2024-07-28,2024-08-03,Standard Class,CUST-0029,Nancy Jones,Corporate,United States,West,Washington,Office Supplies,Storage,381.6,3,0.4,-128.03,18.03,Critical
ORD-2024-11241,2024-07-28,2024-08-04,Standard Class,CUST-0419,Elizabeth Taylor,Consumer,United States,West,Nevada,Furniture,Furnishings,111.52,2,0.15,2.86,8.02,Critical
ORD-2024-11242,2024-07-28,2024-08-02,Standard Class,CUST-0175,Linda Garcia,Corporate,United States,West,California,Office Supplies,Labels,32.0,2,0.1,13.7,5.8,Medium
ORD-2024-11243,2024-07-28,2024-08-03,Standard Class,CUST-0373,Nancy Smith,Corporate,United States,West,Nevada,Furniture,Tables,395.73,1,0.0,21.51,13.53,Critical
ORD-2024-11244,2024-07-29,2024-08-01,Second Class,CUST-0202,Jessica Wilson,Corporate,United States,East,Pennsylvania,Technology,Machines,3406.59,4,0.0,37.26,150.26,High
ORD-2024-11245,2024-07-29,2024-08-03,Standard Class,CUST-0208,Sarah Thompson,Home Office,United States,South,North Carolina,Technology,Copiers,4365.62,3,0.1,1382.33,129.59,Medium
ORD-2024-11246,2024-07-30,2024-08-02,Second Class,CUST-0299,Lisa Hernandez,Consumer,United States,West,Colorado,Furniture,Tables,963.94,2,0.15,-123.89,45.56,High
ORD-2024-11247,2024-07-31,2024-08-01,First Class,CUST-0347,Nancy Johnson,Corporate,United States,South,Tennessee,Furniture,Furnishings,71.74,1,0.2,-3.29,8.28,Low
ORD-2024-11248,2024-07-31,2024-08-05,Standard Class,CUST-0018,William Rodriguez,Consumer,United States,South,Florida,Office Supplies,Supplies,277.82,3,0.0,42.02,15.13,High
ORD-2024-11249,2024-07-31,2024-08-03,Second Class,CUST-0288,Daniel Taylor,Corporate,United States,South,Tennessee,Office Supplies,Storage,837.02,5,0.0,234.89,50.98,Medium
ORD-2024-11250,2024-08-01,2024-08-06,Standard Class,CUST-0091,Christopher Gonzalez,Consumer,United States,South,Tennessee,Furniture,Chairs,682.49,2,0.0,104.46,24.01,Medium
ORD-2024-11251,2024-08-01,2024-08-06,Standard Class,CUST-0169,Robert Hernandez,Consumer,United States,East,Ohio,Furniture,Furnishings,87.2,1,0.3,-14.4,4.89,Medium
ORD-2024-11252,2024-08-02,2024-08-03,First Class,CUST-0169,Robert Hernandez,Consumer,United States,West,Arizona,Technology,Phones,322.17,1,0.1,30.03,21.3,Medium
ORD-2024-11253,2024-08-03,2024-08-10,Standard Class,CUST-0225,Nancy Thomas,Consumer,United States,East,Pennsylvania,Technology,Copiers,3927.05,4,0.0,1624.14,119.76,Medium
ORD-2024-11254,2024-08-03,2024-08-09,Standard Class,CUST-0158,Susan Johnson,Consumer,United States,East,Ohio,Office Supplies,Fasteners,232.95,9,0.0,63.4,28.57,Medium
ORD-2024-11255,2024-08-03,2024-08-06,Second Class,CUST-0048,Nancy Rodriguez,Consumer,United States,South,Tennessee,Technology,Copiers,2844.86,1,0.0,1185.37,117.29,Medium
ORD-2024-11256,2024-08-04,2024-08-09,Standard Class,CUST-0079,James Gonzalez,Consumer,United States,South,Georgia,Office Supplies,Art,85.12,2,0.1,21.7,7.28,Medium
ORD-2024-11257,2024-08-06,2024-08-10,Second Class,CUST-0018,William Rodriguez,Consumer,United States,East,New Jersey,Furniture,Chairs,261.39,1,0.2,-36.55,13.96,Medium
ORD-2024-11258,2024-08-06,2024-08-08,First Class,CUST-0226,Richard Martin,Consumer,United States,East,Pennsylvania,Furniture,Tables,454.77,2,0.5,-448.96,32.75,Medium
ORD-2024-11259,2024-08-07,2024-08-12,Standard Class,CUST-0429,Joseph Moore,Consumer,United States,West,Colorado,Technology,Accessories,369.59,2,0.1,110.21,15.25,Medium
ORD-2024-11260,2024-08-07,2024-08-12,Standard Class,CUST-0054,Thomas Smith,Consumer,United States,West,Colorado,Office Supplies,Fasteners,109.89,7,0.0,33.03,20.23,Low
ORD-2024-11261,2024-08-08,2024-08-08,Same Day,CUST-0426,Jennifer Gonzalez,Home Office,United States,East,Massachusetts,Furniture,Chairs,152.71,1,0.15,-0.5,15.37,High
ORD-2024-11262,2024-08-09,2024-08-12,Second Class,CUST-0330,Sarah Hernandez,Consumer,United States,East,Pennsylvania,Furniture,Chairs,2104.8,5,0.2,-135.93,101.69,Medium
ORD-2024-11263,2024-08-10,2024-08-13,Second Class,CUST-0301,Elizabeth Rodriguez,Corporate,United States,South,Virginia,Technology,Phones,2207.09,2,0.0,500.66,95.28,Medium
ORD-2024-11264,2024-08-10,2024-08-16,Standard Class,CUST-0302,William Martin,Consumer,United States,East,Massachusetts,Technology,Accessories,590.1,5,0.3,29.27,28.77,Medium
ORD-2024-11265,2024-08-10,2024-08-16,Standard Class,CUST-0365,Patricia Martinez,Corporate,United States,South,North Carolina,Furniture,Chairs,1054.2,3,0.2,-74.11,36.87,High
ORD-2024-11266,2024-08-11,2024-08-17,Standard Class,CUST-0048,Nancy Rodriguez,Consumer,United States,Central,Illinois,Technology,Accessories,101.12,1,0.1,27.96,5.28,Medium
ORD-2024-11267,2024-08-11,2024-08-17,Standard Class,CUST-0242,Karen Jones,Consumer,United States,South,Tennessee,Office Supplies,Envelopes,358.61,8,0.1,113.8,29.64,Medium
ORD-2024-11268,2024-08-11,2024-08-13,First Class,CUST-0315,Elizabeth Thomas,Home Office,United States,West,Oregon,Office Supplies,Labels,25.77,1,0.15,1.6,5.89,Medium
ORD-2024-11269,2024-08-12,2024-08-18,Standard Class,CUST-0286,Mary Johnson,Consumer,United States,South,North Carolina,Technology,Machines,2899.43,3,0.15,-355.39,88.53,Medium
ORD-2024-11270,2024-08-13,2024-08-18,Standard Class,CUST-0368,Patricia Martinez,Consumer,United States,Central,Indiana,Office Supplies,Art,142.63,6,0.0,44.33,18.69,Medium
ORD-2024-11271,2024-08-15,2024-08-21,Standard Class,CUST-0029,Nancy Jones,Corporate,United States,West,Oregon,Technology,Machines,1405.78,1,0.0,74.9,41.81,Low
ORD-2024-11272,2024-08-15,2024-08-21,Standard Class,CUST-0312,Nancy Martin,Consumer,United States,West,Nevada,Office Supplies,Binders,52.28,3,0.0,14.93,8.81,Medium
ORD-2024-11273,2024-08-16,2024-08-17,First Class,CUST-0256,Barbara Wilson,Consumer,United States,South,Tennessee,Technology,Copiers,14501.07,5,0.2,3150.08,776.81,Low
ORD-2024-11274,2024-08-16,2024-08-22,Standard Class,CUST-0181,William Brown,Consumer,United States,West,Colorado,Technology,Copiers,10705.61,9,0.0,4282.12,321.81,High
ORD-2024-11275,2024-08-18,2024-08-21,Second Class,CUST-0164,Barbara Perez,Consumer,United States,East,New York,Technology,Accessories,327.98,4,0.1,94.72,27.12,Medium
ORD-2024-11276,2024-08-18,2024-08-25,Standard Class,CUST-0294,Thomas Miller,Corporate,United States,West,California,Office Supplies,Supplies,101.82,2,0.2,-11.95,7.75,Medium
ORD-2024-11277,2024-08-20,2024-08-26,Standard Class,CUST-0392,William Brown,Consumer,United States,Central,Wisconsin,Technology,Accessories,843.59,4,0.0,312.3,33.42,Medium
ORD-2024-11278,2024-08-20,2024-08-27,Standard Class,CUST-0238,Charles White,Corporate,United States,South,Tennessee,Technology,Accessories,301.01,4,0.15,54.38,18.23,High
ORD-2024-11279,2024-08-20,2024-08-20,Same Day,CUST-0364,Sarah Lopez,Corporate,United States,East,Pennsylvania,Furniture,Furnishings,404.26,4,0.0,85.06,48.27,Medium
ORD-2024-11280,2024-08-20,2024-08-27,Standard Class,CUST-0188,Richard Gonzalez,Corporate,United States,East,Massachusetts,Technology,Phones,2312.04,6,0.0,554.0,79.44,Medium
ORD-2024-11281,2024-08-20,2024-08-25,Standard Class,CUST-0046,Joseph Williams,Home Office,United States,South,North Carolina,Office Supplies,Art,42.38,1,0.0,13.93,3.64,Medium
ORD-2024-11282,2024-08-23,2024-08-28,Standard Class,CUST-0027,Charles Jones,Consumer,United States,Central,Michigan,Furniture,Tables,117.35,1,0.5,-111.66,5.74,Medium
ORD-2024-11283,2024-08-23,2024-08-30,Standard Class,CUST-0022,William Garcia,Corporate,United States,South,Virginia,Office Supplies,Labels,52.85,3,0.2,16.02,8.83,Medium
ORD-2024-11284,2024-08-23,2024-08-28,Standard Class,CUST-0181,William Brown,Consumer,United States,East,Pennsylvania,Technology,Accessories,681.15,8,0.0,230.25,38.67,Low
ORD-2024-11285,2024-08-24,2024-08-31,Standard Class,CUST-0161,Sarah Jackson,Consumer,United States,West,Oregon,Technology,Copiers,2062.55,2,0.4,-160.18,62.65,Critical
ORD-2024-11286,2024-08-24,2024-08-28,Second Class,CUST-0326,Barbara Perez,Consumer,United States,East,New Jersey,Office Supplies,Appliances,2536.05,8,0.2,-161.49,129.44,Critical
ORD-2024-11287,2024-08-24,2024-08-29,Standard Class,CUST-0334,Daniel Perez,Corporate,United States,Central,Indiana,Office Supplies,Fasteners,124.74,7,0.0,42.37,20.64,Medium
ORD-2024-11288,2024-08-26,2024-09-02,Standard Class,CUST-0022,William Garcia,Corporate,United States,West,California,Technology,Copiers,7643.27,7,0.0,2715.35,231.16,Medium
ORD-2024-11289,2024-08-26,2024-08-26,Same Day,CUST-0111,Christopher Lopez,Consumer,United States,West,Nevada,Furniture,Chairs,3264.18,7,0.0,459.43,248.11,Medium
ORD-2024-11290,2024-08-26,2024-08-31,Standard Class,CUST-0132,Lisa Perez,Consumer,United States,West,Arizona,Office Supplies,Fasteners,151.17,6,0.1,36.32,18.93,Critical
ORD-2024-11291,2024-08-27,2024-09-01,Standard Class,CUST-0266,Karen Lopez,Consumer,United States,East,New Jersey,Technology,Machines,2496.7,5,0.1,-294.2,82.16,Critical
ORD-2024-11292,2024-08-29,2024-09-04,Standard Class,CUST-0078,Nancy Martin,Consumer,United States,South,Tennessee,Office Supplies,Binders,284.42,4,0.0,105.88,17.76,Medium
ORD-2024-11293,2024-08-30,2024-09-04,Standard Class,CUST-0073,Elizabeth Thompson,Home Office,United States,West,Arizona,Technology,Copiers,704.75,1,0.0,277.7,22.18,High
ORD-2024-11294,2024-08-31,2024-09-03,Second Class,CUST-0424,David Garcia,Home Office,United States,Central,Illinois,Office Supplies,Appliances,232.97,1,0.0,39.62,12.82,Critical
ORD-2024-11295,2024-09-01,2024-09-07,Standard Class,CUST-0360,Charles Jackson,Home Office,United States,South,Florida,Furniture,Furnishings,111.67,1,0.0,25.32,5.58,High
ORD-2024-11296,2024-09-01,2024-09-04,Second Class,CUST-0087,David Martinez,Corporate,United States,West,Nevada,Technology,Accessories,91.2,1,0.1,28.28,7.15,Critical
ORD-2024-11297,2024-09-02,2024-09-08,Standard Class,CUST-0190,Elizabeth Perez,Consumer,United States,Central,Illinois,Furniture,Furnishings,133.49,1,0.0,35.27,6.19,Medium
ORD-2024-11298,2024-09-02,2024-09-05,Second Class,CUST-0174,Patricia Lopez,Corporate,United States,South,Florida,Office Supplies,Storage,1692.38,7,0.1,326.82,92.2,Medium
ORD-2024-11299,2024-09-03,2024-09-07,Second Class,CUST-0354,Sarah Thompson,Corporate,United States,South,North Carolina,Office Supplies,Envelopes,95.05,4,0.4,-16.12,17.8,High
ORD-2024-11300,2024-09-04,2024-09-11,Standard Class,CUST-0245,Mary Thompson,Consumer,United States,West,Nevada,Technology,Copiers,4569.26,2,0.0,1728.76,132.84,High
ORD-2024-11301,2024-09-04,2024-09-05,First Class,CUST-0070,Michael Lee,Home Office,United States,West,Nevada,Furniture,Bookcases,1427.96,5,0.0,117.36,97.0,Low
ORD-2024-11302,2024-09-04,2024-09-04,Same Day,CUST-0334,Daniel Perez,Corporate,United States,West,Nevada,Furniture,Furnishings,340.56,3,0.0,50.79,38.6,Critical
ORD-2024-11303,2024-09-04,2024-09-04,Same Day,CUST-0188,Richard Gonzalez,Corporate,United States,Central,Illinois,Technology,Phones,807.58,1,0.1,108.56,57.29,Medium
ORD-2024-11304,2024-09-04,2024-09-04,Same Day,CUST-0125,Patricia Anderson,Consumer,United States,Central,Illinois,Technology,Copiers,14244.33,6,0.15,4058.01,945.24,Medium
ORD-2024-11305,2024-09-04,2024-09-09,Standard Class,CUST-0179,Karen Brown,Corporate,United States,Central,Wisconsin,Furniture,Bookcases,274.55,2,0.1,-19.62,12.59,High
ORD-2024-11306,2024-09-05,2024-09-12,Standard Class,CUST-0238,Charles White,Corporate,United States,East,Pennsylvania,Furniture,Furnishings,91.48,4,0.1,7.72,12.36,Medium
ORD-2024-11307,2024-09-07,2024-09-12,Standard Class,CUST-0168,Christopher Lopez,Home Office,United States,West,Washington,Technology,Copiers,1393.3,2,0.0,543.07,43.91,Medium
ORD-2024-11308,2024-09-09,2024-09-15,Standard Class,CUST-0119,Sarah Moore,Consumer,United States,East,Pennsylvania,Office Supplies,Envelopes,168.6,3,0.0,64.61,12.07,High
ORD-2024-11309,2024-09-09,2024-09-11,First Class,CUST-0188,Richard Gonzalez,Corporate,United States,East,Massachusetts,Furniture,Chairs,1945.6,5,0.0,241.12,123.92,Medium
ORD-2024-11310,2024-09-11,2024-09-17,Standard Class,CUST-0007,Lisa Martinez,Consumer,United States,Central,Illinois,Technology,Phones,346.85,1,0.1,49.48,12.16,Critical
ORD-2024-11311,2024-09-11,2024-09-17,Standard Class,CUST-0347,Nancy Johnson,Corporate,United States,East,Ohio,Technology,Copiers,13077.69,9,0.0,5370.07,388.23,Medium
ORD-2024-11312,2024-09-11,2024-09-17,Standard Class,CUST-0084,David Taylor,Consumer,United States,East,Ohio,Furniture,Chairs,289.11,1,0.2,-27.22,10.55,Medium
ORD-2024-11313,2024-09-11,2024-09-16,Standard Class,CUST-0022,William Garcia,Corporate,United States,West,Washington,Office Supplies,Appliances,611.21,3,0.1,71.98,24.46,Medium
ORD-2024-11314,2024-09-12,2024-09-12,Same Day,CUST-0304,Barbara Martinez,Consumer,United States,West,Colorado,Office Supplies,Art,251.0,7,0.0,57.57,55.26,High
ORD-2024-11315,2024-09-15,2024-09-22,Standard Class,CUST-0347,Nancy Johnson,Corporate,United States,West,Oregon,Technology,Accessories,699.37,8,0.1,196.58,39.18,High
ORD-2024-11316,2024-09-15,2024-09-22,Standard Class,CUST-0361,Christopher Jackson,Consumer,United States,West,Oregon,Furniture,Bookcases,100.41,1,0.5,-95.93,5.26,Medium
ORD-2024-11317,2024-09-15,2024-09-21,Standard Class,CUST-0234,Thomas Miller,Corporate,United States,East,Pennsylvania,Office Supplies,Art,32.32,1,0.0,7.23,3.35,Medium
ORD-2024-11318,2024-09-16,2024-09-22,Standard Class,CUST-0102,Mary Hernandez,Home Office,United States,West,Washington,Furniture,Chairs,2077.52,4,0.0,232.81,67.97,Medium
ORD-2024-11319,2024-09-17,2024-09-21,Second Class,CUST-0332,Sarah Davis,Corporate,United States,West,California,Technology,Accessories,104.88,1,0.0,37.43,7.7,High
ORD-2024-11320,2024-09-18,2024-09-25,Standard Class,CUST-0316,Michael Jones,Consumer,United States,Central,Michigan,Office Supplies,Appliances,790.92,3,0.15,16.49,29.5,Medium
ORD-2024-11321,2024-09-18,2024-09-23,Standard Class,CUST-0120,Elizabeth Johnson,Consumer,United States,East,Ohio,Technology,Machines,3163.33,5,0.0,-38.06,100.82,Medium
ORD-2024-11322,2024-09-19,2024-09-21,First Class,CUST-0400,Elizabeth Brown,Consumer,United States,Central,Texas,Technology,Copiers,1608.81,3,0.4,-37.77,97.31,Medium
ORD-2024-11323,2024-09-19,2024-09-25,Standard Class,CUST-0046,Joseph Williams,Home Office,United States,Central,Illinois,Technology,Machines,352.81,1,0.15,-30.59,12.33,Critical
ORD-2024-11324,2024-09-19,2024-09-21,First Class,CUST-0441,William Taylor,Corporate,United States,East,Ohio,Technology,Copiers,4441.12,3,0.3,465.66,244.59,Medium
ORD-2024-11325,2024-09-20,2024-09-25,Standard Class,CUST-0375,John Thompson,Corporate,United States,South,North Carolina,Furniture,Tables,2105.56,7,0.0,159.63,76.11,Medium
ORD-2024-11326,2024-09-20,2024-09-21,First Class,CUST-0312,Nancy Martin,Consumer,United States,West,Washington,Technology,Phones,2177.83,3,0.2,8.99,126.9,Medium
ORD-2024-11327,2024-09-21,2024-09-27,Standard Class,CUST-0421,Joseph Thomas,Home Office,United States,Central,Texas,Office Supplies,Envelopes,207.66,4,0.0,83.96,15.61,Medium
ORD-2024-11328,2024-09-21,2024-09-26,Standard Class,CUST-0327,Lisa Jackson,Corporate,United States,South,Florida,Furniture,Chairs,1008.65,2,0.0,132.9,33.14,High
ORD-2024-11329,2024-09-22,2024-09-29,Standard Class,CUST-0094,David Martin,Corporate,United States,South,Florida,Furniture,Bookcases,174.24,1,0.3,-62.41,7.33,Medium
ORD-2024-11330,2024-09-23,2024-09-26,Second Class,CUST-0208,Sarah Thompson,Home Office,United States,West,Oregon,Furniture,Tables,454.15,2,0.0,-3.53,25.17,Medium
ORD-2024-11331,2024-09-23,2024-09-29,Standard Class,CUST-0029,Nancy Jones,Corporate,United States,East,Pennsylvania,Office Supplies,Fasteners,34.8,3,0.4,-13.3,8.32,Critical
ORD-2024-11332,2024-09-24,2024-10-01,Standard Class,CUST-0182,Barbara Rodriguez,Consumer,United States,West,California,Furniture,Furnishings,268.36,2,0.1,27.52,12.41,High
ORD-2024-11333,2024-09-24,2024-09-28,Second Class,CUST-0334,Daniel Perez,Corporate,United States,Central,Texas,Office Supplies,Fasteners,14.31,3,0.7,-29.25,11.07,Medium
ORD-2024-11334,2024-09-24,2024-09-29,Standard Class,CUST-0181,William Brown,Consumer,United States,Central,Michigan,Office Supplies,Supplies,162.62,4,0.1,-4.77,14.35,Medium
ORD-2024-11335,2024-09-25,2024-10-02,Standard Class,CUST-0155,David Rodriguez,Consumer,United States,West,Colorado,Office Supplies,Supplies,105.39,4,0.2,-19.04,12.75,High
ORD-2024-11336,2024-09-25,2024-09-29,Second Class,CUST-0290,Patricia Wilson,Corporate,United States,East,Pennsylvania,Furniture,Bookcases,145.4,1,0.0,10.57,9.32,High
ORD-2024-11337,2024-09-25,2024-09-25,Same Day,CUST-0381,Joseph Miller,Home Office,United States,Central,Wisconsin,Office Supplies,Art,114.27,4,0.1,18.23,29.71,Low
ORD-2024-11338,2024-09-25,2024-10-02,Standard Class,CUST-0022,William Garcia,Corporate,United States,East,Pennsylvania,Furniture,Bookcases,659.78,4,0.15,-51.63,28.27,Critical
ORD-2024-11339,2024-09-25,2024-10-02,Standard Class,CUST-0181,William Brown,Consumer,United States,South,Virginia,Technology,Copiers,1185.98,1,0.2,287.32,35.66,High
ORD-2024-11340,2024-09-26,2024-10-02,Standard Class,CUST-0081,Jessica Anderson,Consumer,United States,Central,Indiana,Technology,Phones,571.0,1,0.0,145.91,18.44,Medium
ORD-2024-11341,2024-09-27,2024-10-04,Standard Class,CUST-0313,Joseph Miller,Consumer,United States,West,Oregon,Office Supplies,Fasteners,39.29,3,0.0,16.82,8.45,Medium
ORD-2024-11342,2024-09-28,2024-10-04,Standard Class,CUST-0046,Joseph Williams,Home Office,United States,Central,Michigan,Technology,Phones,932.96,2,0.0,246.09,31.02,Critical
ORD-2024-11343,2024-09-28,2024-10-02,Second Class,CUST-0306,Joseph Garcia,Home Office,United States,West,Oregon,Office Supplies,Paper,116.25,1,0.0,50.24,8.15,High
ORD-2024-11344,2024-09-29,2024-10-05,Standard Class,CUST-0136,Richard Johnson,Consumer,United States,East,Ohio,Technology,Copiers,3872.78,1,0.0,1622.33,110.89,High
ORD-2024-11345,2024-09-29,2024-09-30,First Class,CUST-0100,Nancy Thompson,Corporate,United States,South,Tennessee,Furniture,Tables,164.27,1,0.2,-36.56,13.09,High
ORD-2024-11346,2024-09-30,2024-10-03,Second Class,CUST-0421,Joseph Thomas,Home Office,United States,South,Georgia,Office Supplies,Fasteners,76.77,8,0.0,24.46,31.07,Medium
ORD-2024-11347,2024-09-30,2024-10-03,Second Class,CUST-0007,Lisa Martinez,Consumer,United States,East,New York,Technology,Accessories,423.69,4,0.0,161.38,30.95,High
ORD-2024-11348,2024-10-01,2024-10-03,First Class,CUST-0208,Sarah Thompson,Home Office,United States,West,Colorado,Office Supplies,Art,34.33,3,0.5,-15.59,15.44,Medium
ORD-2024-11349,2024-10-01,2024-10-04,Second Class,CUST-0007,Lisa Martinez,Consumer,United States,West,Nevada,Office Supplies,Binders,590.66,8,0.0,208.52,51.63,Medium
ORD-2024-11350,2024-10-01,2024-10-08,Standard Class,CUST-0229,Jennifer Perez,Consumer,United States,East,New Jersey,Furniture,Chairs,1255.54,3,0.1,66.65,42.51,Medium
ORD-2024-11351,2024-10-02,2024-10-09,Standard Class,CUST-0242,Karen Jones,Consumer,United States,West,Nevada,Furniture,Bookcases,546.44,4,0.15,-63.85,25.1,High
ORD-2024-11352,2024-10-02,2024-10-03,First Class,CUST-0154,John Johnson,Corporate,United States,East,Pennsylvania,Technology,Machines,1930.6,2,0.2,-385.02,109.49,Medium
ORD-2024-11353,2024-10-03,2024-10-06,Second Class,CUST-0072,Patricia Martin,Consumer,United States,West,Washington,Furniture,Furnishings,190.75,3,0.15,11.05,18.13,High
ORD-2024-11354,2024-10-03,2024-10-09,Standard Class,CUST-0179,Karen Brown,Corporate,United States,East,Massachusetts,Technology,Phones,420.45,1,0.15,28.05,14.22,Low
ORD-2024-11355,2024-10-04,2024-10-09,Standard Class,CUST-0309,Barbara Lee,Consumer,United States,West,California,Technology,Copiers,2922.75,2,0.0,1201.21,86.74,High
ORD-2024-11356,2024-10-05,2024-10-12,Standard Class,CUST-0348,Joseph Wilson,Corporate,United States,South,North Carolina,Office Supplies,Labels,38.03,1,0.1,10.67,3.51,Medium
ORD-2024-11357,2024-10-06,2024-10-10,Second Class,CUST-0255,Joseph Hernandez,Corporate,United States,Central,Texas,Furniture,Chairs,236.81,1,0.2,-22.7,12.97,Medium
ORD-2024-11358,2024-10-07,2024-10-13,Standard Class,CUST-0286,Mary Johnson,Consumer,United States,East,Ohio,Office Supplies,Paper,63.48,1,0.0,23.36,4.23,Medium
ORD-2024-11359,2024-10-07,2024-10-13,Standard Class,CUST-0101,Barbara Martinez,Consumer,United States,West,Oregon,Furniture,Tables,1154.11,2,0.0,57.9,37.21,Low
ORD-2024-11360,2024-10-07,2024-10-14,Standard Class,CUST-0137,Mary Thomas,Corporate,United States,East,Pennsylvania,Technology,Accessories,561.64,5,0.2,81.65,27.98,High
ORD-2024-11361,2024-10-07,2024-10-11,Second Class,CUST-0083,Jessica Gonzalez,Consumer,United States,West,Washington,Furniture,Bookcases,337.01,2,0.15,-64.03,20.48,Medium
ORD-2024-11362,2024-10-08,2024-10-13,Standard Class,CUST-0120,Elizabeth Johnson,Consumer,United States,East,Ohio,Office Supplies,Supplies,121.51,5,0.0,15.03,15.65,Medium
ORD-2024-11363,2024-10-08,2024-10-09,First Class,CUST-0114,Sarah Jackson,Corporate,United States,South,Tennessee,Technology,Phones,558.43,4,0.4,-183.53,47.24,High
ORD-2024-11364,2024-10-09,2024-10-13,Second Class,CUST-0246,Daniel Lee,Corporate,United States,Central,Wisconsin,Office Supplies,Appliances,245.21,3,0.2,-1.56,20.31,Medium
ORD-2024-11365,2024-10-09,2024-10-13,Second Class,CUST-0268,William Moore,Home Office,United States,Central,Illinois,Furniture,Furnishings,69.68,1,0.5,-41.1,6.29,Medium
ORD-2024-11366,2024-10-10,2024-10-15,Standard Class,CUST-0426,Jennifer Gonzalez,Home Office,United States,East,Pennsylvania,Technology,Accessories,926.17,7,0.4,-124.04,43.08,Medium
ORD-2024-11367,2024-10-11,2024-10-18,Standard Class,CUST-0097,James Brown,Consumer,United States,South,Tennessee,Furniture,Chairs,184.52,1,0.1,10.74,7.62,Medium
ORD-2024-11368,2024-10-13,2024-10-14,First Class,CUST-0302,William Martin,Consumer,United States,South,Florida,Furniture,Tables,815.48,4,0.2,-205.78,60.6,Medium
ORD-2024-11369,2024-10-14,2024-10-17,Second Class,CUST-0361,Christopher Jackson,Consumer,United States,East,New Jersey,Technology,Machines,2362.69,3,0.15,-214.3,105.01,High
ORD-2024-11370,2024-10-14,2024-10-21,Standard Class,CUST-0267,Christopher Hernandez,Corporate,United States,West,Colorado,Office Supplies,Paper,169.52,2,0.2,45.85,9.65,Medium
ORD-2024-11371,2024-10-15,2024-10-17,First Class,CUST-0121,William Wilson,Home Office,United States,East,New Jersey,Office Supplies,Envelopes,12.7,1,0.2,-2.73,5.21,Medium
ORD-2024-11372,2024-10-15,2024-10-20,Standard Class,CUST-0125,Patricia Anderson,Consumer,United States,West,Nevada,Office Supplies,Paper,273.79,2,0.0,109.03,12.57,Medium
ORD-2024-11373,2024-10-16,2024-10-21,Standard Class,CUST-0019,Nancy Moore,Consumer,United States,Central,Texas,Office Supplies,Binders,216.51,6,0.0,71.17,20.76,High
ORD-2024-11374,2024-10-17,2024-10-24,Standard Class,CUST-0148,Daniel Brown,Corporate,United States,East,New York,Office Supplies,Appliances,1660.01,5,0.0,203.1,58.73,Medium
ORD-2024-11375,2024-10-17,2024-10-22,Standard Class,CUST-0336,Richard Rodriguez,Consumer,United States,West,California,Office Supplies,Binders,580.99,8,0.2,116.95,35.87,Medium
ORD-2024-11376,2024-10-18,2024-10-25,Standard Class,CUST-0022,William Garcia,Corporate,United States,West,Nevada,Technology,Phones,1060.09,2,0.2,38.8,34.58,Medium
ORD-2024-11377,2024-10-19,2024-10-24,Standard Class,CUST-0110,Richard Anderson,Corporate,United States,East,Massachusetts,Furniture,Furnishings,46.87,2,0.1,3.64,6.21,High
ORD-2024-11378,2024-10-20,2024-10-27,Standard Class,CUST-0318,Sarah Hernandez,Consumer,United States,South,Virginia,Technology,Accessories,193.73,1,0.1,50.43,7.87,Critical
ORD-2024-11379,2024-10-21,2024-10-22,First Class,CUST-0348,Joseph Wilson,Corporate,United States,East,Pennsylvania,Furniture,Bookcases,1625.22,8,0.2,-362.31,120.91,Low
ORD-2024-11380,2024-10-21,2024-10-28,Standard Class,CUST-0219,Nancy Martin,Consumer,United States,Central,Indiana,Office Supplies,Appliances,396.91,2,0.0,76.32,16.01,High
ORD-2024-11381,2024-10-22,2024-10-29,Standard Class,CUST-0315,Elizabeth Thomas,Home Office,United States,East,New Jersey,Technology,Machines,1414.25,2,0.0,-1.81,44.5,High
ORD-2024-11382,2024-10-22,2024-10-29,Standard Class,CUST-0181,William Brown,Consumer,United States,East,New York,Furniture,Chairs,2459.84,7,0.1,96.45,86.03,High
ORD-2024-11383,2024-10-22,2024-10-28,Standard Class,CUST-0082,Thomas Thompson,Consumer,United States,East,New Jersey,Furniture,Chairs,840.01,3,0.3,-200.65,30.87,Critical
ORD-2024-11384,2024-10-22,2024-10-25,Second Class,CUST-0188,Richard Gonzalez,Corporate,United States,Central,Wisconsin,Technology,Accessories,234.44,3,0.2,25.52,19.88,Critical
ORD-2024-11385,2024-10-23,2024-10-23,Same Day,CUST-0279,Susan Smith,Consumer,United States,West,Arizona,Technology,Phones,1023.1,1,0.0,215.76,71.08,Medium
ORD-2024-11386,2024-10-23,2024-10-27,Second Class,CUST-0426,Jennifer Gonzalez,Home Office,United States,East,Massachusetts,Furniture,Tables,1121.55,3,0.0,105.91,55.36,High
ORD-2024-11387,2024-10-23,2024-10-28,Standard Class,CUST-0029,Nancy Jones,Corporate,United States,West,Washington,Technology,Phones,3159.33,7,0.15,202.79,105.61,Medium
ORD-2024-11388,2024-10-23,2024-10-29,Standard Class,CUST-0242,Karen Jones,Consumer,United States,East,Pennsylvania,Furniture,Chairs,1060.81,3,0.2,-78.35,37.05,High
ORD-2024-11389,2024-10-23,2024-10-25,First Class,CUST-0155,David Rodriguez,Consumer,United States,South,Florida,Furniture,Chairs,441.02,2,0.15,-6.82,32.03,High
ORD-2024-11390,2024-10-24,2024-10-30,Standard Class,CUST-0243,John Rodriguez,Consumer,United States,West,Washington,Furniture,Chairs,484.15,1,0.0,44.33,16.01,Critical
ORD-2024-11391,2024-10-25,2024-10-30,Standard Class,CUST-0008,Mary Taylor,Consumer,United States,West,Oregon,Technology,Copiers,1364.0,2,0.0,587.7,43.09,Critical
ORD-2024-11392,2024-10-25,2024-10-29,Second Class,CUST-0151,Susan Garcia,Home Office,United States,East,Ohio,Furniture,Chairs,856.37,3,0.3,-210.27,44.75,Medium
ORD-2024-11393,2024-10-25,2024-10-30,Standard Class,CUST-0363,Susan White,Home Office,United States,South,Florida,Technology,Phones,328.28,1,0.0,81.22,11.64,Critical
ORD-2024-11394,2024-10-26,2024-11-01,Standard Class,CUST-0267,Christopher Hernandez,Corporate,United States,East,Ohio,Office Supplies,Envelopes,150.12,3,0.0,57.84,11.55,Low
ORD-2024-11395,2024-10-27,2024-11-03,Standard Class,CUST-0211,Michael Anderson,Consumer,United States,Central,Michigan,Technology,Phones,1791.41,3,0.2,-6.71,57.51,Low
ORD-2024-11396,2024-10-27,2024-11-01,Standard Class,CUST-0136,Richard Johnson,Consumer,United States,South,Florida,Office Supplies,Paper,291.59,5,0.5,-70.65,20.41,High
ORD-2024-11397,2024-10-27,2024-11-02,Standard Class,CUST-0144,Jennifer Perez,Home Office,United States,West,Nevada,Office Supplies,Envelopes,39.06,1,0.15,9.77,3.54,High
ORD-2024-11398,2024-10-28,2024-11-04,Standard Class,CUST-0181,William Brown,Consumer,United States,East,Pennsylvania,Office Supplies,Binders,117.35,5,0.1,34.25,15.54,Medium
ORD-2024-11399,2024-10-28,2024-11-03,Standard Class,CUST-0369,John Anderson,Corporate,United States,East,Massachusetts,Technology,Accessories,615.25,3,0.0,208.29,24.58,Medium
ORD-2024-11400,2024-10-31,2024-11-07,Standard Class,CUST-0435,Sarah Taylor,Consumer,United States,South,Florida,Technology,Copiers,4569.8,2,0.0,1678.62,132.85,Medium
ORD-2024-11401,2024-10-31,2024-11-02,First Class,CUST-0208,Sarah Thompson,Home Office,United States,West,Arizona,Furniture,Furnishings,1105.55,8,0.0,187.72,93.89,Medium
ORD-2024-11402,2024-11-01,2024-11-08,Standard Class,CUST-0184,Jennifer Martinez,Home Office,United States,West,California,Technology,Copiers,3268.72,1,0.1,1156.01,93.97,Low
ORD-2024-11403,2024-11-01,2024-11-08,Standard Class,CUST-0373,Nancy Smith,Corporate,United States,Central,Indiana,Office Supplies,Appliances,449.93,3,0.0,93.88,19.95,High
ORD-2024-11404,2024-11-01,2024-11-07,Standard Class,CUST-0204,Thomas Hernandez,Home Office,United States,East,Massachusetts,Furniture,Chairs,357.49,2,0.3,-103.82,14.91,Low
ORD-2024-11405,2024-11-01,2024-11-06,Standard Class,CUST-0266,Karen Lopez,Consumer,United States,East,New York,Office Supplies,Binders,178.87,3,0.0,59.58,12.36,Medium
ORD-2024-11406,2024-11-02,2024-11-05,Second Class,CUST-0115,Joseph Garcia,Consumer,United States,East,Massachusetts,Office Supplies,Fasteners,17.7,3,0.1,2.38,11.21,Medium
ORD-2024-11407,2024-11-02,2024-11-02,Same Day,CUST-0335,Elizabeth Hernandez,Corporate,United States,West,Oregon,Technology,Copiers,2621.76,1,0.1,803.22,173.39,Medium
ORD-2024-11408,2024-11-02,2024-11-05,Second Class,CUST-0255,Joseph Hernandez,Corporate,United States,East,Ohio,Office Supplies,Envelopes,105.56,4,0.1,33.82,18.22,Medium
ORD-2024-11409,2024-11-02,2024-11-07,Standard Class,CUST-0361,Christopher Jackson,Consumer,United States,East,Pennsylvania,Technology,Phones,2843.77,3,0.0,725.99,86.98,Critical
ORD-2024-11410,2024-11-02,2024-11-05,Second Class,CUST-0348,Joseph Wilson,Corporate,United States,South,Virginia,Technology,Accessories,598.12,4,0.3,38.21,37.92,High
ORD-2024-11411,2024-11-02,2024-11-05,Second Class,CUST-0107,Barbara Smith,Consumer,United States,West,California,Technology,Phones,1190.64,1,0.0,311.92,51.13,Medium
ORD-2024-11412,2024-11-02,2024-11-05,Second Class,CUST-0323,William Miller,Consumer,United States,South,Georgia,Office Supplies,Envelopes,79.51,2,0.15,22.23,10.18,High
ORD-2024-11413,2024-11-02,2024-11-08,Standard Class,CUST-0356,Christopher White,Consumer,United States,Central,Wisconsin,Furniture,Tables,1734.77,4,0.15,-221.79,58.37,Critical
ORD-2024-11414,2024-11-02,2024-11-08,Standard Class,CUST-0169,Robert Hernandez,Consumer,United States,West,Washington,Office Supplies,Art,17.07,1,0.0,1.42,2.93,Medium
ORD-2024-11415,2024-11-02,2024-11-03,First Class,CUST-0085,Thomas Johnson,Corporate,United States,Central,Michigan,Technology,Copiers,9325.41,4,0.1,2983.15,503.12,Low
ORD-2024-11416,2024-11-02,2024-11-09,Standard Class,CUST-0005,Elizabeth Martinez,Corporate,United States,West,Oregon,Furniture,Chairs,186.81,1,0.1,3.55,7.68,High
ORD-2024-11417,2024-11-02,2024-11-03,First Class,CUST-0211,Michael Anderson,Consumer,United States,South,Virginia,Furniture,Bookcases,281.85,2,0.3,-110.52,23.76,Critical
ORD-2024-11418,2024-11-02,2024-11-08,Standard Class,CUST-0172,Susan Hernandez,Home Office,United States,South,Florida,Technology,Accessories,165.53,5,0.3,4.33,16.88,Medium
ORD-2024-11419,2024-11-03,2024-11-07,Second Class,CUST-0267,Christopher Hernandez,Corporate,United States,West,California,Technology,Accessories,1074.31,5,0.0,388.31,60.47,Medium
ORD-2024-11420,2024-11-03,2024-11-07,Second Class,CUST-0093,Jennifer Taylor,Home Office,United States,West,Arizona,Furniture,Furnishings,92.49,3,0.0,19.59,14.2,High
ORD-2024-11421,2024-11-03,2024-11-10,Standard Class,CUST-0375,John Thompson,Corporate,United States,East,New Jersey,Office Supplies,Supplies,548.69,6,0.0,43.95,30.06,Medium
ORD-2024-11422,2024-11-03,2024-11-10,Standard Class,CUST-0122,Charles Martinez,Consumer,United States,East,New York,Technology,Machines,1225.84,4,0.5,-1146.55,44.12,Critical
ORD-2024-11423,2024-11-03,2024-11-10,Standard Class,CUST-0114,Sarah Jackson,Corporate,United States,East,Massachusetts,Office Supplies,Art,130.47,3,0.0,35.58,11.0,High
ORD-2024-11424,2024-11-03,2024-11-09,Standard Class,CUST-0229,Jennifer Perez,Consumer,United States,West,Nevada,Technology,Copiers,16688.82,9,0.15,4696.1,489.34,Medium
ORD-2024-11425,2024-11-03,2024-11-10,Standard Class,CUST-0238,Charles White,Corporate,United States,Central,Texas,Furniture,Bookcases,475.82,4,0.1,-36.16,23.12,Medium
ORD-2024-11426,2024-11-03,2024-11-09,Standard Class,CUST-0108,Christopher Davis,Consumer,United States,West,Nevada,Technology,Copiers,3862.3,3,0.15,1144.1,115.49,Critical
ORD-2024-11427,2024-11-04,2024-11-11,Standard Class,CUST-0129,Jennifer Hernandez,Home Office,United States,South,Virginia,Technology,Machines,1948.89,2,0.0,148.58,59.47,Critical
ORD-2024-11428,2024-11-04,2024-11-11,Standard Class,CUST-0084,David Taylor,Consumer,United States,Central,Illinois,Office Supplies,Paper,455.03,7,0.0,198.64,29.89,High
ORD-2024-11429,2024-11-04,2024-11-04,Same Day,CUST-0326,Barbara Perez,Consumer,United States,East,Ohio,Office Supplies,Fasteners,65.83,2,0.0,11.08,15.41,Medium
ORD-2024-11430,2024-11-04,2024-11-09,Standard Class,CUST-0347,Nancy Johnson,Corporate,United States,South,Tennessee,Office Supplies,Labels,25.41,1,0.0,9.04,3.16,Critical
ORD-2024-11431,2024-11-04,2024-11-06,First Class,CUST-0220,James Davis,Corporate,United States,West,Colorado,Office Supplies,Supplies,32.13,1,0.0,-1.8,6.22,Medium
ORD-2024-11432,2024-11-05,2024-11-10,Standard Class,CUST-0323,William Miller,Consumer,United States,West,California,Office Supplies,Paper,100.52,1,0.0,49.57,5.26,Medium
ORD-2024-11433,2024-11-05,2024-11-11,Standard Class,CUST-0331,Sarah Miller,Home Office,United States,Central,Illinois,Furniture,Tables,1185.69,2,0.1,-94.63,38.1,Medium
ORD-2024-11434,2024-11-05,2024-11-11,Standard Class,CUST-0075,Susan Thomas,Corporate,United States,East,New York,Office Supplies,Fasteners,64.89,5,0.0,21.1,14.07,Critical
ORD-2024-11435,2024-11-05,2024-11-12,Standard Class,CUST-0434,Jessica Martinez,Home Office,United States,East,Ohio,Furniture,Chairs,1539.01,4,0.0,201.36,52.89,High
ORD-2024-11436,2024-11-06,2024-11-09,Second Class,CUST-0363,Susan White,Home Office,United States,South,Florida,Furniture,Chairs,338.5,1,0.0,47.37,17.04,Medium
ORD-2024-11437,2024-11-06,2024-11-06,Same Day,CUST-0102,Mary Hernandez,Home Office,United States,South,Georgia,Office Supplies,Art,288.15,5,0.0,71.1,46.44,High
ORD-2024-11438,2024-11-06,2024-11-12,Standard Class,CUST-0091,Christopher Gonzalez,Consumer,United States,Central,Texas,Technology,Accessories,311.63,3,0.0,99.43,16.08,High
ORD-2024-11439,2024-11-06,2024-11-13,Standard Class,CUST-0068,Elizabeth Miller,Home Office,United States,Central,Michigan,Office Supplies,Supplies,143.12,3,0.0,9.39,11.36,High
ORD-2024-11440,2024-11-06,2024-11-09,Second Class,CUST-0075,Susan Thomas,Corporate,United States,West,Washington,Technology,Machines,1230.98,2,0.15,-208.71,56.24,Critical
ORD-2024-11441,2024-11-06,2024-11-11,Standard Class,CUST-0336,Richard Rodriguez,Consumer,United States,West,Nevada,Office Supplies,Fasteners,49.84,6,0.0,8.54,16.1,High
ORD-2024-11442,2024-11-06,2024-11-11,Standard Class,CUST-0225,Nancy Thomas,Consumer,United States,Central,Michigan,Technology,Machines,1307.7,2,0.4,-789.47,41.52,Medium
ORD-2024-11443,2024-11-06,2024-11-13,Standard Class,CUST-0348,Joseph Wilson,Corporate,United States,East,Pennsylvania,Technology,Machines,745.69,1,0.0,46.12,23.33,Critical
ORD-2024-11444,2024-11-07,2024-11-09,First Class,CUST-0336,Richard Rodriguez,Consumer,United States,East,New Jersey,Technology,Copiers,1810.7,2,0.4,-133.85,103.26,Medium
ORD-2024-11445,2024-11-07,2024-11-11,Second Class,CUST-0291,Christopher Martinez,Consumer,United States,West,Washington,Office Supplies,Art,214.9,4,0.2,12.4,22.6,Critical
ORD-2024-11446,2024-11-07,2024-11-10,Second Class,CUST-0312,Nancy Martin,Consumer,United States,Central,Indiana,Technology,Accessories,588.05,4,0.15,125.88,37.52,Medium
ORD-2024-11447,2024-11-07,2024-11-13,Standard Class,CUST-0007,Lisa Martinez,Consumer,United States,West,California,Furniture,Tables,378.03,1,0.3,-127.61,13.03,High
ORD-2024-11448,2024-11-07,2024-11-08,First Class,CUST-0151,Susan Garcia,Home Office,United States,Central,Indiana,Furniture,Chairs,280.37,1,0.0,39.13,19.13,Low
ORD-2024-11449,2024-11-08,2024-11-12,Second Class,CUST-0302,William Martin,Consumer,United States,West,Colorado,Technology,Copiers,5404.25,4,0.0,1742.26,230.17,Medium
ORD-2024-11450,2024-11-08,2024-11-13,Standard Class,CUST-0006,Charles Smith,Corporate,United States,West,California,Office Supplies,Labels,107.86,4,0.0,48.27,12.82,Medium
ORD-2024-11451,2024-11-09,2024-11-13,Second Class,CUST-0018,William Rodriguez,Consumer,United States,East,New Jersey,Technology,Machines,1790.44,2,0.0,42.79,78.62,Critical
ORD-2024-11452,2024-11-10,2024-11-15,Standard Class,CUST-0373,Nancy Smith,Corporate,United States,West,Nevada,Furniture,Furnishings,667.97,5,0.0,144.13,30.95,Medium
ORD-2024-11453,2024-11-10,2024-11-14,Second Class,CUST-0311,Daniel Martinez,Consumer,United States,South,Georgia,Furniture,Chairs,2959.01,9,0.1,173.05,149.86,Medium
ORD-2024-11454,2024-11-10,2024-11-17,Standard Class,CUST-0127,Thomas Jackson,Consumer,United States,West,Nevada,Technology,Phones,630.25,1,0.0,138.3,20.1,High
ORD-2024-11455,2024-11-10,2024-11-15,Standard Class,CUST-0312,Nancy Martin,Consumer,United States,West,Washington,Technology,Accessories,411.95,3,0.0,150.91,18.88,Medium
ORD-2024-11456,2024-11-10,2024-11-10,Same Day,CUST-0355,Charles Rodriguez,Home Office,United States,East,New Jersey,Office Supplies,Labels,10.85,1,0.0,3.69,6.29,Medium
ORD-2024-11457,2024-11-10,2024-11-17,Standard Class,CUST-0148,Daniel Brown,Corporate,United States,East,Ohio,Office Supplies,Envelopes,128.57,4,0.1,39.15,13.4,Low
ORD-2024-11458,2024-11-10,2024-11-15,Standard Class,CUST-0018,William Rodriguez,Consumer,United States,West,Oregon,Technology,Machines,736.99,2,0.5,-691.74,25.54,High
ORD-2024-11459,2024-11-11,2024-11-18,Standard Class,CUST-0418,Nancy Hernandez,Consumer,United States,West,Washington,Technology,Accessories,218.38,1,0.1,55.52,8.56,Critical
ORD-2024-11460,2024-11-11,2024-11-17,Standard Class,CUST-0169,Robert Hernandez,Consumer,United States,South,Georgia,Office Supplies,Art,161.66,4,0.0,44.22,14.33,Critical
ORD-2024-11461,2024-11-11,2024-11-13,First Class,CUST-0048,Nancy Rodriguez,Consumer,United States,Central,Illinois,Technology,Accessories,1314.52,5,0.0,443.51,91.1,Medium
ORD-2024-11462,2024-11-11,2024-11-14,Second Class,CUST-0233,John Martinez,Consumer,United States,East,Ohio,Furniture,Furnishings,90.8,1,0.2,-11.88,7.13,Low
ORD-2024-11463,2024-11-11,2024-11-15,Second Class,CUST-0347,Nancy Johnson,Corporate,United States,East,New York,Furniture,Chairs,412.2,1,0.0,55.03,19.99,Critical
ORD-2024-11464,2024-11-11,2024-11-16,Standard Class,CUST-0111,Christopher Lopez,Consumer,United States,West,Arizona,Technology,Phones,681.01,2,0.4,-181.79,23.97,Medium
ORD-2024-11465,2024-11-12,2024-11-19,Standard Class,CUST-0128,Charles Taylor,Consumer,United States,East,Ohio,Office Supplies,Paper,112.44,3,0.0,41.69,10.5,Low
ORD-2024-11466,2024-11-12,2024-11-12,Same Day,CUST-0119,Sarah Moore,Consumer,United States,Central,Indiana,Office Supplies,Supplies,401.32,5,0.0,28.77,53.68,Medium
ORD-2024-11467,2024-11-12,2024-11-12,Same Day,CUST-0448,Elizabeth Martinez,Consumer,United States,South,Florida,Furniture,Bookcases,296.77,3,0.5,-300.18,35.79,Low
ORD-2024-11468,2024-11-12,2024-11-17,Standard Class,CUST-0099,John Rodriguez,Corporate,United States,West,Oregon,Office Supplies,Art,128.3,3,0.4,-44.57,10.94,Critical
ORD-2024-11469,2024-11-12,2024-11-17,Standard Class,CUST-0277,Jessica Smith,Consumer,United States,South,Tennessee,Furniture,Tables,2195.7,5,0.15,-317.69,73.73,Medium
ORD-2024-11470,2024-11-12,2024-11-18,Standard Class,CUST-0413,Jennifer Miller,Corporate,United States,West,Arizona,Furniture,Tables,1161.79,3,0.0,46.66,39.88,Medium
ORD-2024-11471,2024-11-12,2024-11-14,First Class,CUST-0079,James Gonzalez,Consumer,United States,West,Washington,Technology,Accessories,390.13,3,0.15,79.61,33.94,Medium
ORD-2024-11472,2024-11-12,2024-11-16,Second Class,CUST-0435,Sarah Taylor,Consumer,United States,West,Nevada,Office Supplies,Appliances,731.19,3,0.0,123.14,39.75,Medium
ORD-2024-11473,2024-11-12,2024-11-19,Standard Class,CUST-0426,Jennifer Gonzalez,Home Office,United States,West,Oregon,Furniture,Chairs,1145.72,6,0.0,184.73,46.78,Medium
ORD-2024-11474,2024-11-13,2024-11-19,Standard Class,CUST-0391,Jennifer Garcia,Consumer,United States,South,Tennessee,Technology,Accessories,160.65,1,0.0,61.17,6.95,Critical
ORD-2024-11475,2024-11-13,2024-11-17,Second Class,CUST-0107,Barbara Smith,Consumer,United States,East,Pennsylvania,Office Supplies,Storage,369.29,2,0.1,35.77,21.77,High
ORD-2024-11476,2024-11-13,2024-11-16,Second Class,CUST-0299,Lisa Hernandez,Consumer,United States,West,California,Office Supplies,Paper,21.45,1,0.15,9.47,4.36,Critical
ORD-2024-11477,2024-11-13,2024-11-20,Standard Class,CUST-0344,Christopher Smith,Home Office,United States,South,Tennessee,Office Supplies,Binders,205.75,5,0.0,75.39,18.01,Medium
ORD-2024-11478,2024-11-13,2024-11-19,Standard Class,CUST-0443,Thomas Anderson,Consumer,United States,South,Georgia,Technology,Phones,441.87,2,0.4,-104.46,17.27,Medium
ORD-2024-11479,2024-11-14,2024-11-19,Standard Class,CUST-0087,David Martinez,Corporate,United States,Central,Illinois,Office Supplies,Fasteners,71.63,2,0.0,17.25,6.91,Medium
ORD-2024-11480,2024-11-14,2024-11-20,Standard Class,CUST-0345,Karen Jackson,Corporate,United States,South,Virginia,Furniture,Chairs,2537.66,9,0.0,294.41,93.1,Medium
ORD-2024-11481,2024-11-14,2024-11-16,First Class,CUST-0163,John Williams,Consumer,United States,West,Colorado,Office Supplies,Fasteners,138.51,7,0.15,20.34,39.05,Medium
ORD-2024-11482,2024-11-14,2024-11-15,First Class,CUST-0086,Richard Wilson,Consumer,United States,South,Florida,Office Supplies,Supplies,167.45,9,0.2,-50.47,49.66,High
ORD-2024-11483,2024-11-14,2024-11-20,Standard Class,CUST-0202,Jessica Wilson,Corporate,United States,Central,Wisconsin,Office Supplies,Paper,56.53,1,0.4,-0.72,4.03,Critical
ORD-2024-11484,2024-11-14,2024-11-18,Second Class,CUST-0355,Charles Rodriguez,Home Office,United States,South,North Carolina,Office Supplies,Paper,110.19,6,0.2,14.93,25.41,High
ORD-2024-11485,2024-11-15,2024-11-19,Second Class,CUST-0221,Susan Rodriguez,Home Office,United States,Central,Illinois,Technology,Copiers,3262.03,2,0.0,1302.76,137.48,Medium
ORD-2024-11486,2024-11-15,2024-11-19,Second Class,CUST-0256,Barbara Wilson,Consumer,United States,East,Massachusetts,Office Supplies,Paper,8.74,1,0.5,-13.18,3.85,Critical
ORD-2024-11487,2024-11-15,2024-11-17,First Class,CUST-0448,Elizabeth Martinez,Consumer,United States,Central,Michigan,Technology,Phones,610.77,2,0.3,-61.92,40.86,Medium
ORD-2024-11488,2024-11-15,2024-11-18,Second Class,CUST-0188,Richard Gonzalez,Corporate,United States,West,California,Office Supplies,Fasteners,66.07,3,0.0,23.51,13.14,Medium
ORD-2024-11489,2024-11-15,2024-11-15,Same Day,CUST-0293,James Taylor,Corporate,United States,East,New Jersey,Office Supplies,Paper,24.3,1,0.1,9.91,7.16,Low
ORD-2024-11490,2024-11-15,2024-11-19,Second Class,CUST-0176,Joseph Lopez,Consumer,United States,West,California,Technology,Copiers,4120.24,3,0.1,1633.63,175.31,Medium
ORD-2024-11491,2024-11-15,2024-11-16,First Class,CUST-0184,Jennifer Martinez,Home Office,United States,South,Georgia,Furniture,Furnishings,583.85,5,0.0,121.14,53.11,Medium
ORD-2024-11492,2024-11-15,2024-11-16,First Class,CUST-0313,Joseph Miller,Consumer,United States,West,Colorado,Office Supplies,Fasteners,22.3,2,0.5,-17.55,10.26,Medium
ORD-2024-11493,2024-11-15,2024-11-20,Standard Class,CUST-0421,Joseph Thomas,Home Office,United States,East,Massachusetts,Technology,Accessories,147.72,2,0.0,58.5,9.04,Medium
ORD-2024-11494,2024-11-16,2024-11-22,Standard Class,CUST-0258,Lisa Brown,Consumer,United States,East,Ohio,Technology,Machines,1627.45,2,0.1,-52.22,50.47,Medium
ORD-2024-11495,2024-11-16,2024-11-22,Standard Class,CUST-0347,Nancy Johnson,Corporate,United States,South,North Carolina,Technology,Machines,3062.91,7,0.0,200.74,102.91,High
ORD-2024-11496,2024-11-16,2024-11-18,First Class,CUST-0036,Patricia Jones,Corporate,United States,East,Ohio,Technology,Phones,585.24,1,0.1,95.63,34.98,Critical
ORD-2024-11497,2024-11-17,2024-11-22,Standard Class,CUST-0106,Elizabeth Thomas,Corporate,United States,Central,Texas,Office Supplies,Appliances,599.42,2,0.2,-32.28,21.68,High
ORD-2024-11498,2024-11-17,2024-11-20,Second Class,CUST-0242,Karen Jones,Consumer,United States,South,Georgia,Furniture,Furnishings,105.09,2,0.0,17.07,11.2,Medium
ORD-2024-11499,2024-11-17,2024-11-20,Second Class,CUST-0007,Lisa Martinez,Consumer,United States,East,Pennsylvania,Technology,Phones,4818.15,6,0.0,1356.25,213.73,Critical
ORD-2024-11500,2024-11-18,2024-11-24,Standard Class,CUST-0120,Elizabeth Johnson,Consumer,United States,East,New York,Office Supplies,Art,22.43,1,0.4,-8.02,3.08,Low
ORD-2024-11501,2024-11-18,2024-11-24,Standard Class,CUST-0246,Daniel Lee,Corporate,United States,Central,Michigan,Office Supplies,Supplies,32.29,2,0.2,2.73,5.8,Medium
ORD-2024-11502,2024-11-18,2024-11-25,Standard Class,CUST-0007,Lisa Martinez,Consumer,United States,South,Tennessee,Furniture,Bookcases,480.2,2,0.1,-44.02,18.35,High
ORD-2024-11503,2024-11-18,2024-11-22,Second Class,CUST-0125,Patricia Anderson,Consumer,United States,Central,Texas,Technology,Accessories,967.23,6,0.0,355.33,59.69,Medium
ORD-2024-11504,2024-11-18,2024-11-23,Standard Class,CUST-0246,Daniel Lee,Corporate,United States,West,Washington,Office Supplies,Storage,119.91,1,0.0,29.23,5.81,High
ORD-2024-11505,2024-11-18,2024-11-25,Standard Class,CUST-0277,Jessica Smith,Consumer,United States,South,Tennessee,Furniture,Furnishings,156.15,3,0.2,0.27,11.72,Low
ORD-2024-11506,2024-11-18,2024-11-23,Standard Class,CUST-0413,Jennifer Miller,Corporate,United States,East,Massachusetts,Office Supplies,Binders,73.66,1,0.2,12.82,4.51,Low
ORD-2024-11507,2024-11-18,2024-11-24,Standard Class,CUST-0302,William Martin,Consumer,United States,East,Massachusetts,Office Supplies,Paper,556.34,8,0.0,219.3,35.18,Medium
ORD-2024-11508,2024-11-18,2024-11-25,Standard Class,CUST-0199,David Davis,Consumer,United States,South,Tennessee,Technology,Machines,865.63,3,0.15,-130.89,31.59,Medium
ORD-2024-11509,2024-11-18,2024-11-23,Standard Class,CUST-0414,Joseph Smith,Consumer,United States,West,Colorado,Office Supplies,Supplies,287.46,3,0.0,26.47,15.4,Medium
ORD-2024-11510,2024-11-19,2024-11-24,Standard Class,CUST-0350,Joseph Garcia,Consumer,United States,Central,Indiana,Furniture,Chairs,1031.81,2,0.0,188.3,33.79,Medium
ORD-2024-11511,2024-11-19,2024-11-22,Second Class,CUST-0101,Barbara Martinez,Consumer,United States,East,Massachusetts,Furniture,Furnishings,243.01,2,0.1,18.82,16.72,Medium
ORD-2024-11512,2024-11-19,2024-11-24,Standard Class,CUST-0072,Patricia Martin,Consumer,United States,South,Tennessee,Office Supplies,Supplies,28.83,1,0.0,-3.92,3.26,Low
ORD-2024-11513,2024-11-19,2024-11-23,Second Class,CUST-0309,Barbara Lee,Consumer,United States,West,Arizona,Furniture,Chairs,1561.9,3,0.0,221.08,72.98,Medium
ORD-2024-11514,2024-11-19,2024-11-23,Second Class,CUST-0267,Christopher Hernandez,Corporate,United States,East,Pennsylvania,Office Supplies,Art,449.84,8,0.15,83.3,45.99,Medium
ORD-2024-11515,2024-11-19,2024-11-23,Second Class,CUST-0353,Mary Garcia,Home Office,United States,South,Tennessee,Office Supplies,Envelopes,26.45,2,0.1,6.12,8.06,Medium
ORD-2024-11516,2024-11-19,2024-11-23,Second Class,CUST-0334,Daniel Perez,Corporate,United States,West,Colorado,Technology,Copiers,12886.67,6,0.2,3099.6,536.47,Critical
ORD-2024-11517,2024-11-19,2024-11-24,Standard Class,CUST-0296,Joseph Gonzalez,Home Office,United States,West,California,Office Supplies,Labels,10.58,1,0.15,-3.86,2.75,Low
ORD-2024-11518,2024-11-19,2024-11-25,Standard Class,CUST-0443,Thomas Anderson,Consumer,United States,South,Georgia,Furniture,Bookcases,1995.68,7,0.15,-242.35,73.03,Critical
ORD-2024-11519,2024-11-20,2024-11-23,Second Class,CUST-0255,Joseph Hernandez,Corporate,United States,West,Washington,Furniture,Chairs,253.62,2,0.0,39.14,17.14,Medium
ORD-2024-11520,2024-11-20,2024-11-27,Standard Class,CUST-0052,Jennifer Thompson,Consumer,United States,South,North Carolina,Office Supplies,Appliances,246.91,2,0.0,48.13,11.81,Medium
ORD-2024-11521,2024-11-20,2024-11-27,Standard Class,CUST-0368,Patricia Martinez,Consumer,United States,West,Nevada,Furniture,Chairs,294.38,2,0.1,11.83,13.14,Medium
ORD-2024-11522,2024-11-20,2024-11-20,Same Day,CUST-0120,Elizabeth Johnson,Consumer,United States,East,Massachusetts,Office Supplies,Paper,428.64,4,0.0,179.36,49.83,High
ORD-2024-11523,2024-11-20,2024-11-27,Standard Class,CUST-0347,Nancy Johnson,Corporate,United States,Central,Illinois,Office Supplies,Paper,169.57,4,0.2,42.68,14.55,Medium
ORD-2024-11524,2024-11-20,2024-11-27,Standard Class,CUST-0430,Karen Wilson,Home Office,United States,Central,Texas,Technology,Accessories,246.99,3,0.1,73.8,14.27,Low
ORD-2024-11525,2024-11-21,2024-11-27,Standard Class,CUST-0315,Elizabeth Thomas,Home Office,United States,East,Pennsylvania,Technology,Phones,2506.93,3,0.0,696.52,77.54,Critical
ORD-2024-11526,2024-11-21,2024-11-27,Standard Class,CUST-0290,Patricia Wilson,Corporate,United States,East,Ohio,Technology,Copiers,2133.27,1,0.1,646.85,62.18,Medium
ORD-2024-11527,2024-11-21,2024-11-25,Second Class,CUST-0219,Nancy Martin,Consumer,United States,South,Virginia,Office Supplies,Binders,114.41,2,0.4,-12.45,11.58,Medium
ORD-2024-11528,2024-11-21,2024-11-27,Standard Class,CUST-0176,Joseph Lopez,Consumer,United States,West,Nevada,Technology,Accessories,460.39,2,0.0,154.35,17.79,High
ORD-2024-11529,2024-11-21,2024-11-22,First Class,CUST-0172,Susan Hernandez,Home Office,United States,East,Ohio,Technology,Phones,2338.58,3,0.0,543.17,135.26,Medium
ORD-2024-11530,2024-11-21,2024-11-23,First Class,CUST-0301,Elizabeth Rodriguez,Corporate,United States,West,California,Technology,Machines,1224.66,3,0.2,-277.99,77.33,Medium
ORD-2024-11531,2024-11-21,2024-11-27,Standard Class,CUST-0339,John Smith,Consumer,United States,East,New Jersey,Technology,Phones,1401.57,4,0.0,376.21,49.04,High
ORD-2024-11532,2024-11-22,2024-11-26,Second Class,CUST-0309,Barbara Lee,Consumer,United States,West,Washington,Office Supplies,Labels,77.03,4,0.0,34.14,17.08,Critical
ORD-2024-11533,2024-11-22,2024-11-27,Standard Class,CUST-0099,John Rodriguez,Corporate,United States,East,New York,Office Supplies,Storage,275.7,1,0.0,62.67,10.17,Low
ORD-2024-11534,2024-11-22,2024-11-27,Standard Class,CUST-0234,Thomas Miller,Corporate,United States,East,Massachusetts,Technology,Machines,2608.97,5,0.1,27.82,85.3,Medium
ORD-2024-11535,2024-11-22,2024-11-29,Standard Class,CUST-0354,Sarah Thompson,Corporate,United States,West,Oregon,Furniture,Tables,223.06,1,0.1,-12.59,8.7,Critical
ORD-2024-11536,2024-11-22,2024-11-24,First Class,CUST-0228,Nancy Williams,Corporate,United States,West,California,Office Supplies,Paper,115.64,4,0.1,41.01,24.21,High
ORD-2024-11537,2024-11-22,2024-11-28,Standard Class,CUST-0256,Barbara Wilson,Consumer,United States,Central,Texas,Furniture,Bookcases,190.7,1,0.3,-73.11,7.79,Medium
ORD-2024-11538,2024-11-22,2024-11-28,Standard Class,CUST-0347,Nancy Johnson,Corporate,United States,East,Massachusetts,Office Supplies,Supplies,158.75,4,0.2,-28.28,14.24,High
ORD-2024-11539,2024-11-23,2024-11-29,Standard Class,CUST-0306,Joseph Garcia,Home Office,United States,South,Georgia,Furniture,Tables,325.07,3,0.5,-304.67,16.45,Low
ORD-2024-11540,2024-11-23,2024-11-24,First Class,CUST-0192,James Wilson,Consumer,United States,Central,Wisconsin,Technology,Machines,1825.87,2,0.1,-172.83,104.05,Medium
ORD-2024-11541,2024-11-23,2024-11-27,Second Class,CUST-0398,Richard Perez,Consumer,United States,West,Nevada,Office Supplies,Fasteners,27.2,4,0.0,-1.6,15.09,Medium
ORD-2024-11542,2024-11-23,2024-11-30,Standard Class,CUST-0083,Jessica Gonzalez,Consumer,United States,Central,Illinois,Furniture,Furnishings,51.44,1,0.4,-25.39,3.89,High
ORD-2024-11543,2024-11-24,2024-11-27,Second Class,CUST-0448,Elizabeth Martinez,Consumer,United States,West,Nevada,Technology,Copiers,2995.3,1,0.0,1253.56,123.31,Medium
ORD-2024-11544,2024-11-24,2024-11-28,Second Class,CUST-0059,Christopher Anderson,Corporate,United States,Central,Wisconsin,Technology,Accessories,251.02,3,0.2,37.17,20.54,Critical
ORD-2024-11545,2024-11-24,2024-11-30,Standard Class,CUST-0007,Lisa Martinez,Consumer,United States,South,North Carolina,Office Supplies,Fasteners,45.87,5,0.0,11.06,13.53,High
ORD-2024-11546,2024-11-24,2024-12-01,Standard Class,CUST-0392,William Brown,Consumer,United States,East,Pennsylvania,Office Supplies,Binders,62.63,2,0.2,2.92,6.65,Critical
ORD-2024-11547,2024-11-24,2024-11-30,Standard Class,CUST-0120,Elizabeth Johnson,Consumer,United States,Central,Texas,Furniture,Tables,691.2,2,0.4,-422.73,24.25,Medium
ORD-2024-11548,2024-11-24,2024-12-01,Standard Class,CUST-0329,Nancy Taylor,Corporate,United States,West,Arizona,Office Supplies,Binders,278.44,3,0.0,99.7,15.15,Critical
ORD-2024-11549,2024-11-25,2024-11-30,Standard Class,CUST-0361,Christopher Jackson,Consumer,United States,East,New York,Furniture,Furnishings,132.46,3,0.0,24.89,11.06,Medium
ORD-2024-11550,2024-11-25,2024-11-30,Standard Class,CUST-0375,John Thompson,Corporate,United States,South,Virginia,Technology,Accessories,397.4,2,0.0,124.18,16.03,Medium
ORD-2024-11551,2024-11-25,2024-12-01,Standard Class,CUST-0447,James Smith,Corporate,United States,West,Colorado,Office Supplies,Paper,129.33,6,0.1,41.19,18.32,Critical
ORD-2024-11552,2024-11-25,2024-11-29,Second Class,CUST-0142,Linda Rodriguez,Home Office,United States,West,Oregon,Office Supplies,Appliances,917.75,3,0.0,172.36,47.21,High
ORD-2024-11553,2024-11-25,2024-11-30,Standard Class,CUST-0319,Joseph Lee,Consumer,United States,East,New York,Furniture,Tables,196.97,1,0.15,-38.81,7.97,Medium
ORD-2024-11554,2024-11-25,2024-11-28,Second Class,CUST-0054,Thomas Smith,Consumer,United States,Central,Wisconsin,Technology,Machines,984.33,1,0.0,21.64,42.87,Medium
ORD-2024-11555,2024-11-25,2024-12-02,Standard Class,CUST-0190,Elizabeth Perez,Consumer,United States,East,Ohio,Technology,Accessories,407.65,2,0.0,128.78,16.31,Medium
ORD-2024-11556,2024-11-25,2024-11-27,First Class,CUST-0373,Nancy Smith,Corporate,United States,South,Georgia,Office Supplies,Fasteners,29.92,4,0.1,2.03,19.76,Low
ORD-2024-11557,2024-11-25,2024-11-30,Standard Class,CUST-0177,Jessica Thomas,Corporate,United States,West,Oregon,Office Supplies,Fasteners,14.05,1,0.1,-0.59,2.84,Critical
ORD-2024-11558,2024-11-26,2024-11-26,Same Day,CUST-0286,Mary Johnson,Consumer,United States,East,New York,Office Supplies,Appliances,2108.0,9,0.0,381.5,185.31,Medium
ORD-2024-11559,2024-11-26,2024-12-02,Standard Class,CUST-0242,Karen Jones,Consumer,United States,Central,Texas,Office Supplies,Art,47.98,2,0.15,11.4,6.24,Medium
ORD-2024-11560,2024-11-26,2024-11-26,Same Day,CUST-0302,William Martin,Consumer,United States,West,Oregon,Office Supplies,Art,45.28,3,0.3,-6.84,19.7,Medium
ORD-2024-11561,2024-11-26,2024-12-02,Standard Class,CUST-0435,Sarah Taylor,Consumer,United States,Central,Indiana,Office Supplies,Storage,239.98,1,0.0,54.21,9.17,High
ORD-2024-11562,2024-11-26,2024-12-01,Standard Class,CUST-0024,Joseph Miller,Consumer,United States,West,Nevada,Technology,Machines,8335.86,6,0.0,336.24,248.1,Medium
ORD-2024-11563,2024-11-26,2024-12-03,Standard Class,CUST-0277,Jessica Smith,Consumer,United States,West,Washington,Furniture,Furnishings,309.1,5,0.2,-8.09,20.9,Medium
ORD-2024-11564,2024-11-26,2024-11-27,First Class,CUST-0380,Charles White,Corporate,United States,West,California,Furniture,Chairs,450.66,1,0.0,50.98,27.98,High
ORD-2024-11565,2024-11-26,2024-11-30,Second Class,CUST-0229,Jennifer Perez,Consumer,United States,South,North Carolina,Technology,Accessories,1518.47,7,0.0,503.34,85.24,Critical
ORD-2024-11566,2024-11-26,2024-11-29,Second Class,CUST-0029,Nancy Jones,Corporate,United States,East,New Jersey,Office Supplies,Binders,183.36,2,0.1,58.84,14.33,High
ORD-2024-11567,2024-11-26,2024-11-27,First Class,CUST-0267,Christopher Hernandez,Corporate,United States,Central,Indiana,Office Supplies,Paper,268.07,4,0.0,106.68,32.14,Low
ORD-2024-11568,2024-11-27,2024-12-03,Standard Class,CUST-0156,John Moore,Consumer,United States,East,New York,Furniture,Bookcases,1154.49,5,0.0,-5.36,44.58,Low
ORD-2024-11569,2024-11-27,2024-11-30,Second Class,CUST-0081,Jessica Anderson,Consumer,United States,East,Pennsylvania,Office Supplies,Art,85.08,4,0.5,-42.75,17.4,High
ORD-2024-11570,2024-11-27,2024-12-03,Standard Class,CUST-0373,Nancy Smith,Corporate,United States,East,Ohio,Furniture,Chairs,2477.93,7,0.0,176.74,86.53,Medium
ORD-2024-11571,2024-11-27,2024-11-30,Second Class,CUST-0247,Jessica Rodriguez,Corporate,United States,South,North Carolina,Furniture,Tables,2270.5,6,0.3,-972.81,111.82,High
ORD-2024-11572,2024-11-27,2024-11-29,First Class,CUST-0419,Elizabeth Taylor,Consumer,United States,Central,Indiana,Furniture,Chairs,4414.25,10,0.0,596.24,275.04,Medium
ORD-2024-11573,2024-11-27,2024-12-03,Standard Class,CUST-0360,Charles Jackson,Home Office,United States,Central,Wisconsin,Technology,Copiers,1063.84,1,0.2,220.05,32.24,Medium
ORD-2024-11574,2024-11-28,2024-12-04,Standard Class,CUST-0313,Joseph Miller,Consumer,United States,West,Colorado,Furniture,Furnishings,97.47,2,0.1,5.12,7.63,High
ORD-2024-11575,2024-11-28,2024-12-04,Standard Class,CUST-0005,Elizabeth Martinez,Corporate,United States,East,New York,Furniture,Chairs,910.89,3,0.0,133.94,32.85,Critical
ORD-2024-11576,2024-11-28,2024-12-05,Standard Class,CUST-0204,Thomas Hernandez,Home Office,United States,East,Pennsylvania,Office Supplies,Envelopes,139.46,4,0.15,40.49,13.7,Medium
ORD-2024-11577,2024-11-28,2024-12-03,Standard Class,CUST-0099,John Rodriguez,Corporate,United States,South,North Carolina,Furniture,Chairs,626.23,3,0.3,-121.14,24.88,Medium
ORD-2024-11578,2024-11-28,2024-11-30,First Class,CUST-0407,Daniel Wilson,Consumer,United States,West,California,Technology,Phones,268.88,1,0.0,66.23,18.53,Medium
ORD-2024-11579,2024-11-28,2024-11-28,Same Day,CUST-0086,Richard Wilson,Consumer,United States,West,Washington,Technology,Machines,6105.68,5,0.15,-866.24,418.76,Medium
ORD-2024-11580,2024-11-29,2024-12-02,Second Class,CUST-0136,Richard Johnson,Consumer,United States,East,New York,Office Supplies,Fasteners,138.36,8,0.0,44.16,33.53,Medium
ORD-2024-11581,2024-11-29,2024-12-03,Second Class,CUST-0246,Daniel Lee,Corporate,United States,West,Nevada,Furniture,Tables,948.88,2,0.2,-189.16,44.96,High
ORD-2024-11582,2024-11-30,2024-12-06,Standard Class,CUST-0125,Patricia Anderson,Consumer,United States,West,Nevada,Office Supplies,Supplies,59.66,1,0.15,-6.28,4.12,High
ORD-2024-11583,2024-11-30,2024-12-04,Second Class,CUST-0105,Mary Johnson,Home Office,United States,South,Tennessee,Furniture,Tables,165.93,1,0.0,13.38,10.14,Low
ORD-2024-11584,2024-11-30,2024-12-06,Standard Class,CUST-0291,Christopher Martinez,Consumer,United States,East,New York,Furniture,Chairs,193.1,1,0.0,26.56,7.86,Medium
ORD-2024-11585,2024-11-30,2024-12-05,Standard Class,CUST-0036,Patricia Jones,Corporate,United States,South,Virginia,Office Supplies,Art,215.8,4,0.1,44.92,15.84,Medium
ORD-2024-11586,2024-11-30,2024-12-05,Standard Class,CUST-0026,Jessica Smith,Corporate,United States,South,Georgia,Technology,Copiers,6527.12,7,0.4,-15.65,199.91,High
ORD-2024-11587,2024-11-30,2024-12-05,Standard Class,CUST-0177,Jessica Thomas,Corporate,United States,West,Arizona,Office Supplies,Art,12.29,1,0.0,11.03,2.79,Medium
ORD-2024-11588,2024-12-01,2024-12-07,Standard Class,CUST-0326,Barbara Perez,Consumer,United States,East,Massachusetts,Furniture,Tables,1080.18,3,0.1,-46.25,37.6,Critical
ORD-2024-11589,2024-12-01,2024-12-04,Second Class,CUST-0267,Christopher Hernandez,Corporate,United States,West,California,Office Supplies,Envelopes,202.79,4,0.0,74.65,22.11,Medium
ORD-2024-11590,2024-12-02,2024-12-07,Standard Class,CUST-0202,Jessica Wilson,Corporate,United States,South,Virginia,Office Supplies,Labels,29.63,2,0.15,6.39,5.73,High
ORD-2024-11591,2024-12-02,2024-12-04,First Class,CUST-0269,John Martin,Home Office,United States,East,Pennsylvania,Technology,Machines,2071.07,3,0.1,-132.08,121.35,Medium
ORD-2024-11592,2024-12-02,2024-12-08,Standard Class,CUST-0176,Joseph Lopez,Consumer,United States,East,New York,Furniture,Bookcases,808.22,4,0.15,-94.1,32.43,Medium
ORD-2024-11593,2024-12-02,2024-12-07,Standard Class,CUST-0421,Joseph Thomas,Home Office,United States,West,Washington,Technology,Phones,4392.6,5,0.3,-581.74,135.24,High
ORD-2024-11594,2024-12-02,2024-12-09,Standard Class,CUST-0024,Joseph Miller,Consumer,United States,East,Ohio,Technology,Accessories,362.27,2,0.0,115.1,15.04,High
ORD-2024-11595,2024-12-02,2024-12-07,Standard Class,CUST-0309,Barbara Lee,Consumer,United States,West,Nevada,Office Supplies,Appliances,724.58,4,0.0,129.1,30.09,Critical
ORD-2024-11596,2024-12-03,2024-12-03,Same Day,CUST-0393,David Jones,Consumer,United States,East,New Jersey,Technology,Phones,709.82,2,0.7,-1124.64,56.63,Medium
ORD-2024-11597,2024-12-03,2024-12-08,Standard Class,CUST-0360,Charles Jackson,Home Office,United States,Central,Wisconsin,Furniture,Bookcases,268.03,1,0.0,10.75,9.95,Medium
ORD-2024-11598,2024-12-03,2024-12-10,Standard Class,CUST-0089,Joseph Rodriguez,Corporate,United States,South,Georgia,Technology,Copiers,787.06,1,0.15,202.91,24.49,Medium
ORD-2024-11599,2024-12-03,2024-12-08,Standard Class,CUST-0142,Linda Rodriguez,Home Office,United States,West,California,Technology,Phones,2092.87,2,0.15,261.52,63.5,Medium
ORD-2024-11600,2024-12-03,2024-12-10,Standard Class,CUST-0325,Richard Davis,Consumer,United States,East,Pennsylvania,Technology,Phones,612.09,1,0.15,78.16,19.59,High
ORD-2024-11601,2024-12-03,2024-12-06,Second Class,CUST-0032,Mary Anderson,Consumer,United States,South,Florida,Technology,Accessories,530.03,2,0.0,160.29,28.2,Medium
ORD-2024-11602,2024-12-03,2024-12-09,Standard Class,CUST-0361,Christopher Jackson,Consumer,United States,West,Colorado,Office Supplies,Fasteners,145.46,4,0.0,57.15,13.87,Medium
ORD-2024-11603,2024-12-03,2024-12-08,Standard Class,CUST-0326,Barbara Perez,Consumer,United States,South,Tennessee,Furniture,Bookcases,821.55,3,0.15,-83.13,30.35,Medium
ORD-2024-11604,2024-12-03,2024-12-09,Standard Class,CUST-0328,James Thomas,Consumer,United States,West,Oregon,Office Supplies,Labels,21.55,1,0.0,9.5,3.05,Low
ORD-2024-11605,2024-12-04,2024-12-04,Same Day,CUST-0045,William Anderson,Consumer,United States,Central,Illinois,Technology,Phones,1311.07,2,0.15,135.85,95.11,Critical
ORD-2024-11606,2024-12-04,2024-12-11,Standard Class,CUST-0326,Barbara Perez,Consumer,United States,East,New Jersey,Office Supplies,Art,110.44,3,0.1,25.63,10.44,Critical
ORD-2024-11607,2024-12-04,2024-12-11,Standard Class,CUST-0309,Barbara Lee,Consumer,United States,East,New Jersey,Office Supplies,Fasteners,68.04,2,0.0,21.7,6.81,Medium
ORD-2024-11608,2024-12-04,2024-12-05,First Class,CUST-0368,Patricia Martinez,Consumer,United States,South,Virginia,Technology,Machines,1870.48,2,0.0,-22.31,106.37,Medium
ORD-2024-11609,2024-12-04,2024-12-06,First Class,CUST-0021,David Miller,Consumer,United States,West,Washington,Office Supplies,Storage,409.6,4,0.4,-141.32,39.5,Medium
ORD-2024-11610,2024-12-05,2024-12-10,Standard Class,CUST-0007,Lisa Martinez,Consumer,United States,East,Pennsylvania,Office Supplies,Appliances,261.47,1,0.1,38.67,9.77,Medium
ORD-2024-11611,2024-12-05,2024-12-11,Standard Class,CUST-0177,Jessica Thomas,Corporate,United States,East,Pennsylvania,Furniture,Chairs,894.81,2,0.1,22.96,29.95,Critical
ORD-2024-11612,2024-12-05,2024-12-05,Same Day,CUST-0079,James Gonzalez,Consumer,United States,Central,Indiana,Office Supplies,Binders,13.37,1,0.4,-6.07,6.46,Medium
ORD-2024-11613,2024-12-05,2024-12-08,Second Class,CUST-0267,Christopher Hernandez,Corporate,United States,West,California,Furniture,Chairs,360.37,1,0.15,-9.34,17.91,Low
ORD-2024-11614,2024-12-05,2024-12-12,Standard Class,CUST-0411,Patricia Moore,Consumer,United States,Central,Indiana,Technology,Machines,7018.79,8,0.4,-4171.24,216.13,High
ORD-2024-11615,2024-12-05,2024-12-11,Standard Class,CUST-0184,Jennifer Martinez,Home Office,United States,East,New York,Furniture,Bookcases,635.35,2,0.0,0.36,22.69,Medium
ORD-2024-11616,2024-12-05,2024-12-08,Second Class,CUST-0373,Nancy Smith,Corporate,United States,West,Washington,Office Supplies,Paper,288.75,3,0.2,67.7,22.05,Medium
ORD-2024-11617,2024-12-06,2024-12-07,First Class,CUST-0001,David Williams,Home Office,United States,Central,Michigan,Furniture,Chairs,1623.24,4,0.0,254.43,102.61,Critical
ORD-2024-11618,2024-12-06,2024-12-10,Second Class,CUST-0084,David Taylor,Consumer,United States,West,Washington,Furniture,Chairs,279.11,1,0.2,-21.19,14.66,Medium
ORD-2024-11619,2024-12-06,2024-12-12,Standard Class,CUST-0018,William Rodriguez,Consumer,United States,East,Ohio,Furniture,Bookcases,205.74,1,0.3,-88.64,8.21,Medium
ORD-2024-11620,2024-12-06,2024-12-12,Standard Class,CUST-0155,David Rodriguez,Consumer,United States,West,California,Office Supplies,Envelopes,241.07,5,0.0,94.57,19.0,Medium
ORD-2024-11621,2024-12-07,2024-12-13,Standard Class,CUST-0407,Daniel Wilson,Consumer,United States,East,Massachusetts,Office Supplies,Labels,283.79,6,0.0,135.15,22.65,High
ORD-2024-11622,2024-12-07,2024-12-09,First Class,CUST-0042,John Miller,Consumer,United States,Central,Texas,Technology,Copiers,1424.98,2,0.15,399.99,83.2,Medium
ORD-2024-11623,2024-12-07,2024-12-14,Standard Class,CUST-0291,Christopher Martinez,Consumer,United States,East,Massachusetts,Office Supplies,Paper,111.31,2,0.0,46.53,8.02,Medium
ORD-2024-11624,2024-12-07,2024-12-12,Standard Class,CUST-0212,Karen Martinez,Consumer,United States,East,New Jersey,Furniture,Chairs,640.98,4,0.2,-71.46,27.75,Medium
ORD-2024-11625,2024-12-08,2024-12-13,Standard Class,CUST-0421,Joseph Thomas,Home Office,United States,East,New York,Furniture,Furnishings,214.41,2,0.0,45.99,10.9,Medium
ORD-2024-11626,2024-12-08,2024-12-10,First Class,CUST-0063,Nancy Lopez,Corporate,United States,West,Arizona,Furniture,Bookcases,209.86,1,0.3,-75.65,15.46,Medium
ORD-2024-11627,2024-12-08,2024-12-13,Standard Class,CUST-0106,Elizabeth Thomas,Corporate,United States,East,New Jersey,Office Supplies,Labels,47.91,2,0.0,20.0,6.24,Medium
ORD-2024-11628,2024-12-08,2024-12-11,Second Class,CUST-0018,William Rodriguez,Consumer,United States,South,North Carolina,Office Supplies,Fasteners,30.02,2,0.1,11.75,8.2,Medium
ORD-2024-11629,2024-12-08,2024-12-13,Standard Class,CUST-0205,Thomas Jackson,Consumer,United States,South,Georgia,Furniture,Bookcases,293.87,1,0.0,16.14,10.68,Medium
ORD-2024-11630,2024-12-08,2024-12-11,Second Class,CUST-0133,Charles Martinez,Consumer,United States,West,California,Furniture,Furnishings,439.08,3,0.0,79.02,28.06,Medium
ORD-2024-11631,2024-12-09,2024-12-14,Standard Class,CUST-0381,Joseph Miller,Home Office,United States,West,Colorado,Furniture,Bookcases,1216.57,4,0.0,63.32,43.86,Medium
ORD-2024-11632,2024-12-09,2024-12-15,Standard Class,CUST-0291,Christopher Martinez,Consumer,United States,South,Tennessee,Technology,Phones,2975.34,3,0.1,419.22,90.66,Medium
ORD-2024-11633,2024-12-09,2024-12-16,Standard Class,CUST-0293,James Taylor,Corporate,United States,East,Pennsylvania,Office Supplies,Labels,35.33,1,0.0,17.28,3.44,High
ORD-2024-11634,2024-12-09,2024-12-15,Standard Class,CUST-0255,Joseph Hernandez,Corporate,United States,East,Ohio,Furniture,Tables,787.41,2,0.3,-279.28,26.95,High
ORD-2024-11635,2024-12-09,2024-12-14,Standard Class,CUST-0039,Lisa Johnson,Corporate,United States,Central,Illinois,Furniture,Bookcases,1266.89,4,0.0,74.42,45.27,Critical
ORD-2024-11636,2024-12-09,2024-12-16,Standard Class,CUST-0209,Susan Smith,Home Office,United States,West,Oregon,Office Supplies,Art,11.84,1,0.2,2.67,2.78,High
ORD-2024-11637,2024-12-09,2024-12-16,Standard Class,CUST-0449,John Taylor,Consumer,United States,East,Ohio,Technology,Machines,551.81,1,0.1,-15.54,17.9,Medium
ORD-2024-11638,2024-12-09,2024-12-16,Standard Class,CUST-0369,John Anderson,Corporate,United States,South,Florida,Office Supplies,Fasteners,31.41,2,0.1,5.22,5.78,Medium
ORD-2024-11639,2024-12-09,2024-12-16,Standard Class,CUST-0395,Michael Anderson,Corporate,United States,Central,Wisconsin,Office Supplies,Paper,101.46,1,0.0,39.04,5.29,High
ORD-2024-11640,2024-12-10,2024-12-15,Standard Class,CUST-0363,Susan White,Home Office,United States,West,Washington,Office Supplies,Fasteners,117.14,7,0.1,27.47,20.43,Critical
ORD-2024-11641,2024-12-10,2024-12-13,Second Class,CUST-0046,Joseph Williams,Home Office,United States,West,Arizona,Technology,Phones,2760.18,3,0.1,584.04,120.91,Medium
ORD-2024-11642,2024-12-10,2024-12-15,Standard Class,CUST-0114,Sarah Jackson,Corporate,United States,West,Washington,Furniture,Bookcases,475.83,2,0.0,23.72,18.22,Medium
ORD-2024-11643,2024-12-10,2024-12-14,Second Class,CUST-0005,Elizabeth Martinez,Corporate,United States,Central,Texas,Technology,Machines,1273.3,4,0.0,37.24,64.93,Critical
ORD-2024-11644,2024-12-10,2024-12-15,Standard Class,CUST-0148,Daniel Brown,Corporate,United States,West,California,Furniture,Chairs,455.64,2,0.0,73.28,17.66,Medium
ORD-2024-11645,2024-12-10,2024-12-14,Second Class,CUST-0048,Nancy Rodriguez,Consumer,United States,West,Nevada,Office Supplies,Fasteners,28.11,1,0.0,6.15,4.62,Medium
ORD-2024-11646,2024-12-10,2024-12-16,Standard Class,CUST-0228,Nancy Williams,Corporate,United States,South,Tennessee,Technology,Phones,1143.35,1,0.0,283.36,34.46,Medium
ORD-2024-11647,2024-12-10,2024-12-16,Standard Class,CUST-0309,Barbara Lee,Consumer,United States,West,Oregon,Office Supplies,Fasteners,102.75,3,0.0,29.33,10.23,Medium
ORD-2024-11648,2024-12-10,2024-12-10,Same Day,CUST-0382,Elizabeth Garcia,Consumer,United States,West,Washington,Furniture,Bookcases,225.95,1,0.15,-22.85,20.06,High
ORD-2024-11649,2024-12-11,2024-12-18,Standard Class,CUST-0337,Michael Rodriguez,Consumer,United States,West,Nevada,Office Supplies,Appliances,491.0,2,0.0,104.04,18.65,Critical
ORD-2024-11650,2024-12-11,2024-12-16,Standard Class,CUST-0421,Joseph Thomas,Home Office,United States,West,Washington,Furniture,Chairs,487.01,1,0.0,61.45,16.09,Critical
ORD-2024-11651,2024-12-11,2024-12-12,First Class,CUST-0023,Charles Thomas,Home Office,United States,East,New Jersey,Technology,Accessories,117.75,1,0.0,43.65,10.67,Medium
ORD-2024-11652,2024-12-11,2024-12-11,Same Day,CUST-0007,Lisa Martinez,Consumer,United States,South,Virginia,Technology,Accessories,593.2,4,0.1,126.55,60.36,High
ORD-2024-11653,2024-12-12,2024-12-15,Second Class,CUST-0306,Joseph Garcia,Home Office,United States,South,North Carolina,Office Supplies,Paper,559.97,5,0.0,225.47,39.9,Medium
ORD-2024-11654,2024-12-12,2024-12-13,First Class,CUST-0138,William Gonzalez,Consumer,United States,East,New Jersey,Furniture,Tables,1080.68,4,0.15,-157.56,74.4,Low
ORD-2024-11655,2024-12-12,2024-12-15,Second Class,CUST-0120,Elizabeth Johnson,Consumer,United States,East,Massachusetts,Furniture,Bookcases,645.57,3,0.15,-39.18,36.32,Medium
ORD-2024-11656,2024-12-12,2024-12-16,Second Class,CUST-0155,David Rodriguez,Consumer,United States,East,New York,Technology,Machines,8623.84,7,0.1,-715.59,369.45,High
ORD-2024-11657,2024-12-12,2024-12-19,Standard Class,CUST-0128,Charles Taylor,Consumer,United States,West,Washington,Furniture,Tables,304.65,1,0.0,11.6,10.98,High
ORD-2024-11658,2024-12-12,2024-12-14,First Class,CUST-0246,Daniel Lee,Corporate,United States,West,Oregon,Office Supplies,Paper,113.71,1,0.1,35.21,10.46,Low
ORD-2024-11659,2024-12-12,2024-12-17,Standard Class,CUST-0208,Sarah Thompson,Home Office,United States,South,Georgia,Office Supplies,Storage,398.76,2,0.0,81.44,16.07,Low
ORD-2024-11660,2024-12-13,2024-12-18,Standard Class,CUST-0246,Daniel Lee,Corporate,United States,West,Colorado,Technology,Accessories,206.5,2,0.3,4.64,10.68,Medium
ORD-2024-11661,2024-12-13,2024-12-16,Second Class,CUST-0309,Barbara Lee,Consumer,United States,West,Arizona,Furniture,Furnishings,224.6,2,0.2,-17.37,15.98,Medium
ORD-2024-11662,2024-12-13,2024-12-18,Standard Class,CUST-0181,William Brown,Consumer,United States,East,New York,Technology,Copiers,755.64,1,0.1,292.78,23.61,Medium
ORD-2024-11663,2024-12-13,2024-12-18,Standard Class,CUST-0120,Elizabeth Johnson,Consumer,United States,East,Ohio,Office Supplies,Appliances,101.47,1,0.5,-62.35,5.29,Medium
ORD-2024-11664,2024-12-13,2024-12-17,Second Class,CUST-0083,Jessica Gonzalez,Consumer,United States,West,Arizona,Furniture,Furnishings,247.73,3,0.1,12.36,20.41,Critical
ORD-2024-11665,2024-12-13,2024-12-16,Second Class,CUST-0170,Karen Williams,Consumer,United States,West,Nevada,Office Supplies,Art,280.24,7,0.0,70.46,35.71,Medium
ORD-2024-11666,2024-12-13,2024-12-19,Standard Class,CUST-0334,Daniel Perez,Corporate,United States,East,New Jersey,Office Supplies,Labels,66.97,2,0.0,26.01,6.78,Medium
ORD-2024-11667,2024-12-13,2024-12-20,Standard Class,CUST-0341,Mary Williams,Consumer,United States,Central,Wisconsin,Office Supplies,Appliances,304.43,1,0.1,47.52,10.97,Medium
ORD-2024-11668,2024-12-14,2024-12-15,First Class,CUST-0309,Barbara Lee,Consumer,United States,West,Nevada,Office Supplies,Storage,276.02,4,0.3,-62.81,32.55,Medium
ORD-2024-11669,2024-12-14,2024-12-18,Second Class,CUST-0117,David Martin,Consumer,United States,East,Pennsylvania,Technology,Machines,1164.75,2,0.3,-390.96,53.59,Critical
ORD-2024-11670,2024-12-14,2024-12-18,Second Class,CUST-0286,Mary Johnson,Consumer,United States,East,New Jersey,Office Supplies,Binders,50.05,1,0.1,12.46,5.5,High
ORD-2024-11671,2024-12-14,2024-12-16,First Class,CUST-0272,Linda Jones,Consumer,United States,South,Tennessee,Office Supplies,Envelopes,24.29,2,0.0,0.25,10.36,Medium
ORD-2024-11672,2024-12-14,2024-12-18,Second Class,CUST-0229,Jennifer Perez,Consumer,United States,East,New Jersey,Furniture,Chairs,1646.23,4,0.15,-8.19,79.85,Medium
ORD-2024-11673,2024-12-14,2024-12-20,Standard Class,CUST-0266,Karen Lopez,Consumer,United States,West,Nevada,Office Supplies,Art,265.05,5,0.2,23.25,19.67,Low
ORD-2024-11674,2024-12-14,2024-12-19,Standard Class,CUST-0233,John Martinez,Consumer,United States,East,Massachusetts,Office Supplies,Paper,235.81,3,0.0,97.32,13.95,Medium
ORD-2024-11675,2024-12-14,2024-12-15,First Class,CUST-0269,John Martin,Home Office,United States,Central,Michigan,Office Supplies,Fasteners,30.36,2,0.1,3.01,10.68,Low
ORD-2024-11676,2024-12-15,2024-12-16,First Class,CUST-0323,William Miller,Consumer,United States,West,Arizona,Technology,Copiers,4461.87,2,0.15,1097.69,241.12,Critical
ORD-2024-11677,2024-12-15,2024-12-20,Standard Class,CUST-0050,Lisa Thompson,Corporate,United States,East,Pennsylvania,Furniture,Chairs,191.54,1,0.3,-52.94,7.81,High
ORD-2024-11678,2024-12-15,2024-12-22,Standard Class,CUST-0337,Michael Rodriguez,Consumer,United States,West,Colorado,Technology,Accessories,1366.47,7,0.2,252.03,55.41,Low
ORD-2024-11679,2024-12-15,2024-12-21,Standard Class,CUST-0075,Susan Thomas,Corporate,United States,West,California,Office Supplies,Supplies,207.62,3,0.0,30.58,13.16,Medium
ORD-2024-11680,2024-12-15,2024-12-18,Second Class,CUST-0029,Nancy Jones,Corporate,United States,East,New York,Office Supplies,Appliances,229.71,1,0.0,47.84,12.69,Low
ORD-2024-11681,2024-12-15,2024-12-21,Standard Class,CUST-0437,James Smith,Consumer,United States,West,Arizona,Office Supplies,Supplies,257.57,4,0.3,-82.64,17.01,Medium
ORD-2024-11682,2024-12-15,2024-12-21,Standard Class,CUST-0430,Karen Wilson,Home Office,United States,South,Georgia,Furniture,Bookcases,283.19,2,0.2,-49.55,12.83,Medium
ORD-2024-11683,2024-12-15,2024-12-22,Standard Class,CUST-0026,Jessica Smith,Corporate,United States,Central,Texas,Office Supplies,Storage,2388.55,9,0.0,468.45,88.93,Medium
ORD-2024-11684,2024-12-15,2024-12-18,Second Class,CUST-0209,Susan Smith,Home Office,United States,East,Pennsylvania,Technology,Accessories,1213.0,5,0.1,280.63,66.02,Medium
ORD-2024-11685,2024-12-15,2024-12-16,First Class,CUST-0091,Christopher Gonzalez,Consumer,United States,East,Massachusetts,Furniture,Chairs,351.25,1,0.3,-100.74,22.81,Medium
ORD-2024-11686,2024-12-15,2024-12-21,Standard Class,CUST-0229,Jennifer Perez,Consumer,United States,East,Ohio,Office Supplies,Supplies,117.39,4,0.3,-38.09,13.09,High
ORD-2024-11687,2024-12-16,2024-12-22,Standard Class,CUST-0368,Patricia Martinez,Consumer,United States,West,California,Technology,Copiers,3478.99,3,0.2,752.52,104.76,High
ORD-2024-11688,2024-12-16,2024-12-21,Standard Class,CUST-0428,Nancy Jones,Home Office,United States,South,Georgia,Technology,Copiers,2474.71,1,0.0,1101.32,71.74,Low
ORD-2024-11689,2024-12-16,2024-12-23,Standard Class,CUST-0299,Lisa Hernandez,Consumer,United States,South,Tennessee,Office Supplies,Envelopes,66.0,4,0.15,12.9,11.65,Medium
ORD-2024-11690,2024-12-16,2024-12-17,First Class,CUST-0173,Karen Davis,Corporate,United States,West,Colorado,Furniture,Tables,1535.17,3,0.0,-15.92,93.48,Medium
ORD-2024-11691,2024-12-16,2024-12-22,Standard Class,CUST-0291,Christopher Martinez,Consumer,United States,West,California,Office Supplies,Supplies,66.96,1,0.3,-20.16,4.32,Critical
ORD-2024-11692,2024-12-16,2024-12-17,First Class,CUST-0151,Susan Garcia,Home Office,United States,West,Oregon,Technology,Machines,4316.53,3,0.0,309.02,238.11,Critical
ORD-2024-11693,2024-12-16,2024-12-23,Standard Class,CUST-0407,Daniel Wilson,Consumer,United States,Central,Indiana,Technology,Phones,1734.85,3,0.15,174.81,55.93,High
ORD-2024-11694,2024-12-17,2024-12-22,Standard Class,CUST-0381,Joseph Miller,Home Office,United States,Central,Illinois,Furniture,Furnishings,131.35,1,0.1,3.48,6.13,Critical
ORD-2024-11695,2024-12-17,2024-12-17,Same Day,CUST-0267,Christopher Hernandez,Corporate,United States,South,Florida,Office Supplies,Appliances,328.33,2,0.2,-15.2,32.21,Medium
ORD-2024-11696,2024-12-17,2024-12-18,First Class,CUST-0155,David Rodriguez,Consumer,United States,Central,Illinois,Furniture,Bookcases,877.6,3,0.1,-74.89,59.29,Medium
ORD-2024-11697,2024-12-17,2024-12-24,Standard Class,CUST-0142,Linda Rodriguez,Home Office,United States,East,New Jersey,Office Supplies,Fasteners,27.46,1,0.0,11.17,3.22,Critical
ORD-2024-11698,2024-12-17,2024-12-24,Standard Class,CUST-0018,William Rodriguez,Consumer,United States,Central,Texas,Furniture,Furnishings,546.26,6,0.15,24.83,30.0,High
ORD-2024-11699,2024-12-17,2024-12-24,Standard Class,CUST-0361,Christopher Jackson,Consumer,United States,Central,Indiana,Office Supplies,Labels,21.5,1,0.0,6.79,3.05,Medium
ORD-2024-11700,2024-12-17,2024-12-23,Standard Class,CUST-0211,Michael Anderson,Consumer,United States,East,New York,Technology,Accessories,139.13,1,0.0,49.59,6.35,Medium
ORD-2024-11701,2024-12-17,2024-12-24,Standard Class,CUST-0155,David Rodriguez,Consumer,United States,East,Massachusetts,Furniture,Tables,64.75,1,0.7,-150.24,4.26,High
ORD-2024-11702,2024-12-18,2024-12-23,Standard Class,CUST-0227,Joseph Smith,Consumer,United States,Central,Illinois,Technology,Machines,3742.93,3,0.1,-247.93,112.15,Critical
ORD-2024-11703,2024-12-18,2024-12-25,Standard Class,CUST-0363,Susan White,Home Office,United States,East,Massachusetts,Technology,Copiers,8561.77,3,0.15,2430.33,247.08,Medium
ORD-2024-11704,2024-12-18,2024-12-24,Standard Class,CUST-0065,Linda Garcia,Corporate,United States,Central,Wisconsin,Technology,Copiers,3255.81,2,0.1,765.65,96.06,High
ORD-2024-11705,2024-12-18,2024-12-19,First Class,CUST-0375,John Thompson,Corporate,United States,Central,Michigan,Technology,Accessories,283.21,2,0.2,35.02,23.83,Medium
ORD-2024-11706,2024-12-18,2024-12-23,Standard Class,CUST-0398,Richard Perez,Consumer,United States,Central,Illinois,Office Supplies,Art,139.38,5,0.2,11.83,16.15,Medium
ORD-2024-11707,2024-12-19,2024-12-24,Standard Class,CUST-0426,Jennifer Gonzalez,Home Office,United States,Central,Indiana,Technology,Copiers,1466.94,1,0.15,436.2,43.52,Medium
ORD-2024-11708,2024-12-19,2024-12-21,First Class,CUST-0188,Richard Gonzalez,Corporate,United States,East,New York,Technology,Phones,290.44,2,0.7,-430.46,24.2,Low
ORD-2024-11709,2024-12-19,2024-12-23,Second Class,CUST-0109,Jessica Moore,Consumer,United States,Central,Illinois,Office Supplies,Fasteners,13.81,1,0.1,0.69,4.05,Medium
ORD-2024-11710,2024-12-19,2024-12-26,Standard Class,CUST-0177,Jessica Thomas,Corporate,United States,East,Ohio,Furniture,Furnishings,69.4,1,0.15,-2.75,4.39,Medium
ORD-2024-11711,2024-12-20,2024-12-25,Standard Class,CUST-0157,Karen Anderson,Consumer,United States,West,Washington,Furniture,Chairs,744.74,2,0.2,-76.8,25.75,Medium
ORD-2024-11712,2024-12-20,2024-12-25,Standard Class,CUST-0086,Richard Wilson,Consumer,United States,West,California,Furniture,Bookcases,156.33,1,0.0,7.09,6.83,Medium
ORD-2024-11713,2024-12-20,2024-12-22,First Class,CUST-0292,James Brown,Corporate,United States,East,Ohio,Furniture,Bookcases,604.41,2,0.1,-40.83,40.53,Medium
ORD-2024-11714,2024-12-20,2024-12-27,Standard Class,CUST-0228,Nancy Williams,Corporate,United States,East,New Jersey,Technology,Phones,1881.46,5,0.5,-985.39,64.93,Medium
ORD-2024-11715,2024-12-21,2024-12-27,Standard Class,CUST-0380,Charles White,Corporate,United States,South,Tennessee,Technology,Accessories,244.72,1,0.0,78.44,9.3,Medium
ORD-2024-11716,2024-12-21,2024-12-24,Second Class,CUST-0018,William Rodriguez,Consumer,United States,East,Ohio,Office Supplies,Supplies,72.16,5,0.0,4.61,20.39,High
ORD-2024-11717,2024-12-21,2024-12-24,Second Class,CUST-0302,William Martin,Consumer,United States,East,Massachusetts,Technology,Machines,3875.54,4,0.1,-149.84,169.02,Medium
ORD-2024-11718,2024-12-21,2024-12-21,Same Day,CUST-0345,Karen Jackson,Corporate,United States,West,Washington,Technology,Phones,1611.8,2,0.0,327.5,114.36,High
ORD-2024-11719,2024-12-21,2024-12-22,First Class,CUST-0344,Christopher Smith,Home Office,United States,West,Washington,Furniture,Bookcases,732.4,3,0.3,-285.68,51.73,Medium
ORD-2024-11720,2024-12-22,2024-12-28,Standard Class,CUST-0391,Jennifer Garcia,Consumer,United States,Central,Indiana,Technology,Phones,1493.89,2,0.0,312.97,46.73,Critical
ORD-2024-11721,2024-12-22,2024-12-27,Standard Class,CUST-0328,James Thomas,Consumer,United States,West,Colorado,Furniture,Bookcases,235.23,1,0.0,11.29,9.04,Medium
ORD-2024-11722,2024-12-22,2024-12-28,Standard Class,CUST-0413,Jennifer Miller,Corporate,United States,Central,Wisconsin,Office Supplies,Paper,140.4,7,0.2,29.27,21.08,Critical
ORD-2024-11723,2024-12-22,2024-12-27,Standard Class,CUST-0157,Karen Anderson,Consumer,United States,Central,Indiana,Office Supplies,Envelopes,109.14,3,0.0,45.28,10.41,Medium
ORD-2024-11724,2024-12-22,2024-12-23,First Class,CUST-0242,Karen Jones,Consumer,United States,East,New Jersey,Office Supplies,Storage,374.02,6,0.15,28.34,46.75,Medium
ORD-2024-11725,2024-12-22,2024-12-29,Standard Class,CUST-0007,Lisa Martinez,Consumer,United States,South,Georgia,Technology,Accessories,386.64,5,0.2,52.14,23.08,Medium
ORD-2024-11726,2024-12-22,2024-12-28,Standard Class,CUST-0006,Charles Smith,Corporate,United States,East,Pennsylvania,Office Supplies,Appliances,200.67,1,0.2,-8.09,8.07,Medium
ORD-2024-11727,2024-12-22,2024-12-24,First Class,CUST-0119,Sarah Moore,Consumer,United States,West,Washington,Furniture,Furnishings,114.48,1,0.2,-0.52,10.5,High
ORD-2024-11728,2024-12-22,2024-12-27,Standard Class,CUST-0045,William Anderson,Consumer,United States,South,Florida,Technology,Accessories,246.77,1,0.0,89.24,9.36,High
ORD-2024-11729,2024-12-23,2024-12-29,Standard Class,CUST-0124,Jennifer Wilson,Home Office,United States,South,Tennessee,Furniture,Furnishings,408.32,5,0.0,97.48,23.68,Critical
ORD-2024-11730,2024-12-23,2024-12-27,Second Class,CUST-0087,David Martinez,Corporate,United States,West,Nevada,Office Supplies,Art,293.58,6,0.0,83.11,32.74,High
ORD-2024-11731,2024-12-23,2024-12-28,Standard Class,CUST-0017,Richard Brown,Home Office,United States,West,Arizona,Technology,Phones,665.86,3,0.0,174.28,25.99,Medium
ORD-2024-11732,2024-12-23,2024-12-27,Second Class,CUST-0407,Daniel Wilson,Consumer,United States,West,Nevada,Furniture,Furnishings,24.74,1,0.1,5.28,4.49,Low
ORD-2024-11733,2024-12-23,2024-12-30,Standard Class,CUST-0006,Charles Smith,Corporate,United States,West,Nevada,Office Supplies,Paper,21.35,1,0.0,4.75,3.05,High
ORD-2024-11734,2024-12-24,2024-12-25,First Class,CUST-0331,Sarah Miller,Home Office,United States,South,Virginia,Technology,Copiers,4656.41,5,0.1,1584.87,264.88,Medium
ORD-2024-11735,2024-12-24,2024-12-25,First Class,CUST-0079,James Gonzalez,Consumer,United States,East,New Jersey,Office Supplies,Labels,297.76,7,0.0,114.32,47.33,Low
ORD-2024-11736,2024-12-24,2024-12-27,Second Class,CUST-0407,Daniel Wilson,Consumer,United States,East,Massachusetts,Furniture,Chairs,181.88,1,0.1,-3.13,10.78,Low
ORD-2024-11737,2024-12-24,2024-12-31,Standard Class,CUST-0394,Thomas Martin,Consumer,United States,South,North Carolina,Furniture,Chairs,212.61,1,0.0,35.71,8.4,Medium
ORD-2024-11738,2024-12-24,2024-12-25,First Class,CUST-0304,Barbara Martinez,Consumer,United States,East,New York,Technology,Accessories,466.51,2,0.0,154.74,33.36,Medium
ORD-2024-11739,2024-12-24,2024-12-28,Second Class,CUST-0309,Barbara Lee,Consumer,United States,West,Washington,Furniture,Chairs,407.73,1,0.15,7.44,19.81,Medium
ORD-2024-11740,2024-12-24,2024-12-31,Standard Class,CUST-0005,Elizabeth Martinez,Corporate,United States,South,Virginia,Furniture,Bookcases,799.32,5,0.15,-92.88,34.63,High
ORD-2024-11741,2024-12-24,2024-12-31,Standard Class,CUST-0442,Jessica Davis,Corporate,United States,South,Tennessee,Office Supplies,Labels,66.34,3,0.2,14.15,9.21,High
ORD-2024-11742,2024-12-25,2024-12-31,Standard Class,CUST-0384,William Jackson,Corporate,United States,South,North Carolina,Office Supplies,Storage,437.13,3,0.3,-55.75,19.59,High
ORD-2024-11743,2024-12-25,2024-12-31,Standard Class,CUST-0397,Richard Hernandez,Consumer,United States,East,Pennsylvania,Office Supplies,Supplies,164.84,2,0.15,-13.46,9.52,High
ORD-2024-11744,2024-12-25,2024-12-29,Second Class,CUST-0306,Joseph Garcia,Home Office,United States,Central,Illinois,Technology,Phones,1086.18,2,0.15,113.28,50.45,Medium
ORD-2024-11745,2024-12-25,2024-12-29,Second Class,CUST-0168,Christopher Lopez,Home Office,United States,West,Washington,Technology,Machines,972.62,1,0.0,35.19,42.4,Medium
ORD-2024-11746,2024-12-25,2024-12-30,Standard Class,CUST-0395,Michael Anderson,Corporate,United States,East,New Jersey,Furniture,Tables,3244.82,5,0.0,-73.17,103.1,Low
ORD-2024-11747,2024-12-25,2024-12-28,Second Class,CUST-0140,Richard Lee,Consumer,United States,South,Georgia,Office Supplies,Paper,265.59,4,0.2,65.62,24.62,Critical
ORD-2024-11748,2024-12-25,2024-12-29,Second Class,CUST-0268,William Moore,Home Office,United States,West,Nevada,Office Supplies,Envelopes,55.43,2,0.0,18.11,9.22,Medium
ORD-2024-11749,2024-12-25,2025-01-01,Standard Class,CUST-0045,William Anderson,Consumer,United States,Central,Michigan,Office Supplies,Paper,235.79,2,0.0,103.82,11.5,Medium
ORD-2024-11750,2024-12-25,2024-12-31,Standard Class,CUST-0413,Jennifer Miller,Corporate,United States,East,Massachusetts,Furniture,Chairs,217.49,1,0.0,41.38,8.54,Medium
ORD-2024-11751,2024-12-25,2024-12-31,Standard Class,CUST-0075,Susan Thomas,Corporate,United States,West,Nevada,Technology,Phones,801.36,1,0.0,203.81,24.89,Medium
ORD-2024-11752,2024-12-25,2024-12-26,First Class,CUST-0114,Sarah Jackson,Corporate,United States,Central,Wisconsin,Office Supplies,Art,30.59,3,0.2,-16.78,15.24,Medium
ORD-2024-11753,2024-12-25,2024-12-26,First Class,CUST-0267,Christopher Hernandez,Corporate,United States,West,Oregon,Technology,Machines,3882.78,3,0.0,174.23,215.55,Medium
ORD-2024-11754,2024-12-25,2025-01-01,Standard Class,CUST-0345,Karen Jackson,Corporate,United States,Central,Wisconsin,Technology,Phones,1829.56,2,0.0,415.37,56.13,Medium
ORD-2024-11755,2024-12-25,2024-12-30,Standard Class,CUST-0294,Thomas Miller,Corporate,United States,West,Nevada,Office Supplies,Appliances,1924.36,5,0.0,359.74,66.13,High
ORD-2024-11756,2024-12-26,2024-12-31,Standard Class,CUST-0115,Joseph Garcia,Consumer,United States,South,Virginia,Furniture,Tables,1037.58,3,0.15,-81.38,36.4,Critical
ORD-2024-11757,2024-12-26,2025-01-01,Standard Class,CUST-0002,Karen Martinez,Consumer,United States,West,Colorado,Technology,Phones,921.69,2,0.15,50.09,30.71,Critical
ORD-2024-11758,2024-12-26,2025-01-02,Standard Class,CUST-0343,Jennifer Gonzalez,Corporate,United States,West,Oregon,Furniture,Furnishings,47.66,1,0.0,3.28,3.78,High
ORD-2024-11759,2024-12-26,2024-12-27,First Class,CUST-0442,Jessica Davis,Corporate,United States,West,Arizona,Technology,Machines,5927.23,5,0.2,-1326.61,330.97,High
ORD-2024-11760,2024-12-26,2025-01-02,Standard Class,CUST-0361,Christopher Jackson,Consumer,United States,South,Virginia,Furniture,Tables,1285.33,3,0.0,40.96,43.34,Medium
ORD-2024-11761,2024-12-26,2025-01-02,Standard Class,CUST-0219,Nancy Martin,Consumer,United States,Central,Michigan,Technology,Machines,235.87,1,0.15,-38.62,9.05,Medium
ORD-2024-11762,2024-12-26,2025-01-02,Standard Class,CUST-0400,Elizabeth Brown,Consumer,United States,Central,Indiana,Office Supplies,Supplies,117.4,3,0.15,-3.39,10.64,High
ORD-2024-11763,2024-12-27,2025-01-03,Standard Class,CUST-0193,Jessica Martin,Consumer,United States,East,Pennsylvania,Furniture,Chairs,393.79,2,0.5,-293.5,15.93,Medium
ORD-2024-11764,2024-12-27,2025-01-02,Standard Class,CUST-0251,James Moore,Consumer,United States,East,Pennsylvania,Furniture,Tables,1847.68,5,0.0,75.04,63.98,Medium
ORD-2024-11765,2024-12-27,2025-01-01,Standard Class,CUST-0228,Nancy Williams,Corporate,United States,West,Oregon,Technology,Copiers,14832.02,7,0.0,6142.75,432.45,High
ORD-2024-11766,2024-12-27,2025-01-02,Standard Class,CUST-0210,Richard Anderson,Consumer,United States,East,New Jersey,Technology,Phones,3710.98,3,0.0,1017.96,111.26,Medium
ORD-2024-11767,2024-12-27,2024-12-29,First Class,CUST-0347,Nancy Johnson,Corporate,United States,West,Oregon,Office Supplies,Envelopes,42.79,4,0.0,12.11,20.43,Critical
ORD-2024-11768,2024-12-27,2024-12-30,Second Class,CUST-0252,Charles Rodriguez,Consumer,United States,South,Florida,Office Supplies,Art,27.54,1,0.0,7.69,4.6,Low
ORD-2024-11769,2024-12-27,2025-01-02,Standard Class,CUST-0154,John Johnson,Corporate,United States,Central,Michigan,Technology,Accessories,619.4,3,0.0,204.34,24.69,Medium
ORD-2024-11770,2024-12-28,2024-12-30,First Class,CUST-0122,Charles Martinez,Consumer,United States,East,Massachusetts,Furniture,Bookcases,601.62,4,0.0,45.43,49.48,Medium
ORD-2024-11771,2024-12-28,2025-01-04,Standard Class,CUST-0018,William Rodriguez,Consumer,United States,West,Washington,Office Supplies,Appliances,449.05,3,0.3,-70.57,19.92,Medium
ORD-2024-11772,2024-12-28,2025-01-02,Standard Class,CUST-0281,Joseph Lopez,Consumer,United States,Central,Texas,Furniture,Chairs,1148.43,3,0.0,105.21,39.51,Critical
ORD-2024-11773,2024-12-28,2024-12-29,First Class,CUST-0115,Joseph Garcia,Consumer,United States,West,Nevada,Technology,Machines,4235.02,6,0.5,-3794.21,247.52,Medium
ORD-2024-11774,2024-12-28,2024-12-30,First Class,CUST-0079,James Gonzalez,Consumer,United States,West,Oregon,Furniture,Tables,367.46,1,0.2,-65.11,23.66,Medium
ORD-2024-11775,2024-12-28,2024-12-29,First Class,CUST-0304,Barbara Martinez,Consumer,United States,West,Colorado,Furniture,Bookcases,256.56,1,0.3,-104.48,17.89,Medium
ORD-2024-11776,2024-12-29,2025-01-04,Standard Class,CUST-0309,Barbara Lee,Consumer,United States,East,Massachusetts,Technology,Phones,950.77,4,0.4,-267.59,36.42,Medium
ORD-2024-11777,2024-12-30,2025-01-02,Second Class,CUST-0339,John Smith,Consumer,United States,Central,Indiana,Technology,Accessories,390.51,5,0.2,54.83,33.12,High
ORD-2024-11778,2024-12-30,2025-01-01,First Class,CUST-0242,Karen Jones,Consumer,United States,West,Arizona,Furniture,Chairs,1992.99,6,0.2,-247.53,130.94,Medium
ORD-2024-11779,2024-12-30,2025-01-02,Second Class,CUST-0395,Michael Anderson,Corporate,United States,West,Nevada,Office Supplies,Art,119.81,3,0.0,30.81,15.29,High
ORD-2024-11780,2024-12-31,2025-01-05,Standard Class,CUST-0421,Joseph Thomas,Home Office,United States,East,Pennsylvania,Furniture,Chairs,1260.73,5,0.1,28.85,47.55,High
ORD-2024-11781,2024-12-31,2025-01-06,Standard Class,CUST-0361,Christopher Jackson,Consumer,United States,Central,Texas,Technology,Phones,1432.14,4,0.4,-425.41,49.9,Medium
ORD-2025-11782,2025-01-01,2025-01-04,Second Class,CUST-0301,Elizabeth Rodriguez,Corporate,United States,West,Oregon,Furniture,Furnishings,67.3,1,0.0,11.54,6.19,High
ORD-2025-11783,2025-01-01,2025-01-06,Standard Class,CUST-0148,Daniel Brown,Corporate,United States,West,Washington,Technology,Machines,6177.68,4,0.0,126.13,182.78,Critical
ORD-2025-11784,2025-01-01,2025-01-05,Second Class,CUST-0441,William Taylor,Corporate,United States,South,Virginia,Technology,Accessories,48.28,1,0.2,3.02,5.43,High
ORD-2025-11785,2025-01-02,2025-01-09,Standard Class,CUST-0132,Lisa Perez,Consumer,United States,South,North Carolina,Furniture,Tables,510.12,1,0.1,-12.72,16.73,High
ORD-2025-11786,2025-01-02,2025-01-02,Same Day,CUST-0102,Mary Hernandez,Home Office,United States,South,Virginia,Office Supplies,Envelopes,55.57,2,0.2,3.63,14.76,High
ORD-2025-11787,2025-01-03,2025-01-08,Standard Class,CUST-0208,Sarah Thompson,Home Office,United States,Central,Indiana,Office Supplies,Storage,197.03,2,0.0,42.13,10.42,Medium
ORD-2025-11788,2025-01-05,2025-01-10,Standard Class,CUST-0025,Jessica Jones,Corporate,United States,West,Oregon,Technology,Machines,2642.2,2,0.1,-300.66,78.88,Low
ORD-2025-11789,2025-01-05,2025-01-10,Standard Class,CUST-0439,Jennifer Gonzalez,Consumer,United States,West,Arizona,Office Supplies,Envelopes,16.92,1,0.0,3.75,2.92,Medium
ORD-2025-11790,2025-01-05,2025-01-11,Standard Class,CUST-0286,Mary Johnson,Consumer,United States,East,Pennsylvania,Technology,Accessories,364.06,2,0.3,9.37,15.09,Medium
ORD-2025-11791,2025-01-06,2025-01-09,Second Class,CUST-0267,Christopher Hernandez,Corporate,United States,West,California,Technology,Phones,1227.06,1,0.0,263.99,52.58,Medium
ORD-2025-11792,2025-01-07,2025-01-13,Standard Class,CUST-0305,Robert Moore,Consumer,United States,South,Florida,Office Supplies,Supplies,234.7,3,0.2,-27.57,13.92,Medium
ORD-2025-11793,2025-01-07,2025-01-08,First Class,CUST-0238,Charles White,Corporate,United States,Central,Illinois,Office Supplies,Paper,174.48,4,0.0,60.51,27.27,High
ORD-2025-11794,2025-01-08,2025-01-09,First Class,CUST-0018,William Rodriguez,Consumer,United States,Central,Texas,Technology,Copiers,16345.55,6,0.0,5509.05,877.27,Medium
ORD-2025-11795,2025-01-09,2025-01-14,Standard Class,CUST-0292,James Brown,Corporate,United States,West,Arizona,Technology,Phones,3605.67,5,0.0,812.08,113.21,Low
ORD-2025-11796,2025-01-09,2025-01-14,Standard Class,CUST-0325,Richard Davis,Consumer,United States,South,Virginia,Technology,Copiers,7554.41,2,0.0,2725.25,216.42,Critical
ORD-2025-11797,2025-01-11,2025-01-17,Standard Class,CUST-0202,Jessica Wilson,Corporate,United States,South,North Carolina,Furniture,Bookcases,1293.88,4,0.1,-51.77,46.03,Medium
ORD-2025-11798,2025-01-12,2025-01-18,Standard Class,CUST-0343,Jennifer Gonzalez,Corporate,United States,West,Arizona,Office Supplies,Labels,31.85,2,0.0,10.51,5.79,Medium
ORD-2025-11799,2025-01-13,2025-01-19,Standard Class,CUST-0114,Sarah Jackson,Corporate,United States,South,Florida,Technology,Copiers,1676.64,1,0.0,675.21,49.4,Medium
ORD-2025-11800,2025-01-13,2025-01-18,Standard Class,CUST-0111,Christopher Lopez,Consumer,United States,West,Colorado,Furniture,Chairs,1308.77,4,0.0,126.79,46.45,Critical
ORD-2025-11801,2025-01-13,2025-01-20,Standard Class,CUST-0082,Thomas Thompson,Consumer,United States,West,Washington,Technology,Phones,824.86,3,0.3,-85.61,30.45,Medium
ORD-2025-11802,2025-01-13,2025-01-15,First Class,CUST-0177,Jessica Thomas,Corporate,United States,Central,Texas,Technology,Copiers,8463.23,5,0.0,3548.74,462.84,Medium
ORD-2025-11803,2025-01-15,2025-01-19,Second Class,CUST-0373,Nancy Smith,Corporate,United States,Central,Michigan,Office Supplies,Art,93.1,3,0.0,22.99,14.22,Low
ORD-2025-11804,2025-01-15,2025-01-20,Standard Class,CUST-0367,Barbara Gonzalez,Corporate,United States,West,Colorado,Office Supplies,Appliances,95.84,1,0.15,-0.72,5.13,High
ORD-2025-11805,2025-01-17,2025-01-17,Same Day,CUST-0181,William Brown,Consumer,United States,West,Nevada,Technology,Machines,1514.38,6,0.3,-649.95,130.52,Medium
ORD-2025-11806,2025-01-17,2025-01-20,Second Class,CUST-0286,Mary Johnson,Consumer,United States,South,Tennessee,Technology,Phones,2261.54,3,0.3,-274.23,100.96,Critical
ORD-2025-11807,2025-01-17,2025-01-18,First Class,CUST-0326,Barbara Perez,Consumer,United States,Central,Wisconsin,Technology,Copiers,12783.18,5,0.3,1768.79,687.48,High
ORD-2025-11808,2025-01-17,2025-01-22,Standard Class,CUST-0119,Sarah Moore,Consumer,United States,Central,Wisconsin,Furniture,Furnishings,487.83,5,0.0,102.37,25.91,Medium
ORD-2025-11809,2025-01-18,2025-01-23,Standard Class,CUST-0084,David Taylor,Consumer,United States,West,Nevada,Technology,Accessories,362.92,2,0.2,50.88,15.06,Medium
ORD-2025-11810,2025-01-18,2025-01-21,Second Class,CUST-0435,Sarah Taylor,Consumer,United States,West,Nevada,Furniture,Bookcases,152.88,1,0.2,-33.13,9.62,Medium
ORD-2025-11811,2025-01-19,2025-01-26,Standard Class,CUST-0294,Thomas Miller,Corporate,United States,West,Nevada,Furniture,Tables,461.92,1,0.3,-182.28,15.38,High
ORD-2025-11812,2025-01-19,2025-01-21,First Class,CUST-0441,William Taylor,Corporate,United States,West,Oregon,Technology,Phones,1189.77,1,0.0,288.38,66.42,Medium
ORD-2025-11813,2025-01-20,2025-01-25,Standard Class,CUST-0162,Linda Davis,Corporate,United States,West,Washington,Office Supplies,Storage,168.6,1,0.3,-26.55,7.17,Medium
ORD-2025-11814,2025-01-20,2025-01-20,Same Day,CUST-0317,Daniel Williams,Corporate,United States,West,California,Technology,Machines,1606.18,2,0.0,113.22,114.0,High
ORD-2025-11815,2025-01-21,2025-01-23,First Class,CUST-0114,Sarah Jackson,Corporate,United States,East,New Jersey,Office Supplies,Labels,231.77,7,0.15,72.61,43.9,High
ORD-2025-11816,2025-01-21,2025-01-23,First Class,CUST-0124,Jennifer Wilson,Home Office,United States,East,Pennsylvania,Furniture,Bookcases,752.51,6,0.0,18.25,66.43,Critical
ORD-2025-11817,2025-01-21,2025-01-27,Standard Class,CUST-0246,Daniel Lee,Corporate,United States,South,Virginia,Office Supplies,Paper,511.55,4,0.0,222.38,24.12,Critical
ORD-2025-11818,2025-01-22,2025-01-27,Standard Class,CUST-0154,John Johnson,Corporate,United States,West,California,Technology,Machines,1288.95,1,0.1,-77.85,38.54,Critical
ORD-2025-11819,2025-01-22,2025-01-24,First Class,CUST-0084,David Taylor,Consumer,United States,East,New Jersey,Office Supplies,Envelopes,112.93,2,0.0,43.44,14.97,Medium
ORD-2025-11820,2025-01-23,2025-01-29,Standard Class,CUST-0125,Patricia Anderson,Consumer,United States,West,Washington,Technology,Copiers,11098.56,4,0.2,3055.39,320.56,High
ORD-2025-11821,2025-01-24,2025-01-31,Standard Class,CUST-0018,William Rodriguez,Consumer,United States,East,Massachusetts,Office Supplies,Labels,16.19,1,0.15,7.57,2.9,Medium
ORD-2025-11822,2025-01-24,2025-01-25,First Class,CUST-0317,Daniel Williams,Corporate,United States,West,Colorado,Office Supplies,Art,65.7,5,0.15,6.73,26.17,Medium
ORD-2025-11823,2025-01-27,2025-02-01,Standard Class,CUST-0234,Thomas Miller,Corporate,United States,South,Florida,Technology,Phones,5159.1,7,0.0,964.39,161.6,High
ORD-2025-11824,2025-01-28,2025-01-31,Second Class,CUST-0041,Charles Rodriguez,Home Office,United States,Central,Texas,Technology,Accessories,56.21,2,0.5,-25.1,9.25,High
ORD-2025-11825,2025-01-28,2025-02-03,Standard Class,CUST-0084,David Taylor,Consumer,United States,East,Ohio,Office Supplies,Fasteners,73.97,4,0.15,20.55,11.87,High
ORD-2025-11826,2025-01-28,2025-02-03,Standard Class,CUST-0046,Joseph Williams,Home Office,United States,West,Arizona,Office Supplies,Labels,54.29,1,0.0,24.4,3.97,Medium
ORD-2025-11827,2025-01-28,2025-02-02,Standard Class,CUST-0292,James Brown,Corporate,United States,East,Ohio,Office Supplies,Fasteners,60.07,4,0.2,5.55,11.48,Medium
ORD-2025-11828,2025-01-30,2025-01-31,First Class,CUST-0041,Charles Rodriguez,Home Office,United States,Central,Michigan,Office Supplies,Envelopes,43.19,1,0.0,23.59,6.8,Medium
ORD-2025-11829,2025-01-30,2025-01-31,First Class,CUST-0339,John Smith,Consumer,United States,West,Nevada,Office Supplies,Binders,16.73,1,0.0,17.19,5.42,Critical
ORD-2025-11830,2025-01-30,2025-02-06,Standard Class,CUST-0007,Lisa Martinez,Consumer,United States,East,New Jersey,Furniture,Furnishings,243.06,4,0.1,12.96,16.61,Medium
ORD-2025-11831,2025-01-31,2025-02-07,Standard Class,CUST-0120,Elizabeth Johnson,Consumer,United States,Central,Indiana,Technology,Copiers,11302.19,4,0.1,3931.83,326.26,Medium
ORD-2025-11832,2025-01-31,2025-02-06,Standard Class,CUST-0392,William Brown,Consumer,United States,Central,Michigan,Technology,Accessories,560.32,3,0.0,195.57,23.04,Critical
ORD-2025-11833,2025-02-01,2025-02-02,First Class,CUST-0326,Barbara Perez,Consumer,United States,Central,Wisconsin,Furniture,Tables,1568.86,3,0.0,106.6,95.23,Medium
ORD-2025-11834,2025-02-01,2025-02-01,Same Day,CUST-0029,Nancy Jones,Corporate,United States,South,Virginia,Furniture,Bookcases,363.72,4,0.4,-235.7,45.68,Medium
ORD-2025-11835,2025-02-01,2025-02-07,Standard Class,CUST-0363,Susan White,Home Office,United States,South,North Carolina,Furniture,Tables,2303.6,5,0.0,82.29,76.75,High
ORD-2025-11836,2025-02-01,2025-02-06,Standard Class,CUST-0234,Thomas Miller,Corporate,United States,East,Massachusetts,Technology,Copiers,17489.82,8,0.0,5946.89,509.32,Medium
ORD-2025-11837,2025-02-01,2025-02-03,First Class,CUST-0373,Nancy Smith,Corporate,United States,East,Pennsylvania,Furniture,Tables,808.38,6,0.7,-1834.06,69.34,Medium
ORD-2025-11838,2025-02-01,2025-02-02,First Class,CUST-0291,Christopher Martinez,Consumer,United States,Central,Indiana,Technology,Phones,2273.14,5,0.0,483.32,140.95,High
ORD-2025-11839,2025-02-02,2025-02-07,Standard Class,CUST-0309,Barbara Lee,Consumer,United States,Central,Wisconsin,Furniture,Bookcases,1023.63,4,0.15,-119.37,38.46,Medium
ORD-2025-11840,2025-02-02,2025-02-09,Standard Class,CUST-0448,Elizabeth Martinez,Consumer,United States,South,Florida,Furniture,Tables,843.31,3,0.0,73.55,30.96,High
ORD-2025-11841,2025-02-02,2025-02-08,Standard Class,CUST-0116,David Lee,Corporate,United States,West,Oregon,Technology,Phones,804.34,1,0.1,128.92,24.97,Low
ORD-2025-11842,2025-02-02,2025-02-08,Standard Class,CUST-0296,Joseph Gonzalez,Home Office,United States,East,Pennsylvania,Office Supplies,Paper,71.84,1,0.0,29.11,4.46,Low
ORD-2025-11843,2025-02-02,2025-02-09,Standard Class,CUST-0219,Nancy Martin,Consumer,United States,West,California,Furniture,Chairs,1049.41,5,0.5,-709.39,41.63,Medium
ORD-2025-11844,2025-02-04,2025-02-11,Standard Class,CUST-0021,David Miller,Consumer,United States,West,Oregon,Office Supplies,Art,106.58,5,0.0,32.23,15.23,Medium
ORD-2025-11845,2025-02-05,2025-02-09,Second Class,CUST-0007,Lisa Martinez,Consumer,United States,West,Washington,Technology,Copiers,4587.58,3,0.1,1699.11,194.0,Medium
ORD-2025-11846,2025-02-05,2025-02-11,Standard Class,CUST-0060,Linda Brown,Home Office,United States,Central,Indiana,Technology,Phones,1161.52,2,0.4,-346.2,37.42,Medium
ORD-2025-11847,2025-02-06,2025-02-06,Same Day,CUST-0304,Barbara Martinez,Consumer,United States,West,Washington,Technology,Accessories,79.54,1,0.5,-32.75,10.69,Medium
ORD-2025-11848,2025-02-07,2025-02-08,First Class,CUST-0270,Thomas Wilson,Consumer,United States,Central,Michigan,Technology,Machines,1384.56,2,0.0,92.29,81.1,Medium
ORD-2025-11849,2025-02-08,2025-02-14,Standard Class,CUST-0267,Christopher Hernandez,Corporate,United States,Central,Indiana,Technology,Phones,1633.43,2,0.2,36.97,50.64,Medium
ORD-2025-11850,2025-02-08,2025-02-15,Standard Class,CUST-0018,William Rodriguez,Consumer,United States,West,Colorado,Technology,Copiers,8253.92,3,0.0,3554.33,238.46,High
ORD-2025-11851,2025-02-08,2025-02-12,Second Class,CUST-0225,Nancy Thomas,Consumer,United States,West,Arizona,Office Supplies,Storage,1610.1,7,0.1,258.86,88.9,Medium
ORD-2025-11852,2025-02-08,2025-02-13,Standard Class,CUST-0413,Jennifer Miller,Corporate,United States,Central,Texas,Office Supplies,Fasteners,16.03,1,0.0,4.3,2.9,High
ORD-2025-11853,2025-02-08,2025-02-12,Second Class,CUST-0188,Richard Gonzalez,Corporate,United States,Central,Illinois,Office Supplies,Binders,179.26,3,0.0,63.32,17.67,Medium
ORD-2025-11854,2025-02-08,2025-02-15,Standard Class,CUST-0296,Joseph Gonzalez,Home Office,United States,South,Virginia,Office Supplies,Supplies,166.83,2,0.0,10.0,9.57,Critical
ORD-2025-11855,2025-02-09,2025-02-16,Standard Class,CUST-0348,Joseph Wilson,Corporate,United States,South,Virginia,Furniture,Chairs,1598.8,10,0.1,-50.44,69.27,High
ORD-2025-11856,2025-02-10,2025-02-17,Standard Class,CUST-0349,Charles Hernandez,Consumer,United States,South,Tennessee,Furniture,Tables,1048.49,6,0.1,-27.14,44.06,Medium
ORD-2025-11857,2025-02-10,2025-02-12,First Class,CUST-0246,Daniel Lee,Corporate,United States,East,Pennsylvania,Technology,Accessories,272.45,2,0.0,90.71,23.27,Medium
ORD-2025-11858,2025-02-10,2025-02-15,Standard Class,CUST-0375,John Thompson,Corporate,United States,South,Florida,Technology,Machines,11074.46,10,0.1,-703.14,334.58,High
ORD-2025-11859,2025-02-11,2025-02-13,First Class,CUST-0184,Jennifer Martinez,Home Office,United States,Central,Wisconsin,Office Supplies,Supplies,115.44,3,0.5,-102.93,19.65,Medium
ORD-2025-11860,2025-02-12,2025-02-13,First Class,CUST-0392,William Brown,Consumer,United States,South,Georgia,Office Supplies,Labels,19.33,1,0.15,5.4,5.56,Medium
ORD-2025-11861,2025-02-12,2025-02-19,Standard Class,CUST-0119,Sarah Moore,Consumer,United States,West,California,Office Supplies,Binders,31.6,3,0.1,6.69,8.23,Medium
ORD-2025-11862,2025-02-13,2025-02-13,Same Day,CUST-0133,Charles Martinez,Consumer,United States,South,Florida,Office Supplies,Supplies,32.72,1,0.3,-13.09,7.69,Medium
ORD-2025-11863,2025-02-13,2025-02-17,Second Class,CUST-0023,Charles Thomas,Home Office,United States,East,Massachusetts,Technology,Copiers,9753.62,3,0.1,3040.11,400.64,High
ORD-2025-11864,2025-02-14,2025-02-20,Standard Class,CUST-0356,Christopher White,Consumer,United States,Central,Illinois,Furniture,Chairs,3031.85,7,0.0,628.26,102.04,Medium
ORD-2025-11865,2025-02-14,2025-02-18,Second Class,CUST-0202,Jessica Wilson,Corporate,United States,West,Washington,Furniture,Tables,2670.08,5,0.1,-140.0,124.3,Critical
ORD-2025-11866,2025-02-14,2025-02-20,Standard Class,CUST-0115,Joseph Garcia,Consumer,United States,East,Ohio,Office Supplies,Appliances,239.37,2,0.0,42.22,11.6,Medium
ORD-2025-11867,2025-02-14,2025-02-20,Standard Class,CUST-0115,Joseph Garcia,Consumer,United States,West,Arizona,Office Supplies,Paper,216.72,2,0.2,59.71,10.97,Critical
ORD-2025-11868,2025-02-15,2025-02-16,First Class,CUST-0399,Lisa Rodriguez,Corporate,United States,West,Oregon,Furniture,Furnishings,32.16,1,0.5,-22.84,6.22,Medium
ORD-2025-11869,2025-02-15,2025-02-22,Standard Class,CUST-0369,John Anderson,Corporate,United States,West,Washington,Technology,Copiers,4405.93,2,0.0,1551.35,128.27,High
ORD-2025-11870,2025-02-16,2025-02-19,Second Class,CUST-0267,Christopher Hernandez,Corporate,United States,Central,Illinois,Technology,Copiers,3097.74,1,0.0,1050.31,127.41,Medium
ORD-2025-11871,2025-02-16,2025-02-22,Standard Class,CUST-0293,James Taylor,Corporate,United States,West,Oregon,Furniture,Bookcases,753.02,3,0.0,-7.9,28.43,High
ORD-2025-11872,2025-02-17,2025-02-17,Same Day,CUST-0228,Nancy Williams,Corporate,United States,West,Colorado,Office Supplies,Appliances,592.94,4,0.0,108.23,60.35,Medium
ORD-2025-11873,2025-02-17,2025-02-18,First Class,CUST-0184,Jennifer Martinez,Home Office,United States,West,Nevada,Technology,Copiers,10901.19,4,0.2,2500.8,585.06,Critical
ORD-2025-11874,2025-02-17,2025-02-23,Standard Class,CUST-0410,Jessica Miller,Consumer,United States,East,Pennsylvania,Technology,Phones,568.88,1,0.1,100.91,18.38,Medium
ORD-2025-11875,2025-02-17,2025-02-22,Standard Class,CUST-0068,Elizabeth Miller,Home Office,United States,West,Oregon,Technology,Accessories,129.16,2,0.0,41.81,8.52,Medium
ORD-2025-11876,2025-02-18,2025-02-20,First Class,CUST-0202,Jessica Wilson,Corporate,United States,West,Arizona,Office Supplies,Paper,187.59,2,0.2,34.99,18.85,Medium
ORD-2025-11877,2025-02-18,2025-02-25,Standard Class,CUST-0168,Christopher Lopez,Home Office,United States,East,Massachusetts,Furniture,Furnishings,49.36,1,0.0,3.84,3.83,High
ORD-2025-11878,2025-02-19,2025-02-24,Standard Class,CUST-0238,Charles White,Corporate,United States,Central,Indiana,Furniture,Furnishings,63.14,2,0.5,-38.78,6.67,Medium
ORD-2025-11879,2025-02-19,2025-02-26,Standard Class,CUST-0219,Nancy Martin,Consumer,United States,West,Washington,Furniture,Chairs,716.53,2,0.0,97.06,24.96,High
ORD-2025-11880,2025-02-19,2025-02-26,Standard Class,CUST-0246,Daniel Lee,Corporate,United States,West,Oregon,Technology,Accessories,330.06,3,0.1,80.37,16.59,Medium
ORD-2025-11881,2025-02-19,2025-02-25,Standard Class,CUST-0075,Susan Thomas,Corporate,United States,West,Colorado,Technology,Accessories,372.08,6,0.0,143.59,25.12,Medium
ORD-2025-11882,2025-02-19,2025-02-26,Standard Class,CUST-0246,Daniel Lee,Corporate,United States,South,Florida,Office Supplies,Storage,175.87,2,0.0,28.77,9.82,High
ORD-2025-11883,2025-02-20,2025-02-24,Second Class,CUST-0119,Sarah Moore,Consumer,United States,East,Pennsylvania,Office Supplies,Labels,55.21,4,0.2,14.31,16.21,Medium
ORD-2025-11884,2025-02-22,2025-03-01,Standard Class,CUST-0089,Joseph Rodriguez,Corporate,United States,East,Massachusetts,Furniture,Tables,461.04,1,0.1,-20.4,15.36,Medium
ORD-2025-11885,2025-02-22,2025-02-28,Standard Class,CUST-0029,Nancy Jones,Corporate,United States,West,Colorado,Furniture,Tables,2265.13,6,0.3,-811.99,78.12,Medium
ORD-2025-11886,2025-02-23,2025-03-02,Standard Class,CUST-0345,Karen Jackson,Corporate,United States,East,Massachusetts,Office Supplies,Fasteners,16.29,1,0.1,4.32,2.91,Medium
ORD-2025-11887,2025-02-23,2025-03-01,Standard Class,CUST-0204,Thomas Hernandez,Home Office,United States,West,Colorado,Office Supplies,Binders,50.92,1,0.4,-6.99,3.88,Medium
ORD-2025-11888,2025-02-23,2025-03-02,Standard Class,CUST-0298,Lisa Gonzalez,Corporate,United States,West,Washington,Technology,Copiers,558.33,1,0.5,-107.49,18.08,Medium
ORD-2025-11889,2025-02-24,2025-02-28,Second Class,CUST-0328,James Thomas,Consumer,United States,East,Ohio,Furniture,Furnishings,233.22,2,0.1,26.37,16.33,Medium
ORD-2025-11890,2025-02-25,2025-03-01,Second Class,CUST-0309,Barbara Lee,Consumer,United States,East,New York,Office Supplies,Fasteners,90.92,3,0.1,20.74,14.14,Medium
ORD-2025-11891,2025-02-25,2025-03-02,Standard Class,CUST-0227,Joseph Smith,Consumer,United States,West,Colorado,Furniture,Tables,2598.2,9,0.2,-647.11,94.8,Medium
ORD-2025-11892,2025-02-27,2025-03-04,Standard Class,CUST-0181,William Brown,Consumer,United States,Central,Texas,Office Supplies,Appliances,1552.43,5,0.0,358.08,55.72,Medium
ORD-2025-11893,2025-02-27,2025-03-02,Second Class,CUST-0179,Karen Brown,Corporate,United States,South,Florida,Office Supplies,Fasteners,17.48,2,0.3,-11.86,7.7,Medium
ORD-2025-11894,2025-03-01,2025-03-06,Standard Class,CUST-0302,William Martin,Consumer,United States,East,New York,Technology,Copiers,8332.87,3,0.1,2721.25,240.67,Medium
ORD-2025-11895,2025-03-02,2025-03-08,Standard Class,CUST-0234,Thomas Miller,Corporate,United States,Central,Texas,Office Supplies,Labels,75.18,3,0.15,21.89,9.46,High
ORD-2025-11896,2025-03-03,2025-03-09,Standard Class,CUST-0373,Nancy Smith,Corporate,United States,South,North Carolina,Technology,Copiers,14716.37,5,0.0,6135.96,424.31,Medium
ORD-2025-11897,2025-03-03,2025-03-10,Standard Class,CUST-0382,Elizabeth Garcia,Consumer,United States,South,Tennessee,Office Supplies,Paper,390.82,4,0.2,108.01,20.74,High
ORD-2025-11898,2025-03-03,2025-03-09,Standard Class,CUST-0084,David Taylor,Consumer,United States,East,New York,Furniture,Furnishings,172.17,3,0.0,28.72,12.17,Medium
ORD-2025-11899,2025-03-04,2025-03-09,Standard Class,CUST-0075,Susan Thomas,Corporate,United States,Central,Illinois,Furniture,Chairs,827.48,4,0.2,-28.16,32.97,Medium
ORD-2025-11900,2025-03-04,2025-03-07,Second Class,CUST-0299,Lisa Hernandez,Consumer,United States,West,Colorado,Office Supplies,Supplies,274.3,4,0.1,-5.12,24.97,Medium
ORD-2025-11901,2025-03-04,2025-03-10,Standard Class,CUST-0148,Daniel Brown,Corporate,United States,East,Massachusetts,Office Supplies,Labels,28.67,1,0.0,5.32,3.25,Medium
ORD-2025-11902,2025-03-05,2025-03-10,Standard Class,CUST-0007,Lisa Martinez,Consumer,United States,West,Colorado,Office Supplies,Paper,25.33,1,0.4,0.99,3.16,Medium
ORD-2025-11903,2025-03-05,2025-03-11,Standard Class,CUST-0392,William Brown,Consumer,United States,West,Washington,Technology,Copiers,4367.49,4,0.2,988.54,132.09,Critical
ORD-2025-11904,2025-03-06,2025-03-09,Second Class,CUST-0114,Sarah Jackson,Corporate,United States,East,Ohio,Technology,Copiers,4865.53,6,0.5,-850.33,215.62,Medium
ORD-2025-11905,2025-03-06,2025-03-11,Standard Class,CUST-0414,Joseph Smith,Consumer,United States,West,Colorado,Furniture,Furnishings,214.24,2,0.0,47.94,10.9,Medium
ORD-2025-11906,2025-03-07,2025-03-12,Standard Class,CUST-0325,Richard Davis,Consumer,United States,Central,Illinois,Office Supplies,Envelopes,441.83,9,0.15,100.0,34.42,Medium
ORD-2025-11907,2025-03-07,2025-03-09,First Class,CUST-0345,Karen Jackson,Corporate,United States,East,New York,Furniture,Tables,461.59,1,0.1,-43.42,28.55,Low
ORD-2025-11908,2025-03-07,2025-03-14,Standard Class,CUST-0101,Barbara Martinez,Consumer,United States,East,Pennsylvania,Technology,Copiers,1801.62,2,0.15,502.77,55.35,Medium
ORD-2025-11909,2025-03-07,2025-03-13,Standard Class,CUST-0117,David Martin,Consumer,United States,West,Oregon,Furniture,Chairs,400.22,2,0.0,65.2,16.11,Medium
ORD-2025-11910,2025-03-08,2025-03-09,First Class,CUST-0247,Jessica Rodriguez,Corporate,United States,West,Colorado,Furniture,Furnishings,294.52,7,0.0,53.48,47.16,Medium
ORD-2025-11911,2025-03-08,2025-03-15,Standard Class,CUST-0084,David Taylor,Consumer,United States,East,New Jersey,Office Supplies,Paper,38.58,2,0.3,9.11,5.98,High
ORD-2025-11912,2025-03-08,2025-03-15,Standard Class,CUST-0148,Daniel Brown,Corporate,United States,South,North Carolina,Office Supplies,Storage,669.77,3,0.0,158.84,26.1,High
ORD-2025-11913,2025-03-08,2025-03-13,Standard Class,CUST-0154,John Johnson,Corporate,United States,West,California,Office Supplies,Fasteners,7.21,1,0.5,-10.77,2.65,Medium
ORD-2025-11914,2025-03-10,2025-03-15,Standard Class,CUST-0082,Thomas Thompson,Consumer,United States,West,Colorado,Office Supplies,Supplies,48.36,3,0.0,2.0,8.7,Critical
ORD-2025-11915,2025-03-11,2025-03-18,Standard Class,CUST-0102,Mary Hernandez,Home Office,United States,South,Florida,Technology,Phones,1422.27,6,0.7,-2253.96,54.52,High
ORD-2025-11916,2025-03-11,2025-03-16,Standard Class,CUST-0352,Robert Martin,Corporate,United States,West,Arizona,Furniture,Chairs,549.22,2,0.15,11.66,20.28,Low
ORD-2025-11917,2025-03-11,2025-03-18,Standard Class,CUST-0084,David Taylor,Consumer,United States,South,North Carolina,Office Supplies,Envelopes,181.7,5,0.2,38.48,17.34,High
ORD-2025-11918,2025-03-12,2025-03-18,Standard Class,CUST-0017,Richard Brown,Home Office,United States,East,New Jersey,Office Supplies,Storage,746.77,7,0.0,144.27,38.06,Medium
ORD-2025-11919,2025-03-12,2025-03-15,Second Class,CUST-0299,Lisa Hernandez,Consumer,United States,East,Ohio,Technology,Machines,1004.08,1,0.3,-378.53,43.66,Medium
ORD-2025-11920,2025-03-14,2025-03-15,First Class,CUST-0437,James Smith,Consumer,United States,West,Nevada,Technology,Accessories,527.21,4,0.1,104.91,45.62,High
ORD-2025-11921,2025-03-15,2025-03-17,First Class,CUST-0156,John Moore,Consumer,United States,West,Arizona,Technology,Copiers,2570.83,2,0.15,880.01,142.78,Medium
ORD-2025-11922,2025-03-15,2025-03-21,Standard Class,CUST-0059,Christopher Anderson,Corporate,United States,West,Oregon,Furniture,Tables,558.93,1,0.0,-1.38,18.1,High
ORD-2025-11923,2025-03-15,2025-03-20,Standard Class,CUST-0272,Linda Jones,Consumer,United States,South,Florida,Technology,Phones,2732.86,3,0.15,418.16,83.87,Critical
ORD-2025-11924,2025-03-15,2025-03-16,First Class,CUST-0406,John Perez,Consumer,United States,Central,Indiana,Office Supplies,Labels,73.85,4,0.3,11.4,22.04,Medium
ORD-2025-11925,2025-03-15,2025-03-20,Standard Class,CUST-0349,Charles Hernandez,Consumer,United States,Central,Michigan,Office Supplies,Labels,25.28,2,0.0,9.87,5.61,High
ORD-2025-11926,2025-03-15,2025-03-20,Standard Class,CUST-0295,Daniel Martin,Corporate,United States,Central,Indiana,Furniture,Bookcases,146.06,1,0.15,-19.94,6.54,Medium
ORD-2025-11927,2025-03-16,2025-03-22,Standard Class,CUST-0152,Barbara Gonzalez,Home Office,United States,West,Oregon,Furniture,Furnishings,596.23,7,0.0,109.16,33.84,Medium
ORD-2025-11928,2025-03-16,2025-03-22,Standard Class,CUST-0258,Lisa Brown,Consumer,United States,Central,Wisconsin,Office Supplies,Labels,52.61,4,0.4,2.11,11.27,High
ORD-2025-11929,2025-03-16,2025-03-21,Standard Class,CUST-0039,Lisa Johnson,Corporate,United States,East,Massachusetts,Furniture,Bookcases,104.57,2,0.5,-101.3,7.83,Medium
ORD-2025-11930,2025-03-17,2025-03-23,Standard Class,CUST-0309,Barbara Lee,Consumer,United States,Central,Wisconsin,Technology,Machines,4634.12,3,0.0,226.23,137.11,Critical
ORD-2025-11931,2025-03-19,2025-03-26,Standard Class,CUST-0328,James Thomas,Consumer,United States,West,California,Technology,Copiers,3087.75,1,0.0,1160.23,88.91,Medium
ORD-2025-11932,2025-03-19,2025-03-22,Second Class,CUST-0434,Jessica Martinez,Home Office,United States,Central,Wisconsin,Furniture,Furnishings,50.27,2,0.15,1.77,9.01,Critical
ORD-2025-11933,2025-03-22,2025-03-28,Standard Class,CUST-0124,Jennifer Wilson,Home Office,United States,South,Georgia,Technology,Accessories,593.1,3,0.0,215.89,23.96,Medium
ORD-2025-11934,2025-03-24,2025-03-30,Standard Class,CUST-0007,Lisa Martinez,Consumer,United States,East,New York,Furniture,Bookcases,828.67,3,0.1,-58.28,30.55,Medium
ORD-2025-11935,2025-03-24,2025-03-29,Standard Class,CUST-0260,Elizabeth Brown,Consumer,United States,West,Colorado,Office Supplies,Supplies,14.0,1,0.0,2.17,2.84,Medium
ORD-2025-11936,2025-03-24,2025-03-30,Standard Class,CUST-0318,Sarah Hernandez,Consumer,United States,East,Massachusetts,Office Supplies,Storage,1011.16,5,0.1,108.8,40.56,Medium
ORD-2025-11937,2025-03-25,2025-04-01,Standard Class,CUST-0353,Mary Garcia,Home Office,United States,East,Massachusetts,Furniture,Tables,815.99,2,0.0,41.37,27.75,High
ORD-2025-11938,2025-03-25,2025-04-01,Standard Class,CUST-0094,David Martin,Corporate,United States,Central,Texas,Technology,Accessories,391.42,3,0.0,132.18,18.31,Medium
ORD-2025-11939,2025-03-25,2025-03-26,First Class,CUST-0125,Patricia Anderson,Consumer,United States,South,North Carolina,Office Supplies,Envelopes,68.53,2,0.0,26.42,12.66,Low
ORD-2025-11940,2025-03-26,2025-04-01,Standard Class,CUST-0246,Daniel Lee,Corporate,United States,East,New York,Office Supplies,Labels,76.43,2,0.1,28.66,7.04,Medium
ORD-2025-11941,2025-03-26,2025-03-31,Standard Class,CUST-0155,David Rodriguez,Consumer,United States,East,New York,Furniture,Chairs,275.09,1,0.1,18.59,10.15,Medium
ORD-2025-11942,2025-03-26,2025-03-31,Standard Class,CUST-0375,John Thompson,Corporate,United States,Central,Wisconsin,Furniture,Bookcases,625.85,3,0.0,48.13,24.87,Medium
ORD-2025-11943,2025-03-26,2025-04-02,Standard Class,CUST-0228,Nancy Williams,Corporate,United States,West,Nevada,Office Supplies,Art,91.95,2,0.15,19.25,7.47,High
ORD-2025-11944,2025-03-26,2025-03-31,Standard Class,CUST-0356,Christopher White,Consumer,United States,West,Oregon,Technology,Accessories,173.7,1,0.3,5.18,7.31,Critical
ORD-2025-11945,2025-03-26,2025-04-02,Standard Class,CUST-0279,Susan Smith,Consumer,United States,South,Georgia,Technology,Phones,1072.51,1,0.0,240.21,32.48,Medium
ORD-2025-11946,2025-03-27,2025-04-03,Standard Class,CUST-0347,Nancy Johnson,Corporate,United States,Central,Illinois,Technology,Machines,761.71,3,0.2,-172.59,28.68,Medium
ORD-2025-11947,2025-03-27,2025-04-03,Standard Class,CUST-0157,Karen Anderson,Consumer,United States,West,California,Furniture,Furnishings,52.23,1,0.15,-3.34,3.91,High
ORD-2025-11948,2025-03-27,2025-03-30,Second Class,CUST-0368,Patricia Martinez,Consumer,United States,West,California,Technology,Phones,3766.66,3,0.0,1036.59,161.17,Medium
ORD-2025-11949,2025-03-29,2025-04-05,Standard Class,CUST-0133,Charles Martinez,Consumer,United States,Central,Indiana,Technology,Machines,1980.36,2,0.0,-22.32,60.35,Medium
ORD-2025-11950,2025-03-29,2025-04-04,Standard Class,CUST-0260,Elizabeth Brown,Consumer,United States,Central,Indiana,Technology,Phones,3245.48,4,0.1,516.65,100.67,High
ORD-2025-11951,2025-03-30,2025-04-05,Standard Class,CUST-0106,Elizabeth Thomas,Corporate,United States,South,North Carolina,Furniture,Tables,4023.43,8,0.15,-573.85,132.26,Medium
ORD-2025-11952,2025-03-30,2025-04-04,Standard Class,CUST-0228,Nancy Williams,Corporate,United States,West,Colorado,Furniture,Furnishings,190.59,3,0.0,37.07,12.69,Medium
ORD-2025-11953,2025-03-30,2025-04-04,Standard Class,CUST-0154,John Johnson,Corporate,United States,South,Georgia,Technology,Accessories,313.46,5,0.5,-107.01,21.03,High
ORD-2025-11954,2025-03-31,2025-04-06,Standard Class,CUST-0128,Charles Taylor,Consumer,United States,East,New Jersey,Office Supplies,Appliances,1259.39,4,0.15,86.87,45.06,Medium
ORD-2025-11955,2025-03-31,2025-04-07,Standard Class,CUST-0435,Sarah Taylor,Consumer,United States,Central,Wisconsin,Furniture,Furnishings,479.76,7,0.0,89.99,30.58,Medium
ORD-2025-11956,2025-03-31,2025-04-07,Standard Class,CUST-0082,Thomas Thompson,Consumer,United States,East,New Jersey,Technology,Phones,343.53,1,0.0,90.75,12.07,Medium
ORD-2025-11957,2025-03-31,2025-04-01,First Class,CUST-0351,Karen Rodriguez,Consumer,United States,West,California,Technology,Machines,2593.7,5,0.0,165.26,157.62,Medium
ORD-2025-11958,2025-04-01,2025-04-07,Standard Class,CUST-0442,Jessica Davis,Corporate,United States,South,Georgia,Office Supplies,Binders,75.17,7,0.1,10.15,19.25,High
ORD-2025-11959,2025-04-01,2025-04-08,Standard Class,CUST-0007,Lisa Martinez,Consumer,United States,West,Oregon,Technology,Machines,1926.4,2,0.1,-254.13,58.84,High
ORD-2025-11960,2025-04-01,2025-04-04,Second Class,CUST-0315,Elizabeth Thomas,Home Office,United States,West,Nevada,Technology,Accessories,405.76,2,0.2,62.87,23.23,Medium
ORD-2025-11961,2025-04-02,2025-04-08,Standard Class,CUST-0120,Elizabeth Johnson,Consumer,United States,Central,Illinois,Furniture,Furnishings,346.27,8,0.15,4.7,29.3,High
ORD-2025-11962,2025-04-02,2025-04-08,Standard Class,CUST-0021,David Miller,Consumer,United States,Central,Wisconsin,Furniture,Chairs,1414.73,3,0.0,214.69,46.96,Medium
ORD-2025-11963,2025-04-03,2025-04-07,Second Class,CUST-0188,Richard Gonzalez,Corporate,United States,South,Tennessee,Office Supplies,Envelopes,101.74,2,0.1,29.98,11.07,High
ORD-2025-11964,2025-04-04,2025-04-08,Second Class,CUST-0420,Patricia White,Consumer,United States,East,Massachusetts,Office Supplies,Paper,153.06,5,0.0,67.19,23.62,High
ORD-2025-11965,2025-04-04,2025-04-09,Standard Class,CUST-0007,Lisa Martinez,Consumer,United States,East,Massachusetts,Office Supplies,Supplies,100.94,2,0.0,12.46,7.73,Medium
ORD-2025-11966,2025-04-05,2025-04-11,Standard Class,CUST-0286,Mary Johnson,Consumer,United States,South,Virginia,Technology,Phones,907.42,1,0.2,8.45,27.86,Medium
ORD-2025-11967,2025-04-05,2025-04-10,Standard Class,CUST-0242,Karen Jones,Consumer,United States,West,Oregon,Technology,Phones,2634.42,3,0.0,596.76,81.11,Critical
ORD-2025-11968,2025-04-06,2025-04-12,Standard Class,CUST-0382,Elizabeth Garcia,Consumer,United States,South,Florida,Office Supplies,Binders,171.51,3,0.2,31.62,12.15,High
ORD-2025-11969,2025-04-06,2025-04-13,Standard Class,CUST-0032,Mary Anderson,Consumer,United States,West,California,Furniture,Furnishings,79.91,5,0.5,-50.21,14.49,Critical
ORD-2025-11970,2025-04-07,2025-04-12,Standard Class,CUST-0309,Barbara Lee,Consumer,United States,South,Florida,Office Supplies,Fasteners,63.82,2,0.1,16.32,6.69,Medium
ORD-2025-11971,2025-04-07,2025-04-10,Second Class,CUST-0309,Barbara Lee,Consumer,United States,West,Colorado,Technology,Copiers,13561.01,5,0.0,5089.59,559.94,Medium
ORD-2025-11972,2025-04-07,2025-04-11,Second Class,CUST-0309,Barbara Lee,Consumer,United States,East,New Jersey,Technology,Machines,1936.73,2,0.0,69.2,84.47,Medium
ORD-2025-11973,2025-04-07,2025-04-14,Standard Class,CUST-0423,William Hernandez,Consumer,United States,South,Virginia,Technology,Copiers,2773.19,3,0.0,1172.68,85.0,Medium
ORD-2025-11974,2025-04-08,2025-04-14,Standard Class,CUST-0363,Susan White,Home Office,United States,East,Massachusetts,Furniture,Tables,420.65,1,0.1,-13.58,14.23,High
ORD-2025-11975,2025-04-10,2025-04-14,Second Class,CUST-0022,William Garcia,Corporate,United States,Central,Indiana,Technology,Accessories,80.13,2,0.2,8.94,10.21,Critical
ORD-2025-11976,2025-04-10,2025-04-11,First Class,CUST-0227,Joseph Smith,Consumer,United States,Central,Illinois,Furniture,Tables,2807.41,6,0.1,-194.89,173.29,Medium
ORD-2025-11977,2025-04-10,2025-04-15,Standard Class,CUST-0188,Richard Gonzalez,Corporate,United States,Central,Texas,Furniture,Tables,217.92,1,0.2,-33.89,8.55,Medium
ORD-2025-11978,2025-04-11,2025-04-13,First Class,CUST-0151,Susan Garcia,Home Office,United States,South,Florida,Technology,Phones,4218.63,5,0.2,75.59,242.12,Medium
ORD-2025-11979,2025-04-12,2025-04-16,Second Class,CUST-0211,Michael Anderson,Consumer,United States,East,Pennsylvania,Technology,Machines,838.32,2,0.3,-319.05,40.53,Medium
ORD-2025-11980,2025-04-12,2025-04-14,First Class,CUST-0181,William Brown,Consumer,United States,West,Oregon,Furniture,Furnishings,50.47,1,0.0,1.3,7.17,Medium
ORD-2025-11981,2025-04-13,2025-04-14,First Class,CUST-0204,Thomas Hernandez,Home Office,United States,West,Arizona,Technology,Phones,433.07,1,0.3,-50.77,27.07,Critical
ORD-2025-11982,2025-04-14,2025-04-15,First Class,CUST-0441,William Taylor,Corporate,United States,West,Nevada,Technology,Accessories,722.21,4,0.15,126.22,55.76,Critical
ORD-2025-11983,2025-04-15,2025-04-20,Standard Class,CUST-0036,Patricia Jones,Corporate,United States,West,Nevada,Technology,Accessories,279.67,2,0.0,99.27,12.73,Medium
ORD-2025-11984,2025-04-15,2025-04-22,Standard Class,CUST-0413,Jennifer Miller,Corporate,United States,East,New York,Furniture,Furnishings,159.25,4,0.5,-95.15,14.26,High
ORD-2025-11985,2025-04-16,2025-04-22,Standard Class,CUST-0229,Jennifer Perez,Consumer,United States,West,California,Office Supplies,Art,124.03,4,0.4,-33.52,13.27,Medium
ORD-2025-11986,2025-04-16,2025-04-22,Standard Class,CUST-0295,Daniel Martin,Corporate,United States,West,Washington,Technology,Machines,2753.36,2,0.1,-266.26,81.99,Medium
ORD-2025-11987,2025-04-16,2025-04-16,Same Day,CUST-0368,Patricia Martinez,Consumer,United States,West,Nevada,Office Supplies,Art,45.75,3,0.2,-5.62,19.73,Medium
ORD-2025-11988,2025-04-16,2025-04-19,Second Class,CUST-0175,Linda Garcia,Corporate,United States,South,North Carolina,Office Supplies,Art,112.54,2,0.0,31.96,11.5,Medium
ORD-2025-11989,2025-04-16,2025-04-21,Standard Class,CUST-0204,Thomas Hernandez,Home Office,United States,East,New York,Office Supplies,Fasteners,218.5,8,0.0,66.07,25.72,Low
ORD-2025-11990,2025-04-16,2025-04-17,First Class,CUST-0193,Jessica Martin,Consumer,United States,East,New Jersey,Technology,Accessories,533.76,2,0.0,162.7,36.86,High
ORD-2025-11991,2025-04-17,2025-04-24,Standard Class,CUST-0178,Christopher Martin,Home Office,United States,South,Tennessee,Furniture,Tables,371.93,1,0.1,-14.52,12.86,Medium
ORD-2025-11992,2025-04-17,2025-04-23,Standard Class,CUST-0413,Jennifer Miller,Corporate,United States,West,Colorado,Office Supplies,Supplies,56.36,2,0.1,-4.06,6.48,High
ORD-2025-11993,2025-04-17,2025-04-18,First Class,CUST-0368,Patricia Martinez,Consumer,United States,South,Georgia,Office Supplies,Binders,170.25,4,0.0,67.94,27.05,Medium
ORD-2025-11994,2025-04-17,2025-04-21,Second Class,CUST-0048,Nancy Rodriguez,Consumer,United States,Central,Illinois,Office Supplies,Envelopes,197.85,4,0.15,55.4,21.91,High
ORD-2025-11995,2025-04-19,2025-04-23,Second Class,CUST-0048,Nancy Rodriguez,Consumer,United States,West,California,Furniture,Bookcases,1336.01,7,0.0,45.94,77.94,High
ORD-2025-11996,2025-04-20,2025-04-22,First Class,CUST-0204,Thomas Hernandez,Home Office,United States,Central,Michigan,Furniture,Chairs,2412.92,6,0.0,411.53,152.77,Medium
ORD-2025-11997,2025-04-21,2025-04-28,Standard Class,CUST-0044,Elizabeth Lee,Consumer,United States,Central,Illinois,Office Supplies,Appliances,435.26,2,0.0,85.68,17.09,Medium
ORD-2025-11998,2025-04-21,2025-04-28,Standard Class,CUST-0294,Thomas Miller,Corporate,United States,East,New Jersey,Office Supplies,Envelopes,50.09,2,0.0,20.76,6.3,Low
ORD-2025-11999,2025-04-21,2025-04-24,Second Class,CUST-0077,Michael Martinez,Consumer,United States,South,Virginia,Furniture,Chairs,1316.73,4,0.0,185.93,66.67,Medium
ORD-2025-12000,2025-04-22,2025-04-29,Standard Class,CUST-0247,Jessica Rodriguez,Corporate,United States,West,Nevada,Technology,Machines,3258.17,7,0.0,41.06,108.38,Medium
ORD-2025-12001,2025-04-23,2025-04-30,Standard Class,CUST-0006,Charles Smith,Corporate,United States,West,Arizona,Technology,Copiers,3301.88,2,0.0,1254.54,97.35,High
ORD-2025-12002,2025-04-23,2025-04-26,Second Class,CUST-0153,Thomas Thomas,Consumer,United States,West,Arizona,Furniture,Tables,382.58,2,0.0,24.8,22.3,High
ORD-2025-12003,2025-04-24,2025-04-24,Same Day,CUST-0309,Barbara Lee,Consumer,United States,West,California,Office Supplies,Fasteners,92.49,6,0.0,15.93,39.52,High
ORD-2025-12004,2025-04-25,2025-05-02,Standard Class,CUST-0229,Jennifer Perez,Consumer,United States,West,Arizona,Office Supplies,Fasteners,42.04,2,0.3,-8.4,6.08,High
ORD-2025-12005,2025-04-25,2025-05-02,Standard Class,CUST-0439,Jennifer Gonzalez,Consumer,United States,South,Tennessee,Office Supplies,Appliances,804.11,3,0.0,146.45,29.87,High
ORD-2025-12006,2025-04-26,2025-05-01,Standard Class,CUST-0382,Elizabeth Garcia,Consumer,United States,West,Oregon,Technology,Phones,5837.06,7,0.15,747.59,180.59,Medium
ORD-2025-12007,2025-04-28,2025-05-03,Standard Class,CUST-0175,Linda Garcia,Corporate,United States,East,Ohio,Office Supplies,Fasteners,52.85,5,0.0,22.04,13.73,Critical
ORD-2025-12008,2025-04-28,2025-05-03,Standard Class,CUST-0022,William Garcia,Corporate,United States,East,Pennsylvania,Technology,Copiers,2388.69,1,0.0,917.48,69.33,Medium
ORD-2025-12009,2025-04-29,2025-05-06,Standard Class,CUST-0373,Nancy Smith,Corporate,United States,South,Georgia,Office Supplies,Art,138.95,2,0.0,47.88,8.79,Medium
ORD-2025-12010,2025-04-29,2025-05-06,Standard Class,CUST-0407,Daniel Wilson,Consumer,United States,South,Georgia,Office Supplies,Appliances,396.06,2,0.4,-133.93,15.99,Medium
ORD-2025-12011,2025-04-30,2025-05-07,Standard Class,CUST-0363,Susan White,Home Office,United States,Central,Illinois,Technology,Phones,6105.57,7,0.0,1573.7,188.11,Medium
ORD-2025-12012,2025-04-30,2025-05-01,First Class,CUST-0070,Michael Lee,Home Office,United States,South,Virginia,Technology,Copiers,31205.63,10,0.15,7061.59,1668.19,Medium
ORD-2025-12013,2025-04-30,2025-05-06,Standard Class,CUST-0449,John Taylor,Consumer,United States,Central,Michigan,Technology,Accessories,476.48,5,0.1,124.05,25.59,Medium
ORD-2025-12014,2025-05-01,2025-05-03,First Class,CUST-0122,Charles Martinez,Consumer,United States,South,Florida,Technology,Machines,3254.12,3,0.0,68.62,182.86,Medium
ORD-2025-12015,2025-05-02,2025-05-05,Second Class,CUST-0327,Lisa Jackson,Corporate,United States,Central,Indiana,Office Supplies,Supplies,14.86,1,0.4,-6.03,4.09,Medium
ORD-2025-12016,2025-05-02,2025-05-06,Second Class,CUST-0407,Daniel Wilson,Consumer,United States,West,Oregon,Technology,Machines,5677.94,4,0.0,175.52,241.12,Medium
ORD-2025-12017,2025-05-02,2025-05-06,Second Class,CUST-0118,Karen Lee,Consumer,United States,East,Massachusetts,Technology,Phones,2489.48,2,0.0,566.54,106.58,Medium
ORD-2025-12018,2025-05-02,2025-05-04,First Class,CUST-0407,Daniel Wilson,Consumer,United States,Central,Michigan,Technology,Machines,1248.43,3,0.0,18.94,78.57,High
ORD-2025-12019,2025-05-03,2025-05-05,First Class,CUST-0151,Susan Garcia,Home Office,United States,East,Pennsylvania,Office Supplies,Envelopes,138.92,3,0.0,44.7,20.87,Low
ORD-2025-12020,2025-05-03,2025-05-10,Standard Class,CUST-0438,Joseph Smith,Consumer,United States,West,Washington,Technology,Accessories,371.39,3,0.0,123.17,17.75,Medium
ORD-2025-12021,2025-05-03,2025-05-10,Standard Class,CUST-0133,Charles Martinez,Consumer,United States,East,Pennsylvania,Technology,Phones,2976.08,8,0.1,453.39,102.93,High
ORD-2025-12022,2025-05-04,2025-05-11,Standard Class,CUST-0429,Joseph Moore,Consumer,United States,South,North Carolina,Office Supplies,Appliances,287.18,1,0.0,58.8,10.49,Critical
ORD-2025-12023,2025-05-05,2025-05-12,Standard Class,CUST-0023,Charles Thomas,Home Office,United States,West,Colorado,Technology,Phones,3673.33,4,0.1,746.89,112.65,Medium
ORD-2025-12024,2025-05-05,2025-05-06,First Class,CUST-0319,Joseph Lee,Consumer,United States,Central,Michigan,Technology,Phones,2371.9,2,0.0,425.98,132.44,Critical
ORD-2025-12025,2025-05-05,2025-05-12,Standard Class,CUST-0255,Joseph Hernandez,Corporate,United States,Central,Texas,Office Supplies,Art,134.26,4,0.5,-58.79,13.56,Critical
ORD-2025-12026,2025-05-06,2025-05-13,Standard Class,CUST-0228,Nancy Williams,Corporate,United States,South,North Carolina,Technology,Copiers,14841.69,4,0.0,5472.1,425.37,Medium
ORD-2025-12027,2025-05-06,2025-05-11,Standard Class,CUST-0114,Sarah Jackson,Corporate,United States,South,Georgia,Office Supplies,Labels,31.44,1,0.15,11.67,3.33,Medium
ORD-2025-12028,2025-05-08,2025-05-15,Standard Class,CUST-0318,Sarah Hernandez,Consumer,United States,Central,Texas,Furniture,Furnishings,115.96,2,0.15,12.66,8.15,Critical
ORD-2025-12029,2025-05-08,2025-05-14,Standard Class,CUST-0094,David Martin,Corporate,United States,East,Pennsylvania,Furniture,Furnishings,100.97,1,0.0,11.48,5.28,Medium
ORD-2025-12030,2025-05-08,2025-05-10,First Class,CUST-0267,Christopher Hernandez,Corporate,United States,West,Colorado,Technology,Copiers,1734.78,1,0.0,664.1,94.76,Medium
ORD-2025-12031,2025-05-09,2025-05-15,Standard Class,CUST-0120,Elizabeth Johnson,Consumer,United States,East,New Jersey,Office Supplies,Envelopes,93.98,4,0.0,29.43,12.43,Medium
ORD-2025-12032,2025-05-10,2025-05-14,Second Class,CUST-0430,Karen Wilson,Home Office,United States,Central,Michigan,Furniture,Furnishings,25.21,1,0.0,4.81,4.51,Medium
ORD-2025-12033,2025-05-10,2025-05-16,Standard Class,CUST-0018,William Rodriguez,Consumer,United States,South,Florida,Technology,Accessories,289.0,3,0.0,81.24,15.44,Critical
ORD-2025-12034,2025-05-11,2025-05-18,Standard Class,CUST-0100,Nancy Thompson,Corporate,United States,Central,Texas,Technology,Accessories,88.07,1,0.15,14.51,4.92,Medium
ORD-2025-12035,2025-05-11,2025-05-14,Second Class,CUST-0119,Sarah Moore,Consumer,United States,West,Colorado,Furniture,Bookcases,762.0,3,0.0,10.2,40.98,Medium
ORD-2025-12036,2025-05-13,2025-05-17,Second Class,CUST-0199,David Davis,Consumer,United States,East,New York,Office Supplies,Paper,191.6,4,0.1,69.97,21.66,High
ORD-2025-12037,2025-05-13,2025-05-14,First Class,CUST-0116,David Lee,Corporate,United States,East,New Jersey,Office Supplies,Supplies,87.44,2,0.0,7.62,13.65,Critical
ORD-2025-12038,2025-05-14,2025-05-21,Standard Class,CUST-0233,John Martinez,Consumer,United States,West,Oregon,Office Supplies,Envelopes,77.72,3,0.3,9.01,9.53,Critical
ORD-2025-12039,2025-05-14,2025-05-21,Standard Class,CUST-0382,Elizabeth Garcia,Consumer,United States,West,Colorado,Furniture,Tables,2950.7,5,0.0,230.6,94.87,Medium
ORD-2025-12040,2025-05-15,2025-05-19,Second Class,CUST-0322,Patricia Anderson,Home Office,United States,West,Washington,Technology,Phones,523.54,1,0.0,123.46,24.44,Low
ORD-2025-12041,2025-05-15,2025-05-21,Standard Class,CUST-0279,Susan Smith,Consumer,United States,South,Georgia,Office Supplies,Envelopes,191.12,4,0.0,70.0,15.15,Medium
ORD-2025-12042,2025-05-16,2025-05-18,First Class,CUST-0036,Patricia Jones,Corporate,United States,West,Washington,Office Supplies,Fasteners,44.86,2,0.0,20.39,11.43,High
ORD-2025-12043,2025-05-16,2025-05-18,First Class,CUST-0313,Joseph Miller,Consumer,United States,West,Colorado,Furniture,Furnishings,88.67,1,0.15,-1.59,9.16,Medium
ORD-2025-12044,2025-05-16,2025-05-16,Same Day,CUST-0084,David Taylor,Consumer,United States,South,Florida,Technology,Copiers,5804.31,3,0.15,1662.6,388.28,Low
ORD-2025-12045,2025-05-17,2025-05-22,Standard Class,CUST-0351,Karen Rodriguez,Consumer,United States,East,New Jersey,Technology,Accessories,145.11,1,0.15,46.37,6.51,High
ORD-2025-12046,2025-05-18,2025-05-23,Standard Class,CUST-0120,Elizabeth Johnson,Consumer,United States,West,Oregon,Technology,Accessories,1172.6,5,0.1,337.09,45.08,Medium
ORD-2025-12047,2025-05-18,2025-05-21,Second Class,CUST-0202,Jessica Wilson,Corporate,United States,West,Nevada,Furniture,Furnishings,87.42,1,0.4,-36.36,7.0,Medium
ORD-2025-12048,2025-05-21,2025-05-28,Standard Class,CUST-0172,Susan Hernandez,Home Office,United States,West,Washington,Office Supplies,Labels,10.9,1,0.1,3.66,2.76,Critical
ORD-2025-12049,2025-05-21,2025-05-26,Standard Class,CUST-0375,John Thompson,Corporate,United States,West,Nevada,Technology,Copiers,3143.3,3,0.0,1335.03,95.36,Critical
ORD-2025-12050,2025-05-22,2025-05-24,First Class,CUST-0068,Elizabeth Miller,Home Office,United States,West,California,Technology,Copiers,2479.74,3,0.0,1004.22,142.6,Medium
ORD-2025-12051,2025-05-23,2025-05-23,Same Day,CUST-0269,John Martin,Home Office,United States,East,Ohio,Furniture,Furnishings,396.39,4,0.0,48.9,47.77,Medium
ORD-2025-12052,2025-05-23,2025-05-24,First Class,CUST-0076,James Johnson,Consumer,United States,West,Arizona,Office Supplies,Supplies,136.17,2,0.1,0.25,16.18,Critical
ORD-2025-12053,2025-05-24,2025-05-28,Second Class,CUST-0318,Sarah Hernandez,Consumer,United States,East,Massachusetts,Furniture,Bookcases,1264.61,5,0.0,44.86,68.08,Medium
ORD-2025-12054,2025-05-25,2025-05-26,First Class,CUST-0406,John Perez,Consumer,United States,South,North Carolina,Technology,Accessories,1112.35,8,0.1,276.6,94.24,Medium
ORD-2025-12055,2025-05-25,2025-05-25,Same Day,CUST-0205,Thomas Jackson,Consumer,United States,East,New Jersey,Technology,Accessories,294.41,3,0.0,89.96,35.64,High
ORD-2025-12056,2025-05-26,2025-05-29,Second Class,CUST-0229,Jennifer Perez,Consumer,United States,South,North Carolina,Furniture,Tables,1007.51,4,0.2,-216.14,54.3,Medium
ORD-2025-12057,2025-05-26,2025-06-01,Standard Class,CUST-0413,Jennifer Miller,Corporate,United States,East,New York,Office Supplies,Art,48.77,3,0.7,-65.03,8.72,Medium
ORD-2025-12058,2025-05-26,2025-06-02,Standard Class,CUST-0247,Jessica Rodriguez,Corporate,United States,East,Pennsylvania,Technology,Accessories,251.19,1,0.0,84.2,9.48,Medium
ORD-2025-12059,2025-05-26,2025-05-30,Second Class,CUST-0229,Jennifer Perez,Consumer,United States,Central,Texas,Furniture,Bookcases,182.99,2,0.2,-44.87,14.32,High
ORD-2025-12060,2025-05-28,2025-06-02,Standard Class,CUST-0279,Susan Smith,Consumer,United States,West,Nevada,Furniture,Tables,425.24,1,0.3,-153.48,14.36,Medium
ORD-2025-12061,2025-05-28,2025-06-02,Standard Class,CUST-0312,Nancy Martin,Consumer,United States,West,Washington,Furniture,Tables,662.58,9,0.7,-1435.26,40.6,Medium
ORD-2025-12062,2025-05-30,2025-06-04,Standard Class,CUST-0048,Nancy Rodriguez,Consumer,United States,Central,Indiana,Technology,Phones,444.09,1,0.0,86.08,14.88,Medium
ORD-2025-12063,2025-05-30,2025-06-01,First Class,CUST-0363,Susan White,Home Office,United States,East,Massachusetts,Office Supplies,Storage,307.04,3,0.2,-3.69,29.62,Medium
ORD-2025-12064,2025-05-30,2025-06-06,Standard Class,CUST-0208,Sarah Thompson,Home Office,United States,Central,Michigan,Furniture,Tables,834.79,2,0.0,89.48,28.27,Medium
ORD-2025-12065,2025-05-30,2025-06-01,First Class,CUST-0029,Nancy Jones,Corporate,United States,South,Florida,Office Supplies,Binders,354.84,4,0.1,124.67,36.65,Medium
ORD-2025-12066,2025-05-30,2025-06-06,Standard Class,CUST-0351,Karen Rodriguez,Consumer,United States,East,Pennsylvania,Furniture,Bookcases,208.03,1,0.15,-32.93,8.27,Medium
ORD-2025-12067,2025-06-01,2025-06-07,Standard Class,CUST-0179,Karen Brown,Corporate,United States,East,New York,Office Supplies,Art,109.46,5,0.15,13.97,15.31,Medium
ORD-2025-12068,2025-06-01,2025-06-04,Second Class,CUST-0045,William Anderson,Consumer,United States,East,Ohio,Furniture,Bookcases,89.91,1,0.0,4.47,7.1,Medium
ORD-2025-12069,2025-06-01,2025-06-03,First Class,CUST-0299,Lisa Hernandez,Consumer,United States,South,Florida,Furniture,Chairs,641.73,6,0.2,-44.83,60.67,High
ORD-2025-12070,2025-06-01,2025-06-03,First Class,CUST-0386,Michael Jackson,Home Office,United States,South,Virginia,Furniture,Furnishings,684.46,5,0.0,122.76,58.34,Low
ORD-2025-12071,2025-06-02,2025-06-08,Standard Class,CUST-0391,Jennifer Garcia,Consumer,United States,South,Virginia,Furniture,Chairs,1749.97,4,0.0,214.74,58.8,High
ORD-2025-12072,2025-06-02,2025-06-08,Standard Class,CUST-0430,Karen Wilson,Home Office,United States,West,California,Technology,Copiers,2425.15,1,0.1,838.26,70.35,High
ORD-2025-12073,2025-06-03,2025-06-07,Second Class,CUST-0380,Charles White,Corporate,United States,Central,Michigan,Office Supplies,Supplies,60.07,1,0.3,-17.61,5.9,Low
ORD-2025-12074,2025-06-03,2025-06-03,Same Day,CUST-0005,Elizabeth Martinez,Corporate,United States,West,Arizona,Office Supplies,Supplies,161.86,6,0.5,-146.76,43.96,Medium
ORD-2025-12075,2025-06-04,2025-06-07,Second Class,CUST-0181,William Brown,Consumer,United States,West,California,Technology,Accessories,88.47,1,0.15,17.18,7.04,Medium
ORD-2025-12076,2025-06-04,2025-06-06,First Class,CUST-0363,Susan White,Home Office,United States,South,North Carolina,Technology,Machines,1047.22,1,0.0,35.08,59.01,High
ORD-2025-12077,2025-06-04,2025-06-08,Second Class,CUST-0176,Joseph Lopez,Consumer,United States,West,California,Technology,Machines,2409.54,3,0.0,40.0,106.88,Medium
ORD-2025-12078,2025-06-05,2025-06-08,Second Class,CUST-0291,Christopher Martinez,Consumer,United States,South,Georgia,Office Supplies,Labels,65.35,2,0.0,27.59,9.61,High
ORD-2025-12079,2025-06-05,2025-06-08,Second Class,CUST-0291,Christopher Martinez,Consumer,United States,West,Colorado,Furniture,Furnishings,128.85,1,0.0,35.23,8.65,High
ORD-2025-12080,2025-06-06,2025-06-06,Same Day,CUST-0176,Joseph Lopez,Consumer,United States,Central,Indiana,Furniture,Furnishings,242.2,3,0.0,30.85,32.3,Critical
ORD-2025-12081,2025-06-06,2025-06-13,Standard Class,CUST-0405,Elizabeth Rodriguez,Consumer,United States,West,Washington,Office Supplies,Supplies,57.57,2,0.0,6.64,6.51,Critical
ORD-2025-12082,2025-06-07,2025-06-10,Second Class,CUST-0242,Karen Jones,Consumer,United States,East,Pennsylvania,Furniture,Tables,681.09,1,0.0,21.09,30.74,Medium
ORD-2025-12083,2025-06-09,2025-06-10,First Class,CUST-0221,Susan Rodriguez,Home Office,United States,West,Colorado,Office Supplies,Storage,580.66,3,0.3,-96.41,43.84,Medium
ORD-2025-12084,2025-06-09,2025-06-15,Standard Class,CUST-0448,Elizabeth Martinez,Consumer,United States,East,Ohio,Furniture,Furnishings,234.27,2,0.1,8.71,11.46,Medium
ORD-2025-12085,2025-06-09,2025-06-15,Standard Class,CUST-0234,Thomas Miller,Corporate,United States,East,Massachusetts,Office Supplies,Fasteners,108.52,4,0.2,13.78,12.84,Medium
ORD-2025-12086,2025-06-09,2025-06-16,Standard Class,CUST-0087,David Martinez,Corporate,United States,Central,Indiana,Furniture,Bookcases,285.3,1,0.0,7.29,10.44,High
ORD-2025-12087,2025-06-10,2025-06-12,First Class,CUST-0246,Daniel Lee,Corporate,United States,West,Washington,Furniture,Furnishings,350.12,3,0.0,51.66,31.86,Medium
ORD-2025-12088,2025-06-10,2025-06-15,Standard Class,CUST-0361,Christopher Jackson,Consumer,United States,West,Nevada,Office Supplies,Binders,202.39,2,0.0,83.58,10.57,Low
ORD-2025-12089,2025-06-10,2025-06-17,Standard Class,CUST-0347,Nancy Johnson,Corporate,United States,West,Colorado,Furniture,Bookcases,259.33,2,0.0,7.22,12.16,Medium
ORD-2025-12090,2025-06-10,2025-06-13,Second Class,CUST-0352,Robert Martin,Corporate,United States,East,Massachusetts,Furniture,Bookcases,211.69,1,0.1,-15.28,11.97,Medium
ORD-2025-12091,2025-06-13,2025-06-19,Standard Class,CUST-0318,Sarah Hernandez,Consumer,United States,Central,Illinois,Technology,Accessories,146.13,1,0.1,32.77,6.54,Critical
ORD-2025-12092,2025-06-13,2025-06-20,Standard Class,CUST-0120,Elizabeth Johnson,Consumer,United States,South,Georgia,Technology,Machines,5223.88,5,0.2,-802.05,158.52,High
ORD-2025-12093,2025-06-13,2025-06-20,Standard Class,CUST-0379,Jennifer Moore,Corporate,United States,West,Oregon,Office Supplies,Binders,129.05,2,0.3,18.13,8.51,Medium
ORD-2025-12094,2025-06-14,2025-06-21,Standard Class,CUST-0395,Michael Anderson,Corporate,United States,East,New Jersey,Furniture,Furnishings,302.54,4,0.1,39.51,18.27,High
ORD-2025-12095,2025-06-14,2025-06-20,Standard Class,CUST-0094,David Martin,Corporate,United States,Central,Michigan,Office Supplies,Envelopes,296.69,8,0.0,109.44,27.91,Medium
ORD-2025-12096,2025-06-14,2025-06-21,Standard Class,CUST-0072,Patricia Martin,Consumer,United States,West,California,Furniture,Tables,974.06,3,0.4,-623.72,34.62,High
ORD-2025-12097,2025-06-15,2025-06-20,Standard Class,CUST-0437,James Smith,Consumer,United States,East,Massachusetts,Furniture,Furnishings,159.95,2,0.15,4.04,9.38,Medium
ORD-2025-12098,2025-06-16,2025-06-23,Standard Class,CUST-0380,Charles White,Corporate,United States,East,New Jersey,Office Supplies,Supplies,25.52,2,0.15,-1.38,5.61,Medium
ORD-2025-12099,2025-06-16,2025-06-23,Standard Class,CUST-0395,Michael Anderson,Corporate,United States,West,Washington,Furniture,Chairs,1311.4,7,0.15,-35.12,53.87,Medium
ORD-2025-12100,2025-06-17,2025-06-22,Standard Class,CUST-0391,Jennifer Garcia,Consumer,United States,West,Washington,Office Supplies,Supplies,157.42,4,0.0,15.81,14.21,Critical
ORD-2025-12101,2025-06-17,2025-06-24,Standard Class,CUST-0258,Lisa Brown,Consumer,United States,West,Arizona,Furniture,Tables,1908.17,4,0.0,112.42,63.23,Medium
ORD-2025-12102,2025-06-17,2025-06-23,Standard Class,CUST-0302,William Martin,Consumer,United States,Central,Indiana,Technology,Copiers,4342.2,2,0.0,1601.4,126.48,High
ORD-2025-12103,2025-06-18,2025-06-18,Same Day,CUST-0260,Elizabeth Brown,Consumer,United States,West,Arizona,Furniture,Bookcases,1744.0,5,0.0,59.32,139.62,High
ORD-2025-12104,2025-06-18,2025-06-22,Second Class,CUST-0022,William Garcia,Corporate,United States,West,Arizona,Technology,Phones,1638.19,4,0.0,468.29,79.53,Medium
ORD-2025-12105,2025-06-18,2025-06-24,Standard Class,CUST-0336,Richard Rodriguez,Consumer,United States,East,New York,Technology,Machines,1321.84,2,0.0,105.64,41.91,Medium
ORD-2025-12106,2025-06-19,2025-06-19,Same Day,CUST-0242,Karen Jones,Consumer,United States,West,Nevada,Technology,Copiers,3604.3,3,0.3,367.35,247.48,Critical
ORD-2025-12107,2025-06-20,2025-06-26,Standard Class,CUST-0303,James Taylor,Home Office,United States,West,Washington,Office Supplies,Appliances,230.89,2,0.1,29.95,11.36,High
ORD-2025-12108,2025-06-21,2025-06-26,Standard Class,CUST-0242,Karen Jones,Consumer,United States,South,Virginia,Technology,Accessories,250.92,1,0.0,88.34,9.48,Medium
ORD-2025-12109,2025-06-21,2025-06-21,Same Day,CUST-0233,John Martinez,Consumer,United States,West,Colorado,Technology,Accessories,561.84,5,0.0,181.36,63.96,Medium
ORD-2025-12110,2025-06-22,2025-06-24,First Class,CUST-0084,David Taylor,Consumer,United States,Central,Illinois,Technology,Copiers,2118.61,1,0.1,686.63,114.72,High
ORD-2025-12111,2025-06-23,2025-06-29,Standard Class,CUST-0133,Charles Martinez,Consumer,United States,East,New Jersey,Technology,Accessories,415.23,3,0.0,110.26,18.98,Medium
ORD-2025-12112,2025-06-23,2025-06-30,Standard Class,CUST-0081,Jessica Anderson,Consumer,United States,Central,Indiana,Technology,Accessories,164.58,2,0.15,29.0,9.51,High
ORD-2025-12113,2025-06-24,2025-07-01,Standard Class,CUST-0097,James Brown,Consumer,United States,East,Ohio,Technology,Machines,1245.03,2,0.2,-258.03,39.76,High
ORD-2025-12114,2025-06-24,2025-06-28,Second Class,CUST-0435,Sarah Taylor,Consumer,United States,West,Nevada,Technology,Phones,1096.72,3,0.1,191.69,54.37,Medium
ORD-2025-12115,2025-06-25,2025-06-28,Second Class,CUST-0079,James Gonzalez,Consumer,United States,South,Tennessee,Technology,Accessories,1199.42,10,0.0,395.88,82.98,High
ORD-2025-12116,2025-06-25,2025-06-25,Same Day,CUST-0128,Charles Taylor,Consumer,United States,East,Ohio,Technology,Machines,601.69,2,0.2,-124.57,49.71,Critical
ORD-2025-12117,2025-06-27,2025-07-03,Standard Class,CUST-0286,Mary Johnson,Consumer,United States,South,North Carolina,Office Supplies,Supplies,58.57,1,0.0,4.32,4.09,Medium
ORD-2025-12118,2025-06-27,2025-07-03,Standard Class,CUST-0292,James Brown,Corporate,United States,East,New York,Office Supplies,Paper,146.38,3,0.0,49.1,11.45,Medium
ORD-2025-12119,2025-06-27,2025-07-03,Standard Class,CUST-0080,James Jones,Corporate,United States,South,Tennessee,Furniture,Tables,325.25,1,0.1,-20.51,11.56,High
ORD-2025-12120,2025-06-27,2025-07-03,Standard Class,CUST-0355,Charles Rodriguez,Home Office,United States,Central,Indiana,Office Supplies,Fasteners,9.23,1,0.4,5.06,2.71,Medium
ORD-2025-12121,2025-06-28,2025-06-29,First Class,CUST-0350,Joseph Garcia,Consumer,United States,South,Tennessee,Technology,Machines,1265.44,1,0.0,86.95,70.35,Critical
ORD-2025-12122,2025-06-28,2025-07-05,Standard Class,CUST-0118,Karen Lee,Consumer,United States,East,Ohio,Technology,Machines,367.43,1,0.3,-144.59,12.74,Medium
ORD-2025-12123,2025-06-28,2025-07-01,Second Class,CUST-0138,William Gonzalez,Consumer,United States,East,Ohio,Office Supplies,Fasteners,23.61,2,0.0,0.97,7.94,Critical
ORD-2025-12124,2025-06-29,2025-07-04,Standard Class,CUST-0421,Joseph Thomas,Home Office,United States,Central,Texas,Furniture,Furnishings,146.32,2,0.0,22.88,9.0,High
ORD-2025-12125,2025-06-29,2025-07-02,Second Class,CUST-0365,Patricia Martinez,Corporate,United States,South,Georgia,Office Supplies,Appliances,138.14,1,0.15,-0.36,9.03,Medium
ORD-2025-12126,2025-06-30,2025-07-05,Standard Class,CUST-0315,Elizabeth Thomas,Home Office,United States,South,Georgia,Office Supplies,Art,257.92,5,0.0,86.17,19.47,Medium
ORD-2025-12127,2025-06-30,2025-07-03,Second Class,CUST-0031,Linda Smith,Corporate,United States,East,Pennsylvania,Technology,Copiers,3834.08,1,0.0,1582.55,156.86,Medium
ORD-2025-12128,2025-07-01,2025-07-07,Standard Class,CUST-0202,Jessica Wilson,Corporate,United States,Central,Michigan,Office Supplies,Storage,1268.81,7,0.0,266.27,52.68,Critical
ORD-2025-12129,2025-07-01,2025-07-06,Standard Class,CUST-0267,Christopher Hernandez,Corporate,United States,West,Arizona,Office Supplies,Labels,150.32,3,0.0,64.0,11.56,Critical
ORD-2025-12130,2025-07-02,2025-07-09,Standard Class,CUST-0091,Christopher Gonzalez,Consumer,United States,East,Massachusetts,Furniture,Tables,636.24,1,0.0,33.6,20.26,High
ORD-2025-12131,2025-07-02,2025-07-09,Standard Class,CUST-0211,Michael Anderson,Consumer,United States,West,Nevada,Office Supplies,Binders,704.83,8,0.15,185.2,39.34,Medium
ORD-2025-12132,2025-07-03,2025-07-09,Standard Class,CUST-0291,Christopher Martinez,Consumer,United States,East,New York,Technology,Copiers,4207.31,2,0.15,1142.69,122.7,Medium
ORD-2025-12133,2025-07-03,2025-07-07,Second Class,CUST-0155,David Rodriguez,Consumer,United States,South,North Carolina,Office Supplies,Fasteners,40.38,2,0.4,-0.02,8.62,Medium
ORD-2025-12134,2025-07-04,2025-07-07,Second Class,CUST-0348,Joseph Wilson,Corporate,United States,West,Washington,Technology,Accessories,98.23,2,0.15,20.44,10.93,Medium
ORD-2025-12135,2025-07-04,2025-07-07,Second Class,CUST-0371,Jennifer Davis,Home Office,United States,Central,Texas,Technology,Copiers,2544.18,4,0.15,623.95,115.77,Medium
ORD-2025-12136,2025-07-05,2025-07-09,Second Class,CUST-0155,David Rodriguez,Consumer,United States,East,New Jersey,Furniture,Chairs,754.88,3,0.15,-33.43,40.7,Medium
ORD-2025-12137,2025-07-05,2025-07-08,Second Class,CUST-0371,Jennifer Davis,Home Office,United States,West,Arizona,Technology,Machines,716.66,1,0.3,-227.75,32.17,Critical
ORD-2025-12138,2025-07-05,2025-07-10,Standard Class,CUST-0046,Joseph Williams,Home Office,United States,East,New York,Office Supplies,Storage,163.55,1,0.0,32.3,7.03,Medium
ORD-2025-12139,2025-07-06,2025-07-11,Standard Class,CUST-0370,Mary Taylor,Corporate,United States,East,Massachusetts,Furniture,Tables,1405.35,4,0.0,68.71,49.15,High
ORD-2025-12140,2025-07-06,2025-07-08,First Class,CUST-0079,James Gonzalez,Consumer,United States,West,Arizona,Furniture,Chairs,101.59,1,0.15,-4.46,9.83,Medium
ORD-2025-12141,2025-07-06,2025-07-12,Standard Class,CUST-0032,Mary Anderson,Consumer,United States,Central,Wisconsin,Technology,Machines,1062.54,1,0.0,39.61,32.2,Critical
ORD-2025-12142,2025-07-07,2025-07-10,Second Class,CUST-0302,William Martin,Consumer,United States,South,North Carolina,Furniture,Tables,829.56,3,0.3,-334.46,43.68,High
ORD-2025-12143,2025-07-07,2025-07-14,Standard Class,CUST-0228,Nancy Williams,Corporate,United States,West,Oregon,Office Supplies,Supplies,78.42,5,0.1,-2.31,14.45,High
ORD-2025-12144,2025-07-07,2025-07-13,Standard Class,CUST-0407,Daniel Wilson,Consumer,United States,West,Oregon,Furniture,Chairs,694.61,2,0.0,117.93,24.35,Medium
ORD-2025-12145,2025-07-07,2025-07-14,Standard Class,CUST-0175,Linda Garcia,Corporate,United States,East,Massachusetts,Furniture,Furnishings,100.09,2,0.2,-3.71,7.7,Critical
ORD-2025-12146,2025-07-08,2025-07-14,Standard Class,CUST-0137,Mary Thomas,Corporate,United States,Central,Texas,Furniture,Furnishings,623.45,5,0.0,108.74,29.71,Medium
ORD-2025-12147,2025-07-08,2025-07-13,Standard Class,CUST-0242,Karen Jones,Consumer,United States,West,Arizona,Furniture,Bookcases,95.17,1,0.5,-89.36,5.11,Medium
ORD-2025-12148,2025-07-09,2025-07-14,Standard Class,CUST-0219,Nancy Martin,Consumer,United States,West,Arizona,Furniture,Bookcases,341.86,3,0.5,-327.44,16.92,Low
ORD-2025-12149,2025-07-09,2025-07-13,Second Class,CUST-0168,Christopher Lopez,Home Office,United States,East,Pennsylvania,Office Supplies,Fasteners,54.97,8,0.15,7.71,30.2,Low
ORD-2025-12150,2025-07-09,2025-07-10,First Class,CUST-0313,Joseph Miller,Consumer,United States,South,Tennessee,Office Supplies,Art,222.5,5,0.0,56.4,34.32,Medium
ORD-2025-12151,2025-07-09,2025-07-14,Standard Class,CUST-0344,Christopher Smith,Home Office,United States,East,Massachusetts,Furniture,Furnishings,97.91,1,0.0,23.4,5.19,High
ORD-2025-12152,2025-07-09,2025-07-12,Second Class,CUST-0373,Nancy Smith,Corporate,United States,East,New York,Furniture,Tables,1044.28,2,0.1,-49.29,48.77,Medium
ORD-2025-12153,2025-07-09,2025-07-16,Standard Class,CUST-0435,Sarah Taylor,Consumer,United States,South,Tennessee,Furniture,Tables,145.46,1,0.3,-53.89,6.52,High
ORD-2025-12154,2025-07-10,2025-07-17,Standard Class,CUST-0128,Charles Taylor,Consumer,United States,Central,Illinois,Office Supplies,Envelopes,418.12,8,0.0,162.17,31.31,High
ORD-2025-12155,2025-07-10,2025-07-17,Standard Class,CUST-0325,Richard Davis,Consumer,United States,Central,Illinois,Furniture,Furnishings,400.64,9,0.0,75.5,33.27,Medium
ORD-2025-12156,2025-07-11,2025-07-16,Standard Class,CUST-0184,Jennifer Martinez,Home Office,United States,East,Pennsylvania,Office Supplies,Binders,17.18,1,0.0,1.18,2.93,Critical
ORD-2025-12157,2025-07-12,2025-07-14,First Class,CUST-0309,Barbara Lee,Consumer,United States,South,Virginia,Technology,Phones,1765.37,4,0.1,292.33,110.0,Medium
ORD-2025-12158,2025-07-12,2025-07-19,Standard Class,CUST-0228,Nancy Williams,Corporate,United States,Central,Wisconsin,Furniture,Bookcases,704.84,5,0.3,-255.15,31.99,Low
ORD-2025-12159,2025-07-13,2025-07-19,Standard Class,CUST-0448,Elizabeth Martinez,Consumer,United States,South,Georgia,Office Supplies,Supplies,55.78,1,0.0,3.93,4.01,Critical
ORD-2025-12160,2025-07-14,2025-07-17,Second Class,CUST-0328,James Thomas,Consumer,United States,Central,Texas,Technology,Copiers,3566.62,1,0.0,1421.77,146.16,Medium
ORD-2025-12161,2025-07-14,2025-07-20,Standard Class,CUST-0429,Joseph Moore,Consumer,United States,Central,Illinois,Office Supplies,Fasteners,15.74,1,0.15,-0.08,2.89,High
ORD-2025-12162,2025-07-14,2025-07-20,Standard Class,CUST-0369,John Anderson,Corporate,United States,West,Arizona,Technology,Machines,2167.48,2,0.2,-466.54,65.59,Medium
ORD-2025-12163,2025-07-16,2025-07-19,Second Class,CUST-0400,Elizabeth Brown,Consumer,United States,West,Washington,Technology,Copiers,5056.3,6,0.2,1099.27,223.25,Medium
ORD-2025-12164,2025-07-16,2025-07-23,Standard Class,CUST-0361,Christopher Jackson,Consumer,United States,Central,Michigan,Furniture,Bookcases,1960.42,7,0.2,-478.3,72.04,Critical
ORD-2025-12165,2025-07-17,2025-07-21,Second Class,CUST-0219,Nancy Martin,Consumer,United States,West,Washington,Office Supplies,Art,44.21,1,0.0,-0.18,5.27,Medium
ORD-2025-12166,2025-07-17,2025-07-17,Same Day,CUST-0120,Elizabeth Johnson,Consumer,United States,East,Massachusetts,Office Supplies,Supplies,26.55,1,0.0,0.68,7.3,Medium
ORD-2025-12167,2025-07-17,2025-07-22,Standard Class,CUST-0177,Jessica Thomas,Corporate,United States,West,Nevada,Technology,Accessories,69.58,2,0.5,-30.6,6.85,Low
ORD-2025-12168,2025-07-18,2025-07-24,Standard Class,CUST-0007,Lisa Martinez,Consumer,United States,Central,Michigan,Technology,Phones,2872.32,5,0.5,-1513.5,92.68,Medium
ORD-2025-12169,2025-07-18,2025-07-21,Second Class,CUST-0251,James Moore,Consumer,United States,West,Oregon,Furniture,Bookcases,969.13,3,0.1,-105.77,49.27,High
ORD-2025-12170,2025-07-18,2025-07-22,Second Class,CUST-0242,Karen Jones,Consumer,United States,South,Florida,Technology,Copiers,7398.48,3,0.15,2187.79,306.44,High
ORD-2025-12171,2025-07-19,2025-07-26,Standard Class,CUST-0251,James Moore,Consumer,United States,Central,Texas,Furniture,Bookcases,309.99,3,0.4,-177.73,16.03,High
ORD-2025-12172,2025-07-19,2025-07-26,Standard Class,CUST-0435,Sarah Taylor,Consumer,United States,West,Nevada,Furniture,Furnishings,49.48,1,0.0,8.25,3.84,Critical
ORD-2025-12173,2025-07-19,2025-07-22,Second Class,CUST-0407,Daniel Wilson,Consumer,United States,East,Pennsylvania,Furniture,Bookcases,849.38,3,0.0,15.17,44.48,Medium
ORD-2025-12174,2025-07-20,2025-07-24,Second Class,CUST-0083,Jessica Gonzalez,Consumer,United States,West,Oregon,Technology,Copiers,23001.99,10,0.15,5224.01,955.08,High
ORD-2025-12175,2025-07-20,2025-07-23,Second Class,CUST-0177,Jessica Thomas,Corporate,United States,East,Massachusetts,Technology,Machines,155.29,1,0.5,-142.94,9.71,Critical
ORD-2025-12176,2025-07-21,2025-07-24,Second Class,CUST-0202,Jessica Wilson,Corporate,United States,East,Pennsylvania,Furniture,Furnishings,205.48,3,0.15,7.72,18.72,Critical
ORD-2025-12177,2025-07-22,2025-07-27,Standard Class,CUST-0175,Linda Garcia,Corporate,United States,West,Nevada,Technology,Machines,2008.11,2,0.2,-449.88,61.13,Medium
ORD-2025-12178,2025-07-22,2025-07-29,Standard Class,CUST-0356,Christopher White,Consumer,United States,South,Virginia,Furniture,Tables,1723.98,3,0.0,74.64,55.62,High
ORD-2025-12179,2025-07-22,2025-07-27,Standard Class,CUST-0251,James Moore,Consumer,United States,West,California,Office Supplies,Art,53.85,3,0.0,12.67,8.86,High
ORD-2025-12180,2025-07-22,2025-07-27,Standard Class,CUST-0276,Nancy Moore,Corporate,United States,Central,Michigan,Technology,Accessories,443.2,3,0.0,130.75,19.76,Critical
ORD-2025-12181,2025-07-23,2025-07-27,Second Class,CUST-0373,Nancy Smith,Corporate,United States,East,Massachusetts,Technology,Machines,1167.61,6,0.5,-1077.0,67.7,Medium
ORD-2025-12182,2025-07-23,2025-07-28,Standard Class,CUST-0360,Charles Jackson,Home Office,United States,Central,Illinois,Technology,Copiers,6891.66,2,0.1,2318.2,197.87,Medium
ORD-2025-12183,2025-07-24,2025-07-29,Standard Class,CUST-0072,Patricia Martin,Consumer,United States,East,Pennsylvania,Office Supplies,Art,142.08,3,0.0,28.28,11.33,Medium
ORD-2025-12184,2025-07-24,2025-07-31,Standard Class,CUST-0323,William Miller,Consumer,United States,Central,Michigan,Technology,Accessories,107.52,1,0.4,-11.2,5.46,High
ORD-2025-12185,2025-07-24,2025-07-24,Same Day,CUST-0208,Sarah Thompson,Home Office,United States,Central,Texas,Office Supplies,Envelopes,234.46,5,0.1,74.4,43.01,High
ORD-2025-12186,2025-07-24,2025-07-31,Standard Class,CUST-0142,Linda Rodriguez,Home Office,United States,Central,Indiana,Furniture,Tables,925.6,2,0.2,-188.42,30.82,High
ORD-2025-12187,2025-07-24,2025-07-29,Standard Class,CUST-0022,William Garcia,Corporate,United States,West,Colorado,Technology,Copiers,7088.58,5,0.1,2101.09,210.73,Medium
ORD-2025-12188,2025-07-24,2025-07-28,Second Class,CUST-0229,Jennifer Perez,Consumer,United States,Central,Wisconsin,Technology,Accessories,543.89,2,0.0,198.24,28.76,Medium
ORD-2025-12189,2025-07-25,2025-07-30,Standard Class,CUST-0174,Patricia Lopez,Corporate,United States,West,California,Furniture,Furnishings,120.21,1,0.1,14.56,5.82,Medium
ORD-2025-12190,2025-07-27,2025-08-01,Standard Class,CUST-0120,Elizabeth Johnson,Consumer,United States,West,Colorado,Furniture,Bookcases,75.65,1,0.7,-166.53,4.57,Medium
ORD-2025-12191,2025-07-27,2025-07-27,Same Day,CUST-0313,Joseph Miller,Consumer,United States,East,Massachusetts,Furniture,Bookcases,1904.57,9,0.0,90.87,172.29,Medium
ORD-2025-12192,2025-07-28,2025-08-01,Second Class,CUST-0347,Nancy Johnson,Corporate,United States,East,New York,Technology,Copiers,4956.38,2,0.2,1196.26,205.26,Low
ORD-2025-12193,2025-07-29,2025-07-31,First Class,CUST-0120,Elizabeth Johnson,Consumer,United States,East,New Jersey,Furniture,Bookcases,309.67,1,0.0,-1.64,20.65,Medium
ORD-2025-12194,2025-07-30,2025-08-04,Standard Class,CUST-0022,William Garcia,Corporate,United States,Central,Indiana,Technology,Phones,882.9,1,0.0,209.75,27.17,High
ORD-2025-12195,2025-07-30,2025-08-06,Standard Class,CUST-0373,Nancy Smith,Corporate,United States,West,Nevada,Furniture,Tables,936.51,2,0.0,80.42,31.12,Medium
ORD-2025-12196,2025-07-30,2025-08-04,Standard Class,CUST-0006,Charles Smith,Corporate,United States,West,Nevada,Technology,Accessories,147.57,1,0.3,6.17,6.58,Medium
ORD-2025-12197,2025-07-31,2025-08-05,Standard Class,CUST-0421,Joseph Thomas,Home Office,United States,West,Arizona,Office Supplies,Art,143.35,3,0.1,31.64,11.36,Medium
ORD-2025-12198,2025-07-31,2025-08-04,Second Class,CUST-0299,Lisa Hernandez,Consumer,United States,Central,Texas,Technology,Copiers,3468.02,1,0.0,1431.2,142.22,High
ORD-2025-12199,2025-07-31,2025-08-05,Standard Class,CUST-0154,John Johnson,Corporate,United States,East,Pennsylvania,Furniture,Chairs,576.93,3,0.2,-66.62,23.5,Medium
ORD-2025-12200,2025-07-31,2025-08-07,Standard Class,CUST-0120,Elizabeth Johnson,Consumer,United States,East,Ohio,Furniture,Chairs,411.58,1,0.0,50.14,13.97,Medium
ORD-2025-12201,2025-08-01,2025-08-06,Standard Class,CUST-0006,Charles Smith,Corporate,United States,Central,Texas,Technology,Machines,1584.52,2,0.0,-49.92,49.27,Medium
ORD-2025-12202,2025-08-01,2025-08-08,Standard Class,CUST-0118,Karen Lee,Consumer,United States,East,New Jersey,Furniture,Bookcases,745.83,3,0.0,22.26,28.23,High
ORD-2025-12203,2025-08-01,2025-08-04,Second Class,CUST-0075,Susan Thomas,Corporate,United States,East,Pennsylvania,Technology,Phones,1004.92,1,0.15,158.39,43.7,High
ORD-2025-12204,2025-08-02,2025-08-09,Standard Class,CUST-0292,James Brown,Corporate,United States,East,New York,Technology,Copiers,5368.03,2,0.1,1733.92,155.2,Medium
ORD-2025-12205,2025-08-03,2025-08-07,Second Class,CUST-0084,David Taylor,Consumer,United States,Central,Texas,Office Supplies,Binders,69.6,2,0.3,-7.5,9.78,Low
ORD-2025-12206,2025-08-03,2025-08-09,Standard Class,CUST-0253,Richard Davis,Consumer,United States,Central,Illinois,Technology,Copiers,1999.09,1,0.1,607.79,58.42,Medium
ORD-2025-12207,2025-08-04,2025-08-07,Second Class,CUST-0286,Mary Johnson,Consumer,United States,West,Oregon,Furniture,Tables,887.35,3,0.0,37.43,45.99,Critical
ORD-2025-12208,2025-08-04,2025-08-10,Standard Class,CUST-0144,Jennifer Perez,Home Office,United States,West,California,Office Supplies,Supplies,165.67,3,0.2,-22.8,11.99,Medium
ORD-2025-12209,2025-08-04,2025-08-05,First Class,CUST-0018,William Rodriguez,Consumer,United States,West,California,Technology,Accessories,240.66,3,0.0,79.99,26.16,High
ORD-2025-12210,2025-08-04,2025-08-04,Same Day,CUST-0018,William Rodriguez,Consumer,United States,Central,Indiana,Office Supplies,Envelopes,33.46,1,0.4,-10.55,7.74,Medium
ORD-2025-12211,2025-08-04,2025-08-08,Second Class,CUST-0013,Thomas Smith,Corporate,United States,South,Virginia,Technology,Copiers,6145.03,2,0.0,2379.46,252.8,High
ORD-2025-12212,2025-08-05,2025-08-12,Standard Class,CUST-0334,Daniel Perez,Corporate,United States,East,New Jersey,Furniture,Bookcases,272.73,1,0.0,26.26,10.09,Medium
ORD-2025-12213,2025-08-05,2025-08-10,Standard Class,CUST-0154,John Johnson,Corporate,United States,West,California,Office Supplies,Envelopes,30.38,3,0.1,10.07,8.2,Medium
ORD-2025-12214,2025-08-06,2025-08-11,Standard Class,CUST-0356,Christopher White,Consumer,United States,Central,Wisconsin,Office Supplies,Paper,35.86,2,0.0,17.16,5.9,Medium
ORD-2025-12215,2025-08-06,2025-08-11,Standard Class,CUST-0204,Thomas Hernandez,Home Office,United States,South,Virginia,Furniture,Chairs,719.18,2,0.0,100.37,25.04,Medium
ORD-2025-12216,2025-08-08,2025-08-15,Standard Class,CUST-0214,Susan White,Consumer,United States,South,Virginia,Furniture,Bookcases,566.36,5,0.1,-58.31,28.11,High
ORD-2025-12217,2025-08-09,2025-08-14,Standard Class,CUST-0246,Daniel Lee,Corporate,United States,Central,Illinois,Furniture,Furnishings,142.33,1,0.0,24.53,6.44,Critical
ORD-2025-12218,2025-08-09,2025-08-15,Standard Class,CUST-0323,William Miller,Consumer,United States,South,North Carolina,Technology,Accessories,564.12,9,0.0,203.53,37.85,Medium
ORD-2025-12219,2025-08-09,2025-08-14,Standard Class,CUST-0132,Lisa Perez,Consumer,United States,West,Oregon,Office Supplies,Fasteners,32.62,1,0.0,-1.71,3.36,Medium
ORD-2025-12220,2025-08-09,2025-08-14,Standard Class,CUST-0063,Nancy Lopez,Corporate,United States,West,Washington,Technology,Copiers,11791.0,5,0.1,3668.07,342.4,Medium
ORD-2025-12221,2025-08-11,2025-08-17,Standard Class,CUST-0267,Christopher Hernandez,Corporate,United States,West,Colorado,Furniture,Tables,1365.84,2,0.0,7.16,43.14,Medium
ORD-2025-12222,2025-08-11,2025-08-16,Standard Class,CUST-0155,David Rodriguez,Consumer,United States,Central,Michigan,Furniture,Furnishings,751.98,6,0.0,171.12,35.76,Medium
ORD-2025-12223,2025-08-12,2025-08-17,Standard Class,CUST-0208,Sarah Thompson,Home Office,United States,West,Nevada,Office Supplies,Supplies,88.51,1,0.1,-6.32,4.93,Medium
ORD-2025-12224,2025-08-12,2025-08-17,Standard Class,CUST-0303,James Taylor,Home Office,United States,East,Ohio,Furniture,Furnishings,106.1,2,0.15,7.04,7.87,Medium
ORD-2025-12225,2025-08-12,2025-08-18,Standard Class,CUST-0234,Thomas Miller,Corporate,United States,East,Pennsylvania,Office Supplies,Paper,69.36,2,0.15,18.46,6.84,Critical
ORD-2025-12226,2025-08-13,2025-08-19,Standard Class,CUST-0294,Thomas Miller,Corporate,United States,West,Colorado,Technology,Copiers,33130.91,10,0.0,14172.61,952.17,Low
ORD-2025-12227,2025-08-13,2025-08-18,Standard Class,CUST-0259,Charles Rodriguez,Consumer,United States,South,Tennessee,Technology,Copiers,25695.91,9,0.0,10388.24,741.54,Critical
ORD-2025-12228,2025-08-14,2025-08-20,Standard Class,CUST-0334,Daniel Perez,Corporate,United States,West,Arizona,Furniture,Chairs,314.9,1,0.1,16.97,11.27,Low
ORD-2025-12229,2025-08-14,2025-08-20,Standard Class,CUST-0318,Sarah Hernandez,Consumer,United States,East,New Jersey,Furniture,Tables,450.8,3,0.3,-166.22,19.97,High
ORD-2025-12230,2025-08-14,2025-08-18,Second Class,CUST-0256,Barbara Wilson,Consumer,United States,Central,Illinois,Furniture,Tables,1757.4,3,0.1,-99.65,80.8,Medium
ORD-2025-12231,2025-08-14,2025-08-19,Standard Class,CUST-0309,Barbara Lee,Consumer,United States,West,California,Office Supplies,Fasteners,38.28,1,0.0,8.47,3.52,High
ORD-2025-12232,2025-08-14,2025-08-20,Standard Class,CUST-0382,Elizabeth Garcia,Consumer,United States,Central,Illinois,Technology,Machines,1298.51,1,0.0,30.64,38.81,High
ORD-2025-12233,2025-08-15,2025-08-20,Standard Class,CUST-0204,Thomas Hernandez,Home Office,United States,Central,Michigan,Furniture,Tables,1228.69,9,0.4,-779.74,56.45,Medium
ORD-2025-12234,2025-08-15,2025-08-21,Standard Class,CUST-0194,Joseph Smith,Consumer,United States,South,Florida,Technology,Phones,683.62,2,0.15,67.8,24.04,High
ORD-2025-12235,2025-08-15,2025-08-19,Second Class,CUST-0345,Karen Jackson,Corporate,United States,South,Virginia,Technology,Phones,404.9,1,0.0,51.36,19.7,High
ORD-2025-12236,2025-08-16,2025-08-23,Standard Class,CUST-0281,Joseph Lopez,Consumer,United States,West,Oregon,Technology,Phones,427.42,1,0.0,131.18,14.42,Medium
ORD-2025-12237,2025-08-16,2025-08-21,Standard Class,CUST-0029,Nancy Jones,Corporate,United States,East,New York,Office Supplies,Appliances,518.96,2,0.3,-87.19,19.43,Medium
ORD-2025-12238,2025-08-17,2025-08-21,Second Class,CUST-0393,David Jones,Consumer,United States,West,Colorado,Furniture,Furnishings,274.45,3,0.0,55.82,21.48,High
ORD-2025-12239,2025-08-17,2025-08-19,First Class,CUST-0018,William Rodriguez,Consumer,United States,West,Arizona,Technology,Phones,2240.57,2,0.1,346.81,125.61,Medium
ORD-2025-12240,2025-08-17,2025-08-24,Standard Class,CUST-0336,Richard Rodriguez,Consumer,United States,West,Nevada,Furniture,Bookcases,368.77,2,0.15,-55.23,15.23,Medium
ORD-2025-12241,2025-08-19,2025-08-20,First Class,CUST-0344,Christopher Smith,Home Office,United States,West,Nevada,Furniture,Chairs,173.39,1,0.0,20.42,13.57,Low
ORD-2025-12242,2025-08-19,2025-08-22,Second Class,CUST-0429,Joseph Moore,Consumer,United States,South,Georgia,Office Supplies,Storage,288.15,2,0.0,56.36,18.53,Medium
ORD-2025-12243,2025-08-20,2025-08-25,Standard Class,CUST-0023,Charles Thomas,Home Office,United States,East,New Jersey,Furniture,Bookcases,218.53,1,0.0,8.49,8.57,Critical
ORD-2025-12244,2025-08-21,2025-08-26,Standard Class,CUST-0290,Patricia Wilson,Corporate,United States,East,Ohio,Technology,Machines,1799.71,6,0.3,-766.93,65.09,High
ORD-2025-12245,2025-08-21,2025-08-22,First Class,CUST-0204,Thomas Hernandez,Home Office,United States,East,New Jersey,Office Supplies,Art,15.26,1,0.1,2.52,5.34,Medium
ORD-2025-12246,2025-08-21,2025-08-24,Second Class,CUST-0155,David Rodriguez,Consumer,United States,East,Pennsylvania,Technology,Accessories,472.24,4,0.2,83.97,32.89,Critical
ORD-2025-12247,2025-08-23,2025-08-27,Second Class,CUST-0038,Richard Moore,Home Office,United States,South,Virginia,Office Supplies,Supplies,133.69,2,0.1,-9.31,12.35,Medium
ORD-2025-12248,2025-08-23,2025-08-29,Standard Class,CUST-0268,William Moore,Home Office,United States,West,Nevada,Furniture,Furnishings,112.04,3,0.4,-39.16,10.49,Critical
ORD-2025-12249,2025-08-24,2025-08-28,Second Class,CUST-0229,Jennifer Perez,Consumer,United States,Central,Texas,Technology,Accessories,332.53,2,0.3,36.54,20.3,High
ORD-2025-12250,2025-08-25,2025-08-27,First Class,CUST-0046,Joseph Williams,Home Office,United States,East,New Jersey,Office Supplies,Supplies,176.5,4,0.1,-8.55,27.38,Low
ORD-2025-12251,2025-08-25,2025-09-01,Standard Class,CUST-0292,James Brown,Corporate,United States,West,Colorado,Technology,Machines,4969.15,5,0.0,-78.22,151.39,Critical
ORD-2025-12252,2025-08-26,2025-09-01,Standard Class,CUST-0333,Jennifer Miller,Consumer,United States,East,Massachusetts,Office Supplies,Storage,471.4,2,0.1,58.37,18.1,Medium
ORD-2025-12253,2025-08-26,2025-09-01,Standard Class,CUST-0345,Karen Jackson,Corporate,United States,Central,Indiana,Technology,Copiers,1686.12,1,0.15,549.04,49.66,Critical
ORD-2025-12254,2025-08-26,2025-09-01,Standard Class,CUST-0406,John Perez,Consumer,United States,West,California,Furniture,Furnishings,478.31,4,0.1,69.62,23.19,High
ORD-2025-12255,2025-08-27,2025-09-03,Standard Class,CUST-0193,Jessica Martin,Consumer,United States,West,California,Furniture,Bookcases,229.34,1,0.2,-61.25,8.87,Medium
ORD-2025-12256,2025-08-28,2025-08-28,Same Day,CUST-0429,Joseph Moore,Consumer,United States,West,Oregon,Technology,Accessories,620.55,3,0.0,227.76,56.52,Critical
ORD-2025-12257,2025-08-28,2025-09-03,Standard Class,CUST-0380,Charles White,Corporate,United States,Central,Indiana,Furniture,Bookcases,234.73,1,0.0,6.38,9.02,Critical
ORD-2025-12258,2025-08-28,2025-09-03,Standard Class,CUST-0143,Jessica Johnson,Corporate,United States,Central,Wisconsin,Office Supplies,Supplies,187.58,3,0.15,-3.53,12.6,Medium
ORD-2025-12259,2025-08-29,2025-09-03,Standard Class,CUST-0081,Jessica Anderson,Consumer,United States,East,New Jersey,Office Supplies,Fasteners,75.02,3,0.0,31.39,9.45,Low
ORD-2025-12260,2025-08-29,2025-09-01,Second Class,CUST-0208,Sarah Thompson,Home Office,United States,East,New York,Furniture,Chairs,204.26,1,0.0,27.57,11.67,High
ORD-2025-12261,2025-08-29,2025-09-05,Standard Class,CUST-0188,Richard Gonzalez,Corporate,United States,South,Georgia,Office Supplies,Art,78.99,3,0.5,-34.73,9.56,Medium
ORD-2025-12262,2025-08-30,2025-09-04,Standard Class,CUST-0277,Jessica Smith,Consumer,United States,Central,Michigan,Office Supplies,Art,68.82,2,0.1,0.24,6.83,Medium
ORD-2025-12263,2025-08-30,2025-09-04,Standard Class,CUST-0281,Joseph Lopez,Consumer,United States,Central,Texas,Technology,Accessories,144.42,1,0.4,-18.88,6.49,High
ORD-2025-12264,2025-08-30,2025-09-01,First Class,CUST-0337,Michael Rodriguez,Consumer,United States,Central,Wisconsin,Furniture,Tables,1037.43,2,0.15,-123.29,63.05,Medium
ORD-2025-12265,2025-08-31,2025-09-05,Standard Class,CUST-0245,Mary Thompson,Consumer,United States,Central,Indiana,Technology,Phones,1709.17,3,0.15,127.44,55.21,High
ORD-2025-12266,2025-08-31,2025-09-02,First Class,CUST-0046,Joseph Williams,Home Office,United States,East,Ohio,Office Supplies,Envelopes,9.76,1,0.1,11.26,5.06,Critical
ORD-2025-12267,2025-08-31,2025-08-31,Same Day,CUST-0375,John Thompson,Corporate,United States,South,Georgia,Office Supplies,Envelopes,234.32,8,0.0,85.84,59.8,Critical
ORD-2025-12268,2025-08-31,2025-09-07,Standard Class,CUST-0151,Susan Garcia,Home Office,United States,South,Virginia,Office Supplies,Binders,304.26,4,0.1,91.26,18.32,Medium
ORD-2025-12269,2025-09-01,2025-09-01,Same Day,CUST-0435,Sarah Taylor,Consumer,United States,West,Colorado,Office Supplies,Paper,137.38,1,0.0,52.78,14.39,Medium
ORD-2025-12270,2025-09-01,2025-09-02,First Class,CUST-0057,William Wilson,Consumer,United States,West,Colorado,Technology,Accessories,366.74,5,0.7,-437.58,41.82,Medium
ORD-2025-12271,2025-09-02,2025-09-08,Standard Class,CUST-0432,Patricia Johnson,Consumer,United States,South,Tennessee,Technology,Phones,2310.92,2,0.0,492.51,69.61,High
ORD-2025-12272,2025-09-02,2025-09-07,Standard Class,CUST-0039,Lisa Johnson,Corporate,United States,West,Colorado,Technology,Machines,4199.49,3,0.0,297.82,124.94,Low
ORD-2025-12273,2025-09-03,2025-09-09,Standard Class,CUST-0115,Joseph Garcia,Consumer,United States,South,Florida,Furniture,Chairs,643.68,2,0.1,39.5,22.92,Medium
ORD-2025-12274,2025-09-04,2025-09-04,Same Day,CUST-0022,William Garcia,Corporate,United States,East,New York,Furniture,Bookcases,914.4,4,0.1,-62.99,80.92,Medium
ORD-2025-12275,2025-09-04,2025-09-09,Standard Class,CUST-0318,Sarah Hernandez,Consumer,United States,West,Oregon,Office Supplies,Art,180.19,4,0.0,48.27,14.85,Low
ORD-2025-12276,2025-09-04,2025-09-07,Second Class,CUST-0373,Nancy Smith,Corporate,United States,West,California,Technology,Machines,1371.65,3,0.0,45.64,65.37,High
ORD-2025-12277,2025-09-06,2025-09-10,Second Class,CUST-0205,Thomas Jackson,Consumer,United States,West,California,Furniture,Chairs,119.23,1,0.2,-9.33,8.27,Medium
ORD-2025-12278,2025-09-06,2025-09-13,Standard Class,CUST-0413,Jennifer Miller,Corporate,United States,West,Washington,Office Supplies,Envelopes,37.38,2,0.1,10.66,5.95,Medium
ORD-2025-12279,2025-09-07,2025-09-12,Standard Class,CUST-0286,Mary Johnson,Consumer,United States,East,New York,Technology,Copiers,3688.88,2,0.0,1677.64,108.19,Low
ORD-2025-12280,2025-09-07,2025-09-13,Standard Class,CUST-0299,Lisa Hernandez,Consumer,United States,Central,Illinois,Technology,Accessories,185.37,1,0.1,44.1,7.64,Medium
ORD-2025-12281,2025-09-08,2025-09-13,Standard Class,CUST-0373,Nancy Smith,Corporate,United States,South,Georgia,Furniture,Tables,672.98,2,0.0,-3.6,23.74,High
ORD-2025-12282,2025-09-08,2025-09-13,Standard Class,CUST-0143,Jessica Johnson,Corporate,United States,East,New York,Furniture,Tables,2037.5,4,0.0,93.15,66.85,High
ORD-2025-12283,2025-09-08,2025-09-11,Second Class,CUST-0173,Karen Davis,Corporate,United States,East,New York,Office Supplies,Binders,305.69,5,0.4,-40.08,29.73,High
ORD-2025-12284,2025-09-08,2025-09-09,First Class,CUST-0406,John Perez,Consumer,United States,East,Massachusetts,Furniture,Bookcases,239.84,2,0.0,10.27,21.57,Medium
ORD-2025-12285,2025-09-09,2025-09-14,Standard Class,CUST-0399,Lisa Rodriguez,Corporate,United States,East,New York,Office Supplies,Binders,66.18,1,0.0,32.97,4.3,Medium
ORD-2025-12286,2025-09-10,2025-09-16,Standard Class,CUST-0438,Joseph Smith,Consumer,United States,East,New York,Furniture,Bookcases,825.93,5,0.5,-795.47,35.38,High
ORD-2025-12287,2025-09-10,2025-09-16,Standard Class,CUST-0400,Elizabeth Brown,Consumer,United States,West,Oregon,Technology,Machines,5079.76,6,0.2,-1126.48,156.93,Low
ORD-2025-12288,2025-09-10,2025-09-17,Standard Class,CUST-0068,Elizabeth Miller,Home Office,United States,West,Washington,Technology,Copiers,5684.2,2,0.0,2340.53,164.06,Low
ORD-2025-12289,2025-09-11,2025-09-15,Second Class,CUST-0364,Sarah Lopez,Corporate,United States,West,Colorado,Technology,Machines,729.72,1,0.0,25.78,32.69,High
ORD-2025-12290,2025-09-12,2025-09-17,Standard Class,CUST-0193,Jessica Martin,Consumer,United States,West,California,Technology,Machines,2535.27,4,0.3,-1044.45,80.79,Medium
ORD-2025-12291,2025-09-12,2025-09-19,Standard Class,CUST-0446,Lisa Garcia,Consumer,United States,Central,Wisconsin,Technology,Phones,4412.44,5,0.0,1374.85,135.8,Medium
ORD-2025-12292,2025-09-12,2025-09-14,First Class,CUST-0228,Nancy Williams,Corporate,United States,West,Colorado,Furniture,Tables,595.23,1,0.1,-48.57,35.5,Medium
ORD-2025-12293,2025-09-14,2025-09-15,First Class,CUST-0267,Christopher Hernandez,Corporate,United States,South,Georgia,Furniture,Tables,811.76,3,0.1,-77.27,55.86,Critical
ORD-2025-12294,2025-09-14,2025-09-16,First Class,CUST-0255,Joseph Hernandez,Corporate,United States,South,Georgia,Furniture,Furnishings,377.37,3,0.0,58.74,33.27,Medium
ORD-2025-12295,2025-09-14,2025-09-14,Same Day,CUST-0154,John Johnson,Corporate,United States,South,Florida,Technology,Copiers,4695.3,2,0.15,1368.97,311.7,Medium
ORD-2025-12296,2025-09-14,2025-09-21,Standard Class,CUST-0029,Nancy Jones,Corporate,United States,South,North Carolina,Furniture,Chairs,1791.62,4,0.1,94.49,59.97,High
ORD-2025-12297,2025-09-15,2025-09-21,Standard Class,CUST-0398,Richard Perez,Consumer,United States,West,Washington,Furniture,Tables,1134.93,2,0.0,69.06,36.68,High
ORD-2025-12298,2025-09-15,2025-09-21,Standard Class,CUST-0358,Lisa Gonzalez,Corporate,United States,East,Massachusetts,Office Supplies,Supplies,101.29,4,0.2,-26.1,12.64,High
ORD-2025-12299,2025-09-16,2025-09-18,First Class,CUST-0075,Susan Thomas,Corporate,United States,West,Arizona,Office Supplies,Fasteners,86.31,3,0.0,21.36,18.14,High
ORD-2025-12300,2025-09-16,2025-09-21,Standard Class,CUST-0347,Nancy Johnson,Corporate,United States,Central,Michigan,Office Supplies,Storage,246.69,1,0.1,41.38,9.36,Medium
ORD-2025-12301,2025-09-16,2025-09-17,First Class,CUST-0297,Mary Jackson,Home Office,United States,South,Virginia,Office Supplies,Paper,326.52,3,0.1,104.23,30.63,Medium
ORD-2025-12302,2025-09-18,2025-09-21,Second Class,CUST-0191,Richard Rodriguez,Consumer,United States,South,North Carolina,Technology,Accessories,521.8,4,0.15,102.38,34.87,Low
ORD-2025-12303,2025-09-18,2025-09-18,Same Day,CUST-0120,Elizabeth Johnson,Consumer,United States,East,Pennsylvania,Technology,Accessories,1816.12,9,0.0,524.47,166.63,Critical
ORD-2025-12304,2025-09-19,2025-09-25,Standard Class,CUST-0375,John Thompson,Corporate,United States,Central,Michigan,Office Supplies,Fasteners,24.18,2,0.15,12.23,5.58,Medium
ORD-2025-12305,2025-09-19,2025-09-20,First Class,CUST-0316,Michael Jones,Consumer,United States,West,Oregon,Furniture,Furnishings,95.44,1,0.0,25.77,9.51,Medium
ORD-2025-12306,2025-09-19,2025-09-22,Second Class,CUST-0266,Karen Lopez,Consumer,United States,West,Nevada,Furniture,Chairs,1440.29,9,0.15,2.39,89.11,Medium
ORD-2025-12307,2025-09-20,2025-09-26,Standard Class,CUST-0292,James Brown,Corporate,United States,Central,Indiana,Office Supplies,Binders,129.32,3,0.2,29.59,10.97,High
ORD-2025-12308,2025-09-20,2025-09-21,First Class,CUST-0039,Lisa Johnson,Corporate,United States,East,New York,Furniture,Furnishings,712.2,8,0.3,-123.25,73.43,High
ORD-2025-12309,2025-09-20,2025-09-24,Second Class,CUST-0228,Nancy Williams,Corporate,United States,South,Georgia,Technology,Machines,1097.83,1,0.1,-69.57,47.41,Medium
ORD-2025-12310,2025-09-21,2025-09-28,Standard Class,CUST-0094,David Martin,Corporate,United States,West,California,Technology,Phones,1025.77,2,0.0,206.24,33.62,Medium
ORD-2025-12311,2025-09-21,2025-09-26,Standard Class,CUST-0104,Jennifer Moore,Consumer,United States,South,Virginia,Technology,Accessories,166.19,1,0.0,66.0,7.1,High
ORD-2025-12312,2025-09-22,2025-09-28,Standard Class,CUST-0306,Joseph Garcia,Home Office,United States,East,Massachusetts,Office Supplies,Labels,257.8,5,0.0,107.36,19.47,Low
ORD-2025-12313,2025-09-22,2025-09-28,Standard Class,CUST-0407,Daniel Wilson,Consumer,United States,South,Virginia,Furniture,Furnishings,597.5,6,0.1,112.82,31.43,Medium
ORD-2025-12314,2025-09-23,2025-09-30,Standard Class,CUST-0188,Richard Gonzalez,Corporate,United States,Central,Wisconsin,Office Supplies,Paper,330.62,3,0.0,144.31,16.61,High
ORD-2025-12315,2025-09-23,2025-09-25,First Class,CUST-0104,Jennifer Moore,Consumer,United States,South,North Carolina,Office Supplies,Fasteners,18.59,1,0.4,-5.4,5.52,Medium
ORD-2025-12316,2025-09-23,2025-09-26,Second Class,CUST-0304,Barbara Martinez,Consumer,United States,West,California,Technology,Machines,639.58,1,0.3,-226.84,29.08,Medium
ORD-2025-12317,2025-09-24,2025-09-29,Standard Class,CUST-0381,Joseph Miller,Home Office,United States,South,North Carolina,Technology,Copiers,9588.48,3,0.0,3789.87,275.83,High
ORD-2025-12318,2025-09-24,2025-09-25,First Class,CUST-0336,Richard Rodriguez,Consumer,United States,West,Arizona,Furniture,Bookcases,553.11,3,0.1,-42.01,42.41,High
ORD-2025-12319,2025-09-25,2025-10-01,Standard Class,CUST-0381,Joseph Miller,Home Office,United States,West,Nevada,Office Supplies,Envelopes,106.19,4,0.2,18.09,12.77,Medium
ORD-2025-12320,2025-09-25,2025-09-25,Same Day,CUST-0256,Barbara Wilson,Consumer,United States,East,Pennsylvania,Technology,Accessories,157.78,2,0.0,46.2,21.3,High
ORD-2025-12321,2025-09-27,2025-10-03,Standard Class,CUST-0339,John Smith,Consumer,United States,South,Georgia,Office Supplies,Binders,169.45,2,0.1,47.22,9.64,Critical
ORD-2025-12322,2025-09-29,2025-10-05,Standard Class,CUST-0075,Susan Thomas,Corporate,United States,East,Pennsylvania,Technology,Machines,529.76,1,0.0,22.19,17.28,High
ORD-2025-12323,2025-09-29,2025-10-04,Standard Class,CUST-0169,Robert Hernandez,Consumer,United States,South,Virginia,Technology,Copiers,6077.51,3,0.0,2360.56,177.52,Critical
ORD-2025-12324,2025-09-30,2025-10-02,First Class,CUST-0182,Barbara Rodriguez,Consumer,United States,Central,Texas,Office Supplies,Art,77.94,2,0.1,17.7,13.15,Medium
ORD-2025-12325,2025-09-30,2025-10-07,Standard Class,CUST-0246,Daniel Lee,Corporate,United States,West,Arizona,Technology,Accessories,289.67,7,0.7,-350.88,25.26,Critical
ORD-2025-12326,2025-10-01,2025-10-07,Standard Class,CUST-0414,Joseph Smith,Consumer,United States,South,Virginia,Office Supplies,Appliances,997.45,3,0.0,180.49,35.28,Medium
ORD-2025-12327,2025-10-01,2025-10-05,Second Class,CUST-0382,Elizabeth Garcia,Consumer,United States,West,Washington,Technology,Accessories,456.72,2,0.1,121.03,25.27,Medium
ORD-2025-12328,2025-10-01,2025-10-02,First Class,CUST-0073,Elizabeth Thompson,Home Office,United States,South,Florida,Office Supplies,Art,95.76,2,0.0,27.18,14.08,Medium
ORD-2025-12329,2025-10-03,2025-10-06,Second Class,CUST-0085,Thomas Johnson,Corporate,United States,West,Nevada,Office Supplies,Art,168.5,7,0.3,-26.29,31.24,High
ORD-2025-12330,2025-10-03,2025-10-04,First Class,CUST-0175,Linda Garcia,Corporate,United States,East,New Jersey,Office Supplies,Binders,25.17,1,0.3,0.48,5.86,Medium
ORD-2025-12331,2025-10-04,2025-10-10,Standard Class,CUST-0140,Richard Lee,Consumer,United States,East,Massachusetts,Technology,Copiers,3949.93,2,0.0,1675.21,115.5,Medium
ORD-2025-12332,2025-10-04,2025-10-09,Standard Class,CUST-0293,James Taylor,Corporate,United States,West,Washington,Technology,Accessories,731.84,8,0.3,12.25,40.09,High
ORD-2025-12333,2025-10-05,2025-10-11,Standard Class,CUST-0400,Elizabeth Brown,Consumer,United States,East,New York,Furniture,Furnishings,452.99,4,0.0,86.33,22.48,High
ORD-2025-12334,2025-10-05,2025-10-10,Standard Class,CUST-0434,Jessica Martinez,Home Office,United States,West,Colorado,Technology,Accessories,825.52,3,0.0,262.42,30.46,High
ORD-2025-12335,2025-10-05,2025-10-10,Standard Class,CUST-0304,Barbara Martinez,Consumer,United States,West,Arizona,Furniture,Tables,383.26,1,0.15,-49.02,13.18,High
ORD-2025-12336,2025-10-05,2025-10-06,First Class,CUST-0371,Jennifer Davis,Home Office,United States,West,Nevada,Furniture,Bookcases,1433.85,5,0.0,49.16,97.31,Low
ORD-2025-12337,2025-10-06,2025-10-13,Standard Class,CUST-0251,James Moore,Consumer,United States,East,Ohio,Technology,Copiers,2451.88,1,0.1,761.05,71.1,Critical
ORD-2025-12338,2025-10-06,2025-10-08,First Class,CUST-0104,Jennifer Moore,Consumer,United States,Central,Wisconsin,Office Supplies,Fasteners,16.87,1,0.15,-9.22,5.43,Medium
ORD-2025-12339,2025-10-06,2025-10-09,Second Class,CUST-0251,James Moore,Consumer,United States,East,Ohio,Office Supplies,Labels,17.9,1,0.0,3.59,4.22,Critical
ORD-2025-12340,2025-10-07,2025-10-09,First Class,CUST-0267,Christopher Hernandez,Corporate,United States,South,North Carolina,Office Supplies,Appliances,317.44,1,0.0,54.69,21.06,Medium
ORD-2025-12341,2025-10-08,2025-10-10,First Class,CUST-0334,Daniel Perez,Corporate,United States,Central,Wisconsin,Furniture,Furnishings,766.59,8,0.1,90.64,76.26,High
ORD-2025-12342,2025-10-08,2025-10-09,First Class,CUST-0111,Christopher Lopez,Consumer,United States,Central,Texas,Technology,Copiers,7699.09,3,0.0,3042.58,414.0,Critical
ORD-2025-12343,2025-10-09,2025-10-11,First Class,CUST-0177,Jessica Thomas,Corporate,United States,Central,Texas,Technology,Phones,1659.65,3,0.0,417.27,99.95,High
ORD-2025-12344,2025-10-09,2025-10-13,Second Class,CUST-0176,Joseph Lopez,Consumer,United States,East,New York,Technology,Machines,11356.87,8,0.0,1058.01,482.27,Critical
ORD-2025-12345,2025-10-09,2025-10-10,First Class,CUST-0434,Jessica Martinez,Home Office,United States,Central,Illinois,Technology,Accessories,99.53,1,0.2,14.46,9.73,Low
ORD-2025-12346,2025-10-09,2025-10-14,Standard Class,CUST-0209,Susan Smith,Home Office,United States,West,Colorado,Office Supplies,Binders,13.44,1,0.3,-0.12,2.83,Low
ORD-2025-12347,2025-10-10,2025-10-10,Same Day,CUST-0339,John Smith,Consumer,United States,South,Tennessee,Technology,Accessories,796.42,3,0.0,290.97,67.77,Medium
ORD-2025-12348,2025-10-10,2025-10-16,Standard Class,CUST-0338,Richard Williams,Home Office,United States,Central,Wisconsin,Technology,Accessories,341.69,3,0.0,125.1,16.92,Low
ORD-2025-12349,2025-10-10,2025-10-17,Standard Class,CUST-0127,Thomas Jackson,Consumer,United States,West,Oregon,Technology,Phones,1955.78,3,0.15,258.58,62.11,Medium
ORD-2025-12350,2025-10-11,2025-10-16,Standard Class,CUST-0275,Daniel Rodriguez,Consumer,United States,Central,Wisconsin,Technology,Phones,277.39,1,0.4,-70.06,10.22,Medium
ORD-2025-12351,2025-10-12,2025-10-17,Standard Class,CUST-0397,Richard Hernandez,Consumer,United States,West,Arizona,Technology,Copiers,5235.03,2,0.0,2238.91,151.48,High
ORD-2025-12352,2025-10-12,2025-10-17,Standard Class,CUST-0228,Nancy Williams,Corporate,United States,West,Arizona,Furniture,Bookcases,458.79,2,0.3,-198.37,17.75,Low
ORD-2025-12353,2025-10-13,2025-10-18,Standard Class,CUST-0426,Jennifer Gonzalez,Home Office,United States,West,Nevada,Furniture,Bookcases,324.41,2,0.1,-31.69,13.98,Medium
ORD-2025-12354,2025-10-13,2025-10-17,Second Class,CUST-0107,Barbara Smith,Consumer,United States,Central,Indiana,Technology,Copiers,909.48,1,0.4,-42.5,39.88,Low
ORD-2025-12355,2025-10-13,2025-10-16,Second Class,CUST-0029,Nancy Jones,Corporate,United States,Central,Michigan,Technology,Accessories,468.45,2,0.0,148.62,25.74,Low
ORD-2025-12356,2025-10-13,2025-10-16,Second Class,CUST-0393,David Jones,Consumer,United States,Central,Michigan,Furniture,Chairs,495.93,2,0.5,-363.49,26.84,Critical
ORD-2025-12357,2025-10-14,2025-10-18,Second Class,CUST-0373,Nancy Smith,Corporate,United States,West,Washington,Furniture,Chairs,362.46,2,0.0,55.01,21.5,Medium
ORD-2025-12358,2025-10-14,2025-10-19,Standard Class,CUST-0448,Elizabeth Martinez,Consumer,United States,East,Massachusetts,Technology,Copiers,13750.27,9,0.4,-686.2,407.06,Critical
ORD-2025-12359,2025-10-16,2025-10-21,Standard Class,CUST-0309,Barbara Lee,Consumer,United States,Central,Texas,Office Supplies,Paper,782.97,7,0.1,287.15,39.07,High
ORD-2025-12360,2025-10-16,2025-10-23,Standard Class,CUST-0421,Joseph Thomas,Home Office,United States,West,Arizona,Furniture,Tables,440.96,3,0.1,-14.92,19.7,Medium
ORD-2025-12361,2025-10-17,2025-10-19,First Class,CUST-0366,Thomas Brown,Consumer,United States,Central,Michigan,Furniture,Chairs,1779.52,9,0.2,-228.33,133.49,Low
ORD-2025-12362,2025-10-17,2025-10-23,Standard Class,CUST-0373,Nancy Smith,Corporate,United States,West,Colorado,Office Supplies,Art,293.2,10,0.15,31.3,32.71,Medium
ORD-2025-12363,2025-10-18,2025-10-25,Standard Class,CUST-0271,James Taylor,Corporate,United States,West,Oregon,Furniture,Tables,376.97,2,0.1,-38.44,15.46,Medium
ORD-2025-12364,2025-10-18,2025-10-23,Standard Class,CUST-0181,William Brown,Consumer,United States,East,Massachusetts,Office Supplies,Paper,154.69,2,0.0,62.67,9.23,Medium
ORD-2025-12365,2025-10-18,2025-10-22,Second Class,CUST-0419,Elizabeth Taylor,Consumer,United States,Central,Texas,Office Supplies,Supplies,112.66,8,0.2,-30.83,32.51,Medium
ORD-2025-12366,2025-10-19,2025-10-24,Standard Class,CUST-0204,Thomas Hernandez,Home Office,United States,West,Washington,Technology,Phones,639.14,3,0.4,-190.07,25.25,High
ORD-2025-12367,2025-10-19,2025-10-21,First Class,CUST-0257,Patricia Smith,Consumer,United States,West,California,Office Supplies,Binders,102.02,1,0.0,35.76,9.86,Low
ORD-2025-12368,2025-10-20,2025-10-23,Second Class,CUST-0210,Richard Anderson,Consumer,United States,West,Washington,Technology,Accessories,867.36,4,0.1,258.15,48.69,Low
ORD-2025-12369,2025-10-21,2025-10-28,Standard Class,CUST-0269,John Martin,Home Office,United States,West,Washington,Technology,Accessories,174.86,1,0.3,3.03,7.35,Medium
ORD-2025-12370,2025-10-22,2025-10-27,Standard Class,CUST-0227,Joseph Smith,Consumer,United States,West,Nevada,Office Supplies,Supplies,39.32,2,0.15,-9.32,6.0,Medium
ORD-2025-12371,2025-10-25,2025-10-30,Standard Class,CUST-0022,William Garcia,Corporate,United States,East,Massachusetts,Office Supplies,Paper,30.97,1,0.2,8.6,3.32,Medium
ORD-2025-12372,2025-10-25,2025-10-28,Second Class,CUST-0389,Daniel Thomas,Corporate,United States,Central,Texas,Office Supplies,Envelopes,27.85,1,0.3,0.73,4.61,Medium
ORD-2025-12373,2025-10-27,2025-10-29,First Class,CUST-0209,Susan Smith,Home Office,United States,East,Massachusetts,Technology,Accessories,72.89,1,0.2,11.66,8.34,Low
ORD-2025-12374,2025-10-27,2025-11-03,Standard Class,CUST-0286,Mary Johnson,Consumer,United States,Central,Michigan,Furniture,Chairs,2679.36,6,0.15,-1.75,89.72,Medium
ORD-2025-12375,2025-10-27,2025-11-02,Standard Class,CUST-0075,Susan Thomas,Corporate,United States,Central,Indiana,Furniture,Chairs,449.29,2,0.5,-351.39,17.48,Medium
ORD-2025-12376,2025-10-28,2025-10-29,First Class,CUST-0005,Elizabeth Martinez,Corporate,United States,West,Oregon,Technology,Accessories,51.78,1,0.3,-1.58,7.24,Critical
ORD-2025-12377,2025-10-28,2025-11-03,Standard Class,CUST-0120,Elizabeth Johnson,Consumer,United States,West,Colorado,Office Supplies,Appliances,287.88,1,0.2,-18.35,10.51,High
ORD-2025-12378,2025-10-28,2025-10-31,Second Class,CUST-0318,Sarah Hernandez,Consumer,United States,South,Georgia,Technology,Accessories,795.49,3,0.0,251.28,42.32,Medium
ORD-2025-12379,2025-10-29,2025-10-30,First Class,CUST-0045,William Anderson,Consumer,United States,West,Oregon,Technology,Phones,3694.99,10,0.0,883.23,237.64,Critical
ORD-2025-12380,2025-10-30,2025-11-04,Standard Class,CUST-0407,Daniel Wilson,Consumer,United States,West,California,Technology,Phones,660.01,1,0.1,81.42,20.93,Medium
ORD-2025-12381,2025-10-30,2025-11-05,Standard Class,CUST-0107,Barbara Smith,Consumer,United States,West,California,Furniture,Bookcases,178.6,1,0.15,-18.86,7.45,Critical
ORD-2025-12382,2025-10-30,2025-11-01,First Class,CUST-0102,Mary Hernandez,Home Office,United States,Central,Indiana,Office Supplies,Envelopes,103.51,2,0.0,40.04,14.48,Medium
ORD-2025-12383,2025-10-30,2025-11-06,Standard Class,CUST-0087,David Martinez,Corporate,United States,East,Pennsylvania,Technology,Machines,4485.29,3,0.0,7.28,132.94,High
ORD-2025-12384,2025-11-01,2025-11-08,Standard Class,CUST-0007,Lisa Martinez,Consumer,United States,South,Virginia,Office Supplies,Labels,64.64,2,0.0,29.75,6.71,Medium
ORD-2025-12385,2025-11-01,2025-11-04,Second Class,CUST-0347,Nancy Johnson,Corporate,United States,South,Florida,Technology,Copiers,5559.61,2,0.2,1637.72,229.38,Medium
ORD-2025-12386,2025-11-01,2025-11-06,Standard Class,CUST-0382,Elizabeth Garcia,Consumer,United States,East,Pennsylvania,Furniture,Bookcases,287.99,2,0.3,-115.63,12.96,High
ORD-2025-12387,2025-11-01,2025-11-08,Standard Class,CUST-0293,James Taylor,Corporate,United States,East,Massachusetts,Office Supplies,Art,96.97,2,0.3,-2.1,7.62,Medium
ORD-2025-12388,2025-11-01,2025-11-04,Second Class,CUST-0093,Jennifer Taylor,Home Office,United States,West,Washington,Technology,Phones,7175.8,7,0.0,1596.51,311.53,Medium
ORD-2025-12389,2025-11-01,2025-11-06,Standard Class,CUST-0136,Richard Johnson,Consumer,United States,West,Arizona,Furniture,Bookcases,235.52,1,0.0,15.08,9.04,Medium
ORD-2025-12390,2025-11-01,2025-11-08,Standard Class,CUST-0228,Nancy Williams,Corporate,United States,West,Washington,Office Supplies,Fasteners,20.51,1,0.0,2.63,3.02,Medium
ORD-2025-12391,2025-11-01,2025-11-02,First Class,CUST-0429,Joseph Moore,Consumer,United States,West,Oregon,Furniture,Tables,1473.75,5,0.0,36.38,99.38,High
ORD-2025-12392,2025-11-01,2025-11-04,Second Class,CUST-0120,Elizabeth Johnson,Consumer,United States,West,Arizona,Furniture,Bookcases,1513.87,5,0.15,-102.43,78.05,High
ORD-2025-12393,2025-11-01,2025-11-08,Standard Class,CUST-0329,Nancy Taylor,Corporate,United States,West,Colorado,Office Supplies,Supplies,52.54,1,0.0,-1.19,3.92,Medium
ORD-2025-12394,2025-11-01,2025-11-04,Second Class,CUST-0208,Sarah Thompson,Home Office,United States,West,Nevada,Office Supplies,Fasteners,281.71,9,0.0,94.05,42.77,Medium
ORD-2025-12395,2025-11-01,2025-11-06,Standard Class,CUST-0143,Jessica Johnson,Corporate,United States,South,Georgia,Technology,Machines,4556.66,4,0.0,102.22,137.39,Critical
ORD-2025-12396,2025-11-02,2025-11-06,Second Class,CUST-0219,Nancy Martin,Consumer,United States,East,New Jersey,Office Supplies,Storage,376.47,2,0.0,77.96,22.06,Medium
ORD-2025-12397,2025-11-02,2025-11-09,Standard Class,CUST-0029,Nancy Jones,Corporate,United States,South,Georgia,Technology,Machines,2097.37,2,0.0,64.47,63.63,High
ORD-2025-12398,2025-11-02,2025-11-09,Standard Class,CUST-0356,Christopher White,Consumer,United States,East,New York,Technology,Machines,2094.15,2,0.1,-120.76,63.54,Medium
ORD-2025-12399,2025-11-02,2025-11-08,Standard Class,CUST-0119,Sarah Moore,Consumer,United States,East,New York,Technology,Accessories,145.62,1,0.0,51.37,6.53,Medium
ORD-2025-12400,2025-11-02,2025-11-07,Standard Class,CUST-0328,James Thomas,Consumer,United States,East,Massachusetts,Office Supplies,Supplies,153.4,2,0.1,-5.88,9.2,High
ORD-2025-12401,2025-11-02,2025-11-06,Second Class,CUST-0029,Nancy Jones,Corporate,United States,West,Colorado,Furniture,Bookcases,371.62,3,0.0,13.09,25.36,Critical
ORD-2025-12402,2025-11-02,2025-11-09,Standard Class,CUST-0430,Karen Wilson,Home Office,United States,West,California,Technology,Accessories,691.57,5,0.1,210.13,31.61,High
ORD-2025-12403,2025-11-03,2025-11-07,Second Class,CUST-0094,David Martin,Corporate,United States,South,Tennessee,Technology,Accessories,145.53,2,0.7,-183.23,12.82,High
ORD-2025-12404,2025-11-03,2025-11-07,Second Class,CUST-0389,Daniel Thomas,Corporate,United States,South,Tennessee,Office Supplies,Envelopes,84.79,2,0.1,31.6,10.39,Medium
ORD-2025-12405,2025-11-03,2025-11-07,Second Class,CUST-0361,Christopher Jackson,Consumer,United States,West,Washington,Furniture,Furnishings,132.13,2,0.15,6.93,12.29,Medium
ORD-2025-12406,2025-11-03,2025-11-09,Standard Class,CUST-0435,Sarah Taylor,Consumer,United States,West,Nevada,Technology,Phones,2297.19,3,0.3,-206.33,71.67,Medium
ORD-2025-12407,2025-11-04,2025-11-11,Standard Class,CUST-0228,Nancy Williams,Corporate,United States,East,Ohio,Office Supplies,Fasteners,106.22,4,0.0,37.36,12.77,Medium
ORD-2025-12408,2025-11-04,2025-11-07,Second Class,CUST-0328,James Thomas,Consumer,United States,West,Washington,Furniture,Bookcases,617.85,2,0.0,0.09,31.71,High
ORD-2025-12409,2025-11-04,2025-11-08,Second Class,CUST-0177,Jessica Thomas,Corporate,United States,East,New Jersey,Technology,Phones,988.01,3,0.0,264.15,50.02,Medium
ORD-2025-12410,2025-11-04,2025-11-07,Second Class,CUST-0089,Joseph Rodriguez,Corporate,United States,West,California,Furniture,Tables,524.04,2,0.0,-27.01,27.96,High
ORD-2025-12411,2025-11-04,2025-11-07,Second Class,CUST-0208,Sarah Thompson,Home Office,United States,East,Pennsylvania,Office Supplies,Storage,884.39,4,0.15,122.86,49.38,Medium
ORD-2025-12412,2025-11-05,2025-11-08,Second Class,CUST-0083,Jessica Gonzalez,Consumer,United States,West,Nevada,Office Supplies,Envelopes,10.49,1,0.0,-3.99,3.92,Low
ORD-2025-12413,2025-11-05,2025-11-11,Standard Class,CUST-0441,William Taylor,Corporate,United States,East,Massachusetts,Technology,Accessories,239.96,2,0.3,-6.86,11.62,Medium
ORD-2025-12414,2025-11-05,2025-11-07,First Class,CUST-0042,John Miller,Consumer,United States,West,Colorado,Technology,Machines,1732.32,2,0.0,79.42,99.18,High
ORD-2025-12415,2025-11-05,2025-11-11,Standard Class,CUST-0286,Mary Johnson,Consumer,United States,East,Massachusetts,Technology,Copiers,6880.32,6,0.3,1017.47,207.35,High
ORD-2025-12416,2025-11-05,2025-11-12,Standard Class,CUST-0298,Lisa Gonzalez,Corporate,United States,South,Tennessee,Furniture,Bookcases,649.0,3,0.4,-415.45,25.52,High
ORD-2025-12417,2025-11-05,2025-11-05,Same Day,CUST-0256,Barbara Wilson,Consumer,United States,East,New Jersey,Office Supplies,Envelopes,132.11,8,0.7,-160.55,53.26,Medium
ORD-2025-12418,2025-11-06,2025-11-12,Standard Class,CUST-0306,Joseph Garcia,Home Office,United States,South,North Carolina,Technology,Accessories,131.44,1,0.2,20.19,6.13,Medium
ORD-2025-12419,2025-11-06,2025-11-07,First Class,CUST-0055,Charles Garcia,Consumer,United States,South,Tennessee,Office Supplies,Appliances,295.08,2,0.0,54.97,24.44,High
ORD-2025-12420,2025-11-06,2025-11-11,Standard Class,CUST-0267,Christopher Hernandez,Corporate,United States,South,Georgia,Office Supplies,Labels,29.18,2,0.15,18.16,5.72,Critical
ORD-2025-12421,2025-11-06,2025-11-06,Same Day,CUST-0137,Mary Thomas,Corporate,United States,Central,Texas,Office Supplies,Supplies,142.8,3,0.0,14.03,25.94,High
ORD-2025-12422,2025-11-06,2025-11-08,First Class,CUST-0421,Joseph Thomas,Home Office,United States,Central,Indiana,Office Supplies,Binders,200.09,5,0.3,8.25,33.15,Medium
ORD-2025-12423,2025-11-06,2025-11-11,Standard Class,CUST-0345,Karen Jackson,Corporate,United States,South,Virginia,Furniture,Bookcases,1611.75,5,0.0,94.81,57.38,Medium
ORD-2025-12424,2025-11-06,2025-11-10,Second Class,CUST-0435,Sarah Taylor,Consumer,United States,West,Nevada,Technology,Accessories,218.81,4,0.0,85.66,22.75,High
ORD-2025-12425,2025-11-06,2025-11-11,Standard Class,CUST-0018,William Rodriguez,Consumer,United States,East,New Jersey,Office Supplies,Paper,282.47,3,0.3,45.69,15.26,Low
ORD-2025-12426,2025-11-06,2025-11-10,Second Class,CUST-0134,William Brown,Consumer,United States,South,North Carolina,Office Supplies,Appliances,2258.18,8,0.0,475.54,118.33,Medium
ORD-2025-12427,2025-11-06,2025-11-12,Standard Class,CUST-0097,James Brown,Consumer,United States,Central,Michigan,Technology,Phones,913.71,2,0.0,223.63,30.48,High
ORD-2025-12428,2025-11-06,2025-11-11,Standard Class,CUST-0007,Lisa Martinez,Consumer,United States,South,Tennessee,Office Supplies,Art,291.67,5,0.0,77.12,20.42,Medium
ORD-2025-12429,2025-11-06,2025-11-12,Standard Class,CUST-0119,Sarah Moore,Consumer,United States,Central,Michigan,Technology,Machines,6973.69,7,0.15,-620.13,212.41,Critical
ORD-2025-12430,2025-11-07,2025-11-13,Standard Class,CUST-0309,Barbara Lee,Consumer,United States,South,Georgia,Technology,Accessories,345.11,3,0.15,84.53,17.01,High
ORD-2025-12431,2025-11-08,2025-11-15,Standard Class,CUST-0115,Joseph Garcia,Consumer,United States,Central,Wisconsin,Technology,Phones,3446.53,4,0.15,360.13,106.3,Medium
ORD-2025-12432,2025-11-08,2025-11-13,Standard Class,CUST-0244,William Miller,Consumer,United States,Central,Michigan,Office Supplies,Appliances,212.51,2,0.3,-38.03,10.85,Medium
ORD-2025-12433,2025-11-08,2025-11-13,Standard Class,CUST-0391,Jennifer Garcia,Consumer,United States,East,New Jersey,Furniture,Furnishings,98.4,1,0.0,7.12,5.21,High
ORD-2025-12434,2025-11-08,2025-11-08,Same Day,CUST-0313,Joseph Miller,Consumer,United States,South,North Carolina,Technology,Phones,1500.2,3,0.1,160.54,112.81,High
ORD-2025-12435,2025-11-08,2025-11-15,Standard Class,CUST-0185,Richard Miller,Consumer,United States,South,Florida,Office Supplies,Binders,86.3,1,0.15,17.94,4.87,High
ORD-2025-12436,2025-11-08,2025-11-13,Standard Class,CUST-0177,Jessica Thomas,Corporate,United States,South,Tennessee,Office Supplies,Supplies,126.94,2,0.15,-3.01,8.45,Medium
ORD-2025-12437,2025-11-08,2025-11-14,Standard Class,CUST-0219,Nancy Martin,Consumer,United States,Central,Michigan,Office Supplies,Storage,585.42,6,0.0,97.46,31.09,High
ORD-2025-12438,2025-11-08,2025-11-09,First Class,CUST-0087,David Martinez,Corporate,United States,West,Oregon,Technology,Machines,364.48,1,0.0,6.46,23.5,Critical
ORD-2025-12439,2025-11-09,2025-11-13,Second Class,CUST-0299,Lisa Hernandez,Consumer,United States,West,Colorado,Technology,Copiers,1693.59,1,0.0,707.49,71.24,Low
ORD-2025-12440,2025-11-09,2025-11-13,Second Class,CUST-0176,Joseph Lopez,Consumer,United States,South,Georgia,Furniture,Chairs,778.08,3,0.0,99.66,41.62,Medium
ORD-2025-12441,2025-11-09,2025-11-13,Second Class,CUST-0373,Nancy Smith,Corporate,United States,East,New Jersey,Office Supplies,Labels,91.65,2,0.0,43.83,10.67,Medium
ORD-2025-12442,2025-11-09,2025-11-15,Standard Class,CUST-0341,Mary Williams,Consumer,United States,West,Nevada,Furniture,Tables,1067.42,2,0.0,57.47,34.79,Medium
ORD-2025-12443,2025-11-09,2025-11-11,First Class,CUST-0292,James Brown,Corporate,United States,West,Washington,Furniture,Chairs,1030.38,2,0.0,144.3,62.68,Medium
ORD-2025-12444,2025-11-09,2025-11-14,Standard Class,CUST-0176,Joseph Lopez,Consumer,United States,South,Georgia,Office Supplies,Art,26.31,1,0.0,13.19,3.19,High
ORD-2025-12445,2025-11-09,2025-11-16,Standard Class,CUST-0105,Mary Johnson,Home Office,United States,South,Florida,Technology,Phones,996.72,1,0.2,74.35,30.36,Medium
ORD-2025-12446,2025-11-09,2025-11-16,Standard Class,CUST-0347,Nancy Johnson,Corporate,United States,Central,Wisconsin,Office Supplies,Fasteners,82.13,6,0.3,1.83,17.0,Medium
ORD-2025-12447,2025-11-09,2025-11-11,First Class,CUST-0229,Jennifer Perez,Consumer,United States,Central,Indiana,Furniture,Bookcases,230.76,1,0.0,27.93,16.55,Critical
ORD-2025-12448,2025-11-09,2025-11-16,Standard Class,CUST-0114,Sarah Jackson,Corporate,United States,East,Pennsylvania,Technology,Accessories,361.59,2,0.1,106.73,15.02,Medium
ORD-2025-12449,2025-11-10,2025-11-17,Standard Class,CUST-0097,James Brown,Consumer,United States,West,Washington,Technology,Copiers,16168.85,9,0.4,-310.14,474.78,Critical
ORD-2025-12450,2025-11-10,2025-11-17,Standard Class,CUST-0083,Jessica Gonzalez,Consumer,United States,West,Colorado,Office Supplies,Fasteners,148.7,5,0.1,42.54,16.41,Medium
ORD-2025-12451,2025-11-10,2025-11-14,Second Class,CUST-0347,Nancy Johnson,Corporate,United States,South,Tennessee,Office Supplies,Art,17.29,1,0.7,-24.33,4.19,Medium
ORD-2025-12452,2025-11-10,2025-11-14,Second Class,CUST-0115,Joseph Garcia,Consumer,United States,West,Washington,Technology,Copiers,8658.23,3,0.0,3164.25,356.83,Medium
ORD-2025-12453,2025-11-10,2025-11-16,Standard Class,CUST-0252,Charles Rodriguez,Consumer,United States,Central,Illinois,Technology,Accessories,196.48,4,0.3,2.46,15.3,Critical
ORD-2025-12454,2025-11-10,2025-11-15,Standard Class,CUST-0212,Karen Martinez,Consumer,United States,East,Ohio,Technology,Copiers,7679.56,4,0.1,2630.34,224.83,Critical
ORD-2025-12455,2025-11-11,2025-11-15,Second Class,CUST-0279,Susan Smith,Consumer,United States,East,New York,Office Supplies,Appliances,1367.83,4,0.0,345.41,68.71,High
ORD-2025-12456,2025-11-11,2025-11-18,Standard Class,CUST-0384,William Jackson,Corporate,United States,South,North Carolina,Office Supplies,Paper,44.2,2,0.5,-7.95,6.14,Medium
ORD-2025-12457,2025-11-11,2025-11-18,Standard Class,CUST-0380,Charles White,Corporate,United States,West,Nevada,Office Supplies,Art,30.18,1,0.5,-20.18,3.3,Medium
ORD-2025-12458,2025-11-11,2025-11-15,Second Class,CUST-0211,Michael Anderson,Consumer,United States,Central,Texas,Office Supplies,Art,107.89,2,0.0,27.33,11.32,High
ORD-2025-12459,2025-11-11,2025-11-16,Standard Class,CUST-0007,Lisa Martinez,Consumer,United States,West,Arizona,Technology,Phones,2088.33,3,0.4,-532.27,65.82,Low
ORD-2025-12460,2025-11-12,2025-11-19,Standard Class,CUST-0204,Thomas Hernandez,Home Office,United States,West,California,Technology,Copiers,11835.2,3,0.0,4051.31,338.74,Low
ORD-2025-12461,2025-11-12,2025-11-18,Standard Class,CUST-0291,Christopher Martinez,Consumer,United States,East,New Jersey,Furniture,Chairs,322.56,1,0.15,-7.35,11.48,Critical
ORD-2025-12462,2025-11-12,2025-11-15,Second Class,CUST-0267,Christopher Hernandez,Corporate,United States,West,Nevada,Technology,Copiers,2359.78,1,0.0,1114.58,97.89,High
ORD-2025-12463,2025-11-12,2025-11-16,Second Class,CUST-0304,Barbara Martinez,Consumer,United States,Central,Texas,Technology,Copiers,24900.06,8,0.0,10224.83,1024.0,Medium
ORD-2025-12464,2025-11-13,2025-11-14,First Class,CUST-0080,James Jones,Corporate,United States,East,New Jersey,Technology,Phones,1006.32,1,0.2,25.28,56.88,Medium
ORD-2025-12465,2025-11-13,2025-11-19,Standard Class,CUST-0302,William Martin,Consumer,United States,West,Washington,Office Supplies,Labels,62.43,2,0.0,34.53,6.65,Medium
ORD-2025-12466,2025-11-13,2025-11-15,First Class,CUST-0088,John Taylor,Home Office,United States,West,Oregon,Furniture,Tables,1774.46,4,0.0,73.62,110.47,Medium
ORD-2025-12467,2025-11-14,2025-11-18,Second Class,CUST-0338,Richard Williams,Home Office,United States,Central,Texas,Technology,Phones,1838.79,2,0.0,382.04,80.55,Medium
ORD-2025-12468,2025-11-14,2025-11-21,Standard Class,CUST-0164,Barbara Perez,Consumer,United States,Central,Illinois,Furniture,Chairs,485.77,1,0.0,101.61,16.05,Medium
ORD-2025-12469,2025-11-14,2025-11-21,Standard Class,CUST-0319,Joseph Lee,Consumer,United States,East,New Jersey,Technology,Machines,1070.85,2,0.15,-123.22,34.88,High
ORD-2025-12470,2025-11-14,2025-11-20,Standard Class,CUST-0022,William Garcia,Corporate,United States,East,New Jersey,Office Supplies,Paper,186.59,3,0.0,75.54,12.57,High
ORD-2025-12471,2025-11-15,2025-11-16,First Class,CUST-0191,Richard Rodriguez,Consumer,United States,Central,Indiana,Office Supplies,Fasteners,39.78,2,0.2,-6.78,11.17,Medium
ORD-2025-12472,2025-11-15,2025-11-20,Standard Class,CUST-0318,Sarah Hernandez,Consumer,United States,Central,Texas,Technology,Machines,7357.76,7,0.0,97.78,223.17,Medium
ORD-2025-12473,2025-11-15,2025-11-16,First Class,CUST-0114,Sarah Jackson,Corporate,United States,West,Arizona,Furniture,Chairs,751.64,2,0.0,83.22,48.19,High
ORD-2025-12474,2025-11-15,2025-11-18,Second Class,CUST-0356,Christopher White,Consumer,United States,Central,Texas,Furniture,Tables,1491.14,4,0.0,-28.13,73.65,Low
ORD-2025-12475,2025-11-15,2025-11-21,Standard Class,CUST-0299,Lisa Hernandez,Consumer,United States,Central,Illinois,Technology,Machines,737.48,1,0.15,-120.48,23.1,Medium
ORD-2025-12476,2025-11-15,2025-11-21,Standard Class,CUST-0286,Mary Johnson,Consumer,United States,Central,Texas,Technology,Copiers,4954.09,2,0.0,1873.25,143.61,High
ORD-2025-12477,2025-11-15,2025-11-21,Standard Class,CUST-0172,Susan Hernandez,Home Office,United States,Central,Indiana,Office Supplies,Binders,288.26,4,0.1,85.68,17.87,Medium
ORD-2025-12478,2025-11-15,2025-11-20,Standard Class,CUST-0229,Jennifer Perez,Consumer,United States,South,North Carolina,Technology,Machines,830.48,1,0.0,32.18,25.7,Medium
ORD-2025-12479,2025-11-15,2025-11-20,Standard Class,CUST-0290,Patricia Wilson,Corporate,United States,West,California,Furniture,Furnishings,173.67,3,0.3,-23.01,12.21,Medium
ORD-2025-12480,2025-11-15,2025-11-20,Standard Class,CUST-0228,Nancy Williams,Corporate,United States,South,North Carolina,Office Supplies,Art,32.57,1,0.0,8.75,3.36,Medium
ORD-2025-12481,2025-11-16,2025-11-18,First Class,CUST-0315,Elizabeth Thomas,Home Office,United States,East,New York,Technology,Copiers,1976.62,1,0.2,459.69,107.33,Critical
ORD-2025-12482,2025-11-16,2025-11-23,Standard Class,CUST-0205,Thomas Jackson,Consumer,United States,Central,Illinois,Technology,Phones,1696.06,3,0.0,469.08,54.84,Critical
ORD-2025-12483,2025-11-16,2025-11-22,Standard Class,CUST-0102,Mary Hernandez,Home Office,United States,West,Nevada,Office Supplies,Appliances,1211.18,4,0.0,228.54,43.71,Medium
ORD-2025-12484,2025-11-16,2025-11-19,Second Class,CUST-0106,Elizabeth Thomas,Corporate,United States,East,Pennsylvania,Technology,Accessories,63.83,1,0.0,27.66,6.05,Medium
ORD-2025-12485,2025-11-16,2025-11-22,Standard Class,CUST-0005,Elizabeth Martinez,Corporate,United States,Central,Indiana,Office Supplies,Storage,790.11,7,0.0,204.66,39.27,Medium
ORD-2025-12486,2025-11-16,2025-11-22,Standard Class,CUST-0148,Daniel Brown,Corporate,United States,Central,Indiana,Office Supplies,Storage,96.45,1,0.1,17.76,5.15,Medium
ORD-2025-12487,2025-11-17,2025-11-20,Second Class,CUST-0337,Michael Rodriguez,Consumer,United States,West,Nevada,Office Supplies,Storage,83.77,1,0.5,-54.3,6.85,Medium
ORD-2025-12488,2025-11-17,2025-11-21,Second Class,CUST-0355,Charles Rodriguez,Home Office,United States,East,Massachusetts,Office Supplies,Storage,51.62,1,0.0,17.2,5.56,Medium
ORD-2025-12489,2025-11-17,2025-11-24,Standard Class,CUST-0102,Mary Hernandez,Home Office,United States,West,Colorado,Office Supplies,Fasteners,15.3,1,0.1,8.37,2.88,Medium
ORD-2025-12490,2025-11-17,2025-11-18,First Class,CUST-0434,Jessica Martinez,Home Office,United States,South,Florida,Office Supplies,Envelopes,11.32,1,0.0,2.23,5.14,High
ORD-2025-12491,2025-11-17,2025-11-18,First Class,CUST-0242,Karen Jones,Consumer,United States,South,Tennessee,Office Supplies,Appliances,1274.01,5,0.0,235.5,89.0,Medium
ORD-2025-12492,2025-11-17,2025-11-18,First Class,CUST-0410,Jessica Miller,Consumer,United States,West,Washington,Office Supplies,Fasteners,42.09,3,0.0,13.49,15.84,High
ORD-2025-12493,2025-11-17,2025-11-21,Second Class,CUST-0318,Sarah Hernandez,Consumer,United States,South,Virginia,Office Supplies,Paper,39.06,2,0.3,2.98,8.56,Medium
ORD-2025-12494,2025-11-17,2025-11-22,Standard Class,CUST-0327,Lisa Jackson,Corporate,United States,South,Florida,Office Supplies,Fasteners,175.19,8,0.0,52.51,24.51,Critical
ORD-2025-12495,2025-11-17,2025-11-17,Same Day,CUST-0033,Karen Moore,Consumer,United States,East,Pennsylvania,Technology,Accessories,376.29,2,0.2,39.02,35.28,Medium
ORD-2025-12496,2025-11-17,2025-11-21,Second Class,CUST-0111,Christopher Lopez,Consumer,United States,Central,Wisconsin,Office Supplies,Appliances,243.87,1,0.0,44.52,13.25,Medium
ORD-2025-12497,2025-11-18,2025-11-24,Standard Class,CUST-0006,Charles Smith,Corporate,United States,East,Ohio,Technology,Phones,688.52,2,0.0,147.46,24.18,Medium
ORD-2025-12498,2025-11-18,2025-11-24,Standard Class,CUST-0325,Richard Davis,Consumer,United States,Central,Indiana,Technology,Accessories,100.35,1,0.0,32.03,5.26,Low
ORD-2025-12499,2025-11-18,2025-11-24,Standard Class,CUST-0168,Christopher Lopez,Home Office,United States,East,Ohio,Technology,Accessories,174.18,3,0.0,62.67,12.23,Critical
ORD-2025-12500,2025-11-18,2025-11-22,Second Class,CUST-0351,Karen Rodriguez,Consumer,United States,East,Ohio,Office Supplies,Envelopes,102.52,2,0.0,39.09,11.1,High
ORD-2025-12501,2025-11-19,2025-11-23,Second Class,CUST-0163,John Williams,Consumer,United States,East,Pennsylvania,Technology,Machines,3609.25,3,0.0,152.07,154.87,Medium
ORD-2025-12502,2025-11-19,2025-11-23,Second Class,CUST-0363,Susan White,Home Office,United States,West,Washington,Office Supplies,Art,172.26,4,0.0,47.64,20.89,Medium
ORD-2025-12503,2025-11-19,2025-11-26,Standard Class,CUST-0072,Patricia Martin,Consumer,United States,South,Virginia,Furniture,Tables,1264.04,5,0.2,-243.97,47.64,Critical
ORD-2025-12504,2025-11-19,2025-11-20,First Class,CUST-0085,Thomas Johnson,Corporate,United States,East,New York,Technology,Machines,2515.41,4,0.0,168.81,149.0,High
ORD-2025-12505,2025-11-19,2025-11-25,Standard Class,CUST-0165,Thomas Brown,Home Office,United States,East,New Jersey,Furniture,Tables,573.21,1,0.15,-51.72,18.5,Medium
ORD-2025-12506,2025-11-19,2025-11-21,First Class,CUST-0191,Richard Rodriguez,Consumer,United States,South,North Carolina,Office Supplies,Storage,104.11,1,0.0,22.87,9.96,Medium
ORD-2025-12507,2025-11-20,2025-11-26,Standard Class,CUST-0170,Karen Williams,Consumer,United States,East,Ohio,Office Supplies,Art,24.76,3,0.3,-5.31,8.04,High
ORD-2025-12508,2025-11-20,2025-11-26,Standard Class,CUST-0345,Karen Jackson,Corporate,United States,East,New York,Technology,Copiers,1846.92,1,0.0,771.26,54.16,Medium
ORD-2025-12509,2025-11-20,2025-11-22,First Class,CUST-0042,John Miller,Consumer,United States,South,Georgia,Technology,Phones,338.22,1,0.0,92.88,22.14,Medium
ORD-2025-12510,2025-11-20,2025-11-25,Standard Class,CUST-0172,Susan Hernandez,Home Office,United States,South,North Carolina,Office Supplies,Supplies,25.69,3,0.5,-24.82,8.07,Medium
ORD-2025-12511,2025-11-21,2025-11-22,First Class,CUST-0369,John Anderson,Corporate,United States,West,Colorado,Technology,Copiers,2044.09,2,0.0,672.46,115.39,Medium
ORD-2025-12512,2025-11-21,2025-11-27,Standard Class,CUST-0029,Nancy Jones,Corporate,United States,East,Massachusetts,Technology,Phones,3876.11,4,0.1,536.55,118.33,High
ORD-2025-12513,2025-11-21,2025-11-27,Standard Class,CUST-0423,William Hernandez,Consumer,United States,South,Tennessee,Technology,Machines,2767.3,2,0.1,-218.48,82.38,Critical
ORD-2025-12514,2025-11-22,2025-11-28,Standard Class,CUST-0443,Thomas Anderson,Consumer,United States,East,Pennsylvania,Office Supplies,Appliances,896.43,9,0.0,171.53,47.15,High
ORD-2025-12515,2025-11-22,2025-11-25,Second Class,CUST-0036,Patricia Jones,Corporate,United States,East,New York,Technology,Copiers,6811.07,4,0.4,80.19,286.44,High
ORD-2025-12516,2025-11-22,2025-11-29,Standard Class,CUST-0140,Richard Lee,Consumer,United States,West,Washington,Furniture,Furnishings,29.52,1,0.2,-3.9,3.28,Low
ORD-2025-12517,2025-11-22,2025-11-28,Standard Class,CUST-0177,Jessica Thomas,Corporate,United States,West,Arizona,Office Supplies,Paper,79.44,3,0.2,19.98,9.57,Medium
ORD-2025-12518,2025-11-22,2025-11-22,Same Day,CUST-0347,Nancy Johnson,Corporate,United States,Central,Michigan,Office Supplies,Fasteners,20.94,3,0.5,-12.04,18.14,Medium
ORD-2025-12519,2025-11-23,2025-11-25,First Class,CUST-0290,Patricia Wilson,Corporate,United States,Central,Wisconsin,Technology,Accessories,630.46,4,0.1,170.7,50.98,Medium
ORD-2025-12520,2025-11-23,2025-11-23,Same Day,CUST-0302,William Martin,Consumer,United States,South,Virginia,Furniture,Bookcases,849.97,3,0.0,3.95,71.2,Low
ORD-2025-12521,2025-11-23,2025-11-30,Standard Class,CUST-0343,Jennifer Gonzalez,Corporate,United States,Central,Michigan,Technology,Machines,3152.32,3,0.2,-545.94,95.61,High
ORD-2025-12522,2025-11-23,2025-11-26,Second Class,CUST-0057,William Wilson,Consumer,United States,West,Arizona,Technology,Phones,822.03,2,0.0,194.07,39.88,Critical
ORD-2025-12523,2025-11-24,2025-11-30,Standard Class,CUST-0369,John Anderson,Corporate,United States,West,California,Technology,Accessories,151.11,2,0.0,54.27,9.13,Medium
ORD-2025-12524,2025-11-24,2025-11-30,Standard Class,CUST-0318,Sarah Hernandez,Consumer,United States,South,Florida,Furniture,Bookcases,1663.6,8,0.1,-12.21,66.18,Medium
ORD-2025-12525,2025-11-24,2025-11-25,First Class,CUST-0278,Mary Wilson,Consumer,United States,East,New York,Furniture,Tables,818.63,2,0.4,-511.87,51.67,Medium
ORD-2025-12526,2025-11-24,2025-11-26,First Class,CUST-0392,William Brown,Consumer,United States,West,Nevada,Office Supplies,Supplies,45.64,1,0.0,2.69,6.92,Critical
ORD-2025-12527,2025-11-25,2025-12-02,Standard Class,CUST-0317,Daniel Williams,Corporate,United States,South,Georgia,Office Supplies,Labels,28.53,1,0.2,8.16,3.25,Medium
ORD-2025-12528,2025-11-25,2025-12-02,Standard Class,CUST-0101,Barbara Martinez,Consumer,United States,East,New York,Technology,Copiers,6544.86,6,0.0,3042.29,197.96,Critical
ORD-2025-12529,2025-11-26,2025-11-29,Second Class,CUST-0204,Thomas Hernandez,Home Office,United States,West,Colorado,Furniture,Chairs,915.13,3,0.0,117.98,47.11,Medium
ORD-2025-12530,2025-11-26,2025-12-02,Standard Class,CUST-0234,Thomas Miller,Corporate,United States,South,Virginia,Technology,Copiers,9254.3,5,0.2,2574.47,271.37,Medium
ORD-2025-12531,2025-11-26,2025-12-02,Standard Class,CUST-0024,Joseph Miller,Consumer,United States,South,Florida,Furniture,Bookcases,476.12,5,0.5,-461.43,25.58,Medium
ORD-2025-12532,2025-11-26,2025-11-27,First Class,CUST-0429,Joseph Moore,Consumer,United States,West,Nevada,Technology,Accessories,1084.99,5,0.0,308.97,79.17,Critical
ORD-2025-12533,2025-11-26,2025-12-01,Standard Class,CUST-0070,Michael Lee,Home Office,United States,South,Florida,Office Supplies,Labels,32.98,3,0.0,14.52,8.27,Medium
ORD-2025-12534,2025-11-26,2025-11-30,Second Class,CUST-0315,Elizabeth Thomas,Home Office,United States,East,Pennsylvania,Office Supplies,Fasteners,23.92,1,0.0,4.07,4.46,Medium
ORD-2025-12535,2025-11-27,2025-11-29,First Class,CUST-0242,Karen Jones,Consumer,United States,East,Ohio,Technology,Phones,354.84,1,0.2,3.3,23.0,Medium
ORD-2025-12536,2025-11-27,2025-12-04,Standard Class,CUST-0012,Mary Wilson,Home Office,United States,South,Florida,Office Supplies,Storage,540.65,3,0.0,119.54,22.49,Medium
ORD-2025-12537,2025-11-27,2025-12-03,Standard Class,CUST-0413,Jennifer Miller,Corporate,United States,South,Tennessee,Furniture,Furnishings,225.16,2,0.0,37.42,11.2,Medium
ORD-2025-12538,2025-11-27,2025-12-03,Standard Class,CUST-0373,Nancy Smith,Corporate,United States,West,California,Furniture,Tables,1417.35,3,0.15,-206.82,47.04,Low
ORD-2025-12539,2025-11-28,2025-12-03,Standard Class,CUST-0251,James Moore,Consumer,United States,West,Washington,Furniture,Chairs,1396.2,3,0.0,243.29,46.44,Critical
ORD-2025-12540,2025-11-28,2025-12-03,Standard Class,CUST-0115,Joseph Garcia,Consumer,United States,West,Colorado,Office Supplies,Labels,63.85,3,0.0,31.26,9.14,Medium
ORD-2025-12541,2025-11-28,2025-11-30,First Class,CUST-0063,Nancy Lopez,Corporate,United States,East,Ohio,Office Supplies,Fasteners,19.49,1,0.3,-5.32,5.56,Critical
ORD-2025-12542,2025-11-28,2025-11-28,Same Day,CUST-0176,Joseph Lopez,Consumer,United States,West,Nevada,Office Supplies,Envelopes,12.75,1,0.3,1.46,6.42,Medium
ORD-2025-12543,2025-11-28,2025-11-30,First Class,CUST-0121,William Wilson,Home Office,United States,East,New York,Furniture,Tables,1466.35,4,0.4,-950.12,94.45,Medium
ORD-2025-12544,2025-11-28,2025-11-30,First Class,CUST-0242,Karen Jones,Consumer,United States,West,Colorado,Office Supplies,Appliances,127.33,1,0.0,25.49,11.17,High
ORD-2025-12545,2025-11-28,2025-11-28,Same Day,CUST-0434,Jessica Martinez,Home Office,United States,East,New York,Office Supplies,Supplies,272.94,4,0.3,-98.81,39.87,Medium
ORD-2025-12546,2025-11-28,2025-12-05,Standard Class,CUST-0277,Jessica Smith,Consumer,United States,West,Nevada,Technology,Machines,3957.32,3,0.15,-661.11,118.16,Critical
ORD-2025-12547,2025-11-28,2025-12-03,Standard Class,CUST-0392,William Brown,Consumer,United States,South,Georgia,Technology,Accessories,494.72,9,0.0,173.08,35.9,High
ORD-2025-12548,2025-11-29,2025-12-04,Standard Class,CUST-0304,Barbara Martinez,Consumer,United States,West,Oregon,Office Supplies,Art,107.63,5,0.1,13.98,15.26,Medium
ORD-2025-12549,2025-11-29,2025-12-02,Second Class,CUST-0228,Nancy Williams,Corporate,United States,East,New York,Office Supplies,Appliances,436.05,2,0.0,81.6,24.44,High
ORD-2025-12550,2025-11-30,2025-12-05,Standard Class,CUST-0373,Nancy Smith,Corporate,United States,South,Virginia,Technology,Copiers,9759.87,3,0.15,3296.47,280.63,Medium
ORD-2025-12551,2025-11-30,2025-12-07,Standard Class,CUST-0228,Nancy Williams,Corporate,United States,Central,Michigan,Furniture,Furnishings,108.72,1,0.15,-0.33,5.49,Medium
ORD-2025-12552,2025-12-01,2025-12-08,Standard Class,CUST-0381,Joseph Miller,Home Office,United States,West,California,Technology,Copiers,3685.03,2,0.2,981.58,108.08,Medium
ORD-2025-12553,2025-12-01,2025-12-05,Second Class,CUST-0140,Richard Lee,Consumer,United States,West,Arizona,Office Supplies,Envelopes,171.77,4,0.0,70.8,20.87,Medium
ORD-2025-12554,2025-12-01,2025-12-06,Standard Class,CUST-0071,James Anderson,Consumer,United States,Central,Indiana,Office Supplies,Art,159.62,3,0.1,35.66,11.82,High
ORD-2025-12555,2025-12-01,2025-12-06,Standard Class,CUST-0373,Nancy Smith,Corporate,United States,East,Ohio,Furniture,Tables,612.64,3,0.0,45.7,24.5,High
ORD-2025-12556,2025-12-01,2025-12-06,Standard Class,CUST-0286,Mary Johnson,Consumer,United States,Central,Texas,Furniture,Furnishings,78.0,1,0.4,-24.9,4.63,Critical
ORD-2025-12557,2025-12-01,2025-12-05,Second Class,CUST-0392,William Brown,Consumer,United States,East,Massachusetts,Office Supplies,Supplies,199.66,5,0.15,-10.81,25.49,Medium
ORD-2025-12558,2025-12-01,2025-12-06,Standard Class,CUST-0421,Joseph Thomas,Home Office,United States,East,New Jersey,Technology,Phones,1455.07,2,0.0,339.22,45.64,High
ORD-2025-12559,2025-12-01,2025-12-08,Standard Class,CUST-0023,Charles Thomas,Home Office,United States,East,New York,Office Supplies,Labels,80.73,5,0.0,37.85,14.51,High
ORD-2025-12560,2025-12-01,2025-12-08,Standard Class,CUST-0242,Karen Jones,Consumer,United States,Central,Illinois,Furniture,Furnishings,160.67,3,0.15,10.33,11.85,Medium
ORD-2025-12561,2025-12-02,2025-12-09,Standard Class,CUST-0178,Christopher Martin,Home Office,United States,South,North Carolina,Furniture,Bookcases,156.8,2,0.1,-10.64,9.29,Critical
ORD-2025-12562,2025-12-02,2025-12-07,Standard Class,CUST-0297,Mary Jackson,Home Office,United States,West,Arizona,Furniture,Furnishings,110.15,1,0.15,-1.79,5.53,Medium
ORD-2025-12563,2025-12-02,2025-12-02,Same Day,CUST-0355,Charles Rodriguez,Home Office,United States,East,Ohio,Furniture,Furnishings,72.89,1,0.0,19.29,10.27,Critical
ORD-2025-12564,2025-12-03,2025-12-08,Standard Class,CUST-0133,Charles Martinez,Consumer,United States,West,Nevada,Office Supplies,Appliances,490.67,6,0.15,34.95,28.44,High
ORD-2025-12565,2025-12-03,2025-12-04,First Class,CUST-0267,Christopher Hernandez,Corporate,United States,East,New Jersey,Office Supplies,Envelopes,116.38,5,0.0,40.62,28.8,High
ORD-2025-12566,2025-12-03,2025-12-09,Standard Class,CUST-0318,Sarah Hernandez,Consumer,United States,South,Tennessee,Office Supplies,Appliances,633.56,3,0.1,61.51,25.09,Critical
ORD-2025-12567,2025-12-03,2025-12-10,Standard Class,CUST-0073,Elizabeth Thompson,Home Office,United States,East,New Jersey,Technology,Phones,961.16,2,0.4,-248.16,31.81,Low
ORD-2025-12568,2025-12-03,2025-12-08,Standard Class,CUST-0361,Christopher Jackson,Consumer,United States,South,Tennessee,Technology,Phones,2449.29,3,0.1,315.7,75.93,Low
ORD-2025-12569,2025-12-03,2025-12-08,Standard Class,CUST-0291,Christopher Martinez,Consumer,United States,Central,Michigan,Furniture,Bookcases,436.29,2,0.0,22.2,17.12,High
ORD-2025-12570,2025-12-03,2025-12-09,Standard Class,CUST-0428,Nancy Jones,Home Office,United States,South,Virginia,Office Supplies,Storage,363.02,3,0.5,-217.03,17.51,Medium
ORD-2025-12571,2025-12-03,2025-12-08,Standard Class,CUST-0164,Barbara Perez,Consumer,United States,Central,Wisconsin,Furniture,Chairs,372.53,2,0.0,62.78,15.33,Critical
ORD-2025-12572,2025-12-03,2025-12-10,Standard Class,CUST-0048,Nancy Rodriguez,Consumer,United States,West,Nevada,Office Supplies,Supplies,368.87,5,0.15,-50.78,22.58,High
ORD-2025-12573,2025-12-03,2025-12-10,Standard Class,CUST-0242,Karen Jones,Consumer,United States,West,California,Office Supplies,Paper,155.46,4,0.1,50.12,14.15,Medium
ORD-2025-12574,2025-12-03,2025-12-09,Standard Class,CUST-0034,David Martinez,Consumer,United States,East,New York,Furniture,Furnishings,192.99,2,0.0,40.01,10.3,Low
ORD-2025-12575,2025-12-04,2025-12-09,Standard Class,CUST-0435,Sarah Taylor,Consumer,United States,West,Washington,Office Supplies,Fasteners,83.67,5,0.0,32.03,14.59,High
ORD-2025-12576,2025-12-04,2025-12-10,Standard Class,CUST-0019,Nancy Moore,Consumer,United States,East,Ohio,Office Supplies,Art,49.77,3,0.0,13.8,8.74,Medium
ORD-2025-12577,2025-12-04,2025-12-06,First Class,CUST-0339,John Smith,Consumer,United States,East,Pennsylvania,Office Supplies,Fasteners,18.72,1,0.3,1.54,5.52,Medium
ORD-2025-12578,2025-12-04,2025-12-06,First Class,CUST-0251,James Moore,Consumer,United States,South,Tennessee,Office Supplies,Binders,18.97,1,0.3,-8.84,5.54,Low
ORD-2025-12579,2025-12-04,2025-12-07,Second Class,CUST-0177,Jessica Thomas,Corporate,United States,East,New Jersey,Office Supplies,Storage,686.56,4,0.1,79.51,41.46,Medium
ORD-2025-12580,2025-12-04,2025-12-08,Second Class,CUST-0029,Nancy Jones,Corporate,United States,Central,Wisconsin,Technology,Machines,7805.47,6,0.0,386.29,333.22,Medium
ORD-2025-12581,2025-12-04,2025-12-07,Second Class,CUST-0295,Daniel Martin,Corporate,United States,South,Florida,Furniture,Tables,647.53,5,0.3,-245.13,43.4,Medium
ORD-2025-12582,2025-12-05,2025-12-10,Standard Class,CUST-0285,Charles Davis,Home Office,United States,South,Virginia,Technology,Phones,2294.13,4,0.1,496.56,74.04,Critical
ORD-2025-12583,2025-12-05,2025-12-10,Standard Class,CUST-0133,Charles Martinez,Consumer,United States,West,Colorado,Technology,Phones,560.38,1,0.0,180.84,18.14,High
ORD-2025-12584,2025-12-05,2025-12-10,Standard Class,CUST-0407,Daniel Wilson,Consumer,United States,East,New York,Office Supplies,Binders,15.62,1,0.0,12.98,2.89,High
ORD-2025-12585,2025-12-05,2025-12-11,Standard Class,CUST-0148,Daniel Brown,Corporate,United States,East,New Jersey,Furniture,Bookcases,461.48,2,0.0,17.21,17.82,Medium
ORD-2025-12586,2025-12-05,2025-12-09,Second Class,CUST-0211,Michael Anderson,Consumer,United States,East,Ohio,Technology,Phones,4971.1,6,0.1,747.14,219.84,High
ORD-2025-12587,2025-12-06,2025-12-12,Standard Class,CUST-0259,Charles Rodriguez,Consumer,United States,East,Ohio,Furniture,Furnishings,228.7,8,0.1,25.66,26.0,Medium
ORD-2025-12588,2025-12-06,2025-12-13,Standard Class,CUST-0045,William Anderson,Consumer,United States,South,Florida,Office Supplies,Paper,114.2,1,0.1,37.42,5.65,High
ORD-2025-12589,2025-12-06,2025-12-11,Standard Class,CUST-0418,Nancy Hernandez,Consumer,United States,East,Massachusetts,Office Supplies,Envelopes,89.94,4,0.3,0.18,12.32,Medium
ORD-2025-12590,2025-12-06,2025-12-13,Standard Class,CUST-0178,Christopher Martin,Home Office,United States,East,Ohio,Technology,Accessories,699.92,3,0.0,247.77,26.95,Low
ORD-2025-12591,2025-12-06,2025-12-09,Second Class,CUST-0031,Linda Smith,Corporate,United States,South,North Carolina,Office Supplies,Binders,24.85,1,0.1,11.55,4.49,Medium
ORD-2025-12592,2025-12-07,2025-12-10,Second Class,CUST-0181,William Brown,Consumer,United States,West,Nevada,Furniture,Chairs,1211.95,3,0.0,137.74,58.98,Medium
ORD-2025-12593,2025-12-07,2025-12-13,Standard Class,CUST-0291,Christopher Martinez,Consumer,United States,East,Massachusetts,Office Supplies,Storage,473.47,5,0.2,-13.8,25.51,Medium
ORD-2025-12594,2025-12-07,2025-12-11,Second Class,CUST-0246,Daniel Lee,Corporate,United States,Central,Illinois,Office Supplies,Appliances,658.08,2,0.0,122.34,33.32,Medium
ORD-2025-12595,2025-12-07,2025-12-07,Same Day,CUST-0313,Joseph Miller,Consumer,United States,West,Washington,Office Supplies,Paper,560.12,6,0.0,191.87,69.45,Medium
ORD-2025-12596,2025-12-07,2025-12-07,Same Day,CUST-0024,Joseph Miller,Consumer,United States,Central,Texas,Office Supplies,Paper,90.61,1,0.2,15.95,11.4,Critical
ORD-2025-12597,2025-12-07,2025-12-09,First Class,CUST-0134,William Brown,Consumer,United States,West,California,Technology,Phones,254.64,1,0.0,71.09,17.79,Medium
ORD-2025-12598,2025-12-07,2025-12-10,Second Class,CUST-0363,Susan White,Home Office,United States,South,Georgia,Furniture,Chairs,272.97,1,0.1,2.71,14.42,Critical
ORD-2025-12599,2025-12-08,2025-12-15,Standard Class,CUST-0031,Linda Smith,Corporate,United States,East,New York,Furniture,Tables,988.58,5,0.5,-893.41,39.93,Medium
ORD-2025-12600,2025-12-08,2025-12-11,Second Class,CUST-0373,Nancy Smith,Corporate,United States,East,Ohio,Furniture,Tables,1193.43,2,0.1,-81.57,54.74,Critical
ORD-2025-12601,2025-12-09,2025-12-16,Standard Class,CUST-0039,Lisa Johnson,Corporate,United States,East,Massachusetts,Furniture,Tables,2585.12,5,0.0,-34.02,84.63,Medium
ORD-2025-12602,2025-12-09,2025-12-10,First Class,CUST-0369,John Anderson,Corporate,United States,West,Washington,Furniture,Chairs,374.8,3,0.0,57.91,33.14,Low
ORD-2025-12603,2025-12-09,2025-12-15,Standard Class,CUST-0175,Linda Garcia,Corporate,United States,West,Arizona,Furniture,Furnishings,135.68,3,0.2,-7.43,11.15,High
ORD-2025-12604,2025-12-09,2025-12-11,First Class,CUST-0292,James Brown,Corporate,United States,East,Pennsylvania,Technology,Machines,1676.05,5,0.0,-23.75,109.9,Medium
ORD-2025-12605,2025-12-09,2025-12-09,Same Day,CUST-0079,James Gonzalez,Consumer,United States,East,New Jersey,Furniture,Furnishings,74.61,2,0.15,1.29,15.98,High
ORD-2025-12606,2025-12-09,2025-12-15,Standard Class,CUST-0029,Nancy Jones,Corporate,United States,East,New York,Office Supplies,Appliances,996.36,5,0.2,-72.26,40.15,Low
ORD-2025-12607,2025-12-10,2025-12-16,Standard Class,CUST-0108,Christopher Davis,Consumer,United States,East,New York,Furniture,Tables,274.49,1,0.1,-17.86,10.14,High
ORD-2025-12608,2025-12-10,2025-12-14,Second Class,CUST-0070,Michael Lee,Home Office,United States,East,Ohio,Office Supplies,Labels,28.38,3,0.2,5.54,11.64,Medium
ORD-2025-12609,2025-12-10,2025-12-17,Standard Class,CUST-0151,Susan Garcia,Home Office,United States,Central,Indiana,Technology,Phones,1168.68,4,0.0,156.15,42.52,High
ORD-2025-12610,2025-12-10,2025-12-15,Standard Class,CUST-0246,Daniel Lee,Corporate,United States,West,Oregon,Furniture,Bookcases,1663.93,6,0.1,-105.85,61.29,Critical
ORD-2025-12611,2025-12-10,2025-12-13,Second Class,CUST-0286,Mary Johnson,Consumer,United States,West,Nevada,Furniture,Bookcases,195.43,1,0.15,-12.7,11.32,Low
ORD-2025-12612,2025-12-11,2025-12-13,First Class,CUST-0353,Mary Garcia,Home Office,United States,Central,Indiana,Technology,Copiers,4801.56,3,0.0,1726.26,263.33,High
ORD-2025-12613,2025-12-11,2025-12-18,Standard Class,CUST-0305,Robert Moore,Consumer,United States,South,North Carolina,Technology,Phones,1316.36,2,0.0,288.7,41.76,Medium
ORD-2025-12614,2025-12-11,2025-12-11,Same Day,CUST-0292,James Brown,Corporate,United States,West,Oregon,Office Supplies,Fasteners,50.07,2,0.15,7.18,14.4,High
ORD-2025-12615,2025-12-11,2025-12-17,Standard Class,CUST-0194,Joseph Smith,Consumer,United States,East,New Jersey,Furniture,Bookcases,207.43,1,0.15,-18.28,8.26,Low
ORD-2025-12616,2025-12-11,2025-12-16,Standard Class,CUST-0228,Nancy Williams,Corporate,United States,East,Pennsylvania,Furniture,Furnishings,91.28,1,0.1,8.56,5.01,Medium
ORD-2025-12617,2025-12-11,2025-12-17,Standard Class,CUST-0199,David Davis,Consumer,United States,East,Pennsylvania,Furniture,Bookcases,1367.33,5,0.2,-272.12,50.54,Medium
ORD-2025-12618,2025-12-12,2025-12-18,Standard Class,CUST-0372,John Moore,Consumer,United States,Central,Indiana,Office Supplies,Supplies,68.69,4,0.1,-4.69,11.72,High
ORD-2025-12619,2025-12-12,2025-12-18,Standard Class,CUST-0115,Joseph Garcia,Consumer,United States,West,Washington,Furniture,Bookcases,212.64,2,0.3,-83.66,10.85,Medium
ORD-2025-12620,2025-12-12,2025-12-17,Standard Class,CUST-0005,Elizabeth Martinez,Corporate,United States,Central,Michigan,Office Supplies,Envelopes,238.49,5,0.15,72.87,18.93,Low
ORD-2025-12621,2025-12-12,2025-12-14,First Class,CUST-0304,Barbara Martinez,Consumer,United States,West,Oregon,Technology,Accessories,48.82,1,0.0,17.69,7.09,Critical
ORD-2025-12622,2025-12-12,2025-12-18,Standard Class,CUST-0102,Mary Hernandez,Home Office,United States,East,Pennsylvania,Furniture,Tables,1056.27,3,0.0,36.09,36.93,Medium
ORD-2025-12623,2025-12-12,2025-12-16,Second Class,CUST-0392,William Brown,Consumer,United States,South,North Carolina,Technology,Phones,2761.31,6,0.15,233.54,131.45,Low
ORD-2025-12624,2025-12-12,2025-12-18,Standard Class,CUST-0375,John Thompson,Corporate,United States,East,New York,Office Supplies,Labels,87.74,5,0.3,13.33,14.71,Low
ORD-2025-12625,2025-12-12,2025-12-15,Second Class,CUST-0029,Nancy Jones,Corporate,United States,West,Oregon,Office Supplies,Appliances,767.88,2,0.0,180.35,37.72,Medium
ORD-2025-12626,2025-12-13,2025-12-20,Standard Class,CUST-0048,Nancy Rodriguez,Consumer,United States,South,Virginia,Furniture,Tables,2418.08,4,0.1,-107.61,77.51,High
ORD-2025-12627,2025-12-13,2025-12-13,Same Day,CUST-0234,Thomas Miller,Corporate,United States,South,Tennessee,Technology,Copiers,2709.56,2,0.0,1034.33,184.61,Medium
ORD-2025-12628,2025-12-13,2025-12-17,Second Class,CUST-0292,James Brown,Corporate,United States,Central,Texas,Furniture,Furnishings,477.13,5,0.0,78.84,36.59,Medium
ORD-2025-12629,2025-12-13,2025-12-18,Standard Class,CUST-0133,Charles Martinez,Consumer,United States,East,Pennsylvania,Technology,Accessories,461.27,3,0.15,119.85,20.27,Medium
ORD-2025-12630,2025-12-13,2025-12-17,Second Class,CUST-0325,Richard Davis,Consumer,United States,West,Oregon,Furniture,Tables,1654.94,4,0.0,20.64,80.2,Medium
ORD-2025-12631,2025-12-13,2025-12-16,Second Class,CUST-0289,Linda Thompson,Home Office,United States,South,North Carolina,Office Supplies,Art,37.12,1,0.15,-2.25,4.98,Critical
ORD-2025-12632,2025-12-13,2025-12-19,Standard Class,CUST-0155,David Rodriguez,Consumer,United States,East,Ohio,Office Supplies,Storage,502.45,3,0.3,-60.92,21.42,Low
ORD-2025-12633,2025-12-13,2025-12-16,Second Class,CUST-0011,William Perez,Consumer,United States,South,Tennessee,Technology,Copiers,2778.08,3,0.5,-630.63,121.62,Medium
ORD-2025-12634,2025-12-13,2025-12-19,Standard Class,CUST-0337,Michael Rodriguez,Consumer,United States,East,New Jersey,Office Supplies,Paper,385.56,3,0.0,162.58,18.15,Medium
ORD-2025-12635,2025-12-13,2025-12-19,Standard Class,CUST-0107,Barbara Smith,Consumer,United States,East,New York,Office Supplies,Paper,262.5,4,0.15,101.91,17.15,Medium
ORD-2025-12636,2025-12-13,2025-12-19,Standard Class,CUST-0369,John Anderson,Corporate,United States,South,Virginia,Furniture,Furnishings,579.34,7,0.4,-214.81,33.37,Low
ORD-2025-12637,2025-12-14,2025-12-15,First Class,CUST-0202,Jessica Wilson,Corporate,United States,East,Pennsylvania,Furniture,Chairs,1226.88,5,0.0,131.52,86.55,High
ORD-2025-12638,2025-12-14,2025-12-19,Standard Class,CUST-0278,Mary Wilson,Consumer,United States,West,Oregon,Office Supplies,Labels,38.41,1,0.0,12.32,3.53,High
ORD-2025-12639,2025-12-14,2025-12-21,Standard Class,CUST-0382,Elizabeth Garcia,Consumer,United States,West,Nevada,Furniture,Furnishings,350.78,5,0.3,-69.54,22.07,High
ORD-2025-12640,2025-12-14,2025-12-15,First Class,CUST-0380,Charles White,Corporate,United States,East,Massachusetts,Furniture,Furnishings,110.81,1,0.0,20.11,10.31,Medium
ORD-2025-12641,2025-12-14,2025-12-18,Second Class,CUST-0177,Jessica Thomas,Corporate,United States,West,Oregon,Office Supplies,Fasteners,66.4,3,0.4,-17.08,13.16,Medium
ORD-2025-12642,2025-12-15,2025-12-17,First Class,CUST-0104,Jennifer Moore,Consumer,United States,East,New Jersey,Technology,Copiers,20454.8,6,0.1,6943.46,1090.95,Medium
ORD-2025-12643,2025-12-15,2025-12-22,Standard Class,CUST-0347,Nancy Johnson,Corporate,United States,East,New Jersey,Office Supplies,Labels,50.7,1,0.0,21.07,3.87,High
ORD-2025-12644,2025-12-15,2025-12-22,Standard Class,CUST-0204,Thomas Hernandez,Home Office,United States,Central,Wisconsin,Furniture,Furnishings,416.51,5,0.0,77.8,23.91,High
ORD-2025-12645,2025-12-15,2025-12-16,First Class,CUST-0094,David Martin,Corporate,United States,East,New York,Furniture,Chairs,1565.98,5,0.0,203.16,104.18,Medium
ORD-2025-12646,2025-12-15,2025-12-20,Standard Class,CUST-0404,James Miller,Consumer,United States,South,Tennessee,Technology,Phones,3765.71,3,0.0,670.09,112.79,Medium
ORD-2025-12647,2025-12-15,2025-12-20,Standard Class,CUST-0099,John Rodriguez,Corporate,United States,West,California,Technology,Phones,461.19,2,0.1,82.52,17.81,High
ORD-2025-12648,2025-12-15,2025-12-20,Standard Class,CUST-0012,Mary Wilson,Home Office,United States,East,New Jersey,Furniture,Tables,391.69,2,0.1,-21.49,15.87,Medium
ORD-2025-12649,2025-12-16,2025-12-23,Standard Class,CUST-0007,Lisa Martinez,Consumer,United States,West,Colorado,Furniture,Furnishings,456.24,8,0.1,14.44,32.37,Medium
ORD-2025-12650,2025-12-16,2025-12-20,Second Class,CUST-0295,Daniel Martin,Corporate,United States,Central,Illinois,Office Supplies,Appliances,190.7,1,0.0,37.53,11.13,Medium
ORD-2025-12651,2025-12-17,2025-12-20,Second Class,CUST-0306,Joseph Garcia,Home Office,United States,South,Georgia,Technology,Machines,1602.56,3,0.2,-367.86,74.6,Medium
ORD-2025-12652,2025-12-17,2025-12-20,Second Class,CUST-0151,Susan Garcia,Home Office,United States,Central,Wisconsin,Technology,Phones,724.59,1,0.1,147.02,32.48,High
ORD-2025-12653,2025-12-17,2025-12-21,Second Class,CUST-0154,John Johnson,Corporate,United States,East,Ohio,Furniture,Chairs,381.93,1,0.2,-29.95,18.78,Medium
ORD-2025-12654,2025-12-17,2025-12-18,First Class,CUST-0164,Barbara Perez,Consumer,United States,East,Ohio,Furniture,Chairs,1527.6,4,0.2,-144.72,97.64,Critical
ORD-2025-12655,2025-12-17,2025-12-23,Standard Class,CUST-0309,Barbara Lee,Consumer,United States,South,North Carolina,Technology,Accessories,517.32,2,0.0,192.71,19.38,Medium
ORD-2025-12656,2025-12-17,2025-12-21,Second Class,CUST-0026,Jessica Smith,Corporate,United States,South,North Carolina,Technology,Machines,12577.17,9,0.0,577.32,534.59,High
ORD-2025-12657,2025-12-17,2025-12-23,Standard Class,CUST-0414,Joseph Smith,Consumer,United States,South,Virginia,Office Supplies,Binders,36.91,3,0.3,11.16,8.38,Low
ORD-2025-12658,2025-12-18,2025-12-24,Standard Class,CUST-0113,Susan Jones,Home Office,United States,East,New Jersey,Technology,Machines,1093.84,3,0.2,-265.28,37.98,Medium
ORD-2025-12659,2025-12-18,2025-12-23,Standard Class,CUST-0449,John Taylor,Consumer,United States,South,North Carolina,Office Supplies,Storage,189.89,1,0.0,50.52,7.77,Medium
ORD-2025-12660,2025-12-18,2025-12-25,Standard Class,CUST-0084,David Taylor,Consumer,United States,West,Arizona,Furniture,Furnishings,291.99,8,0.15,18.66,27.78,Medium
ORD-2025-12661,2025-12-18,2025-12-23,Standard Class,CUST-0347,Nancy Johnson,Corporate,United States,West,Oregon,Office Supplies,Supplies,95.78,1,0.0,12.41,5.13,Medium
ORD-2025-12662,2025-12-18,2025-12-25,Standard Class,CUST-0114,Sarah Jackson,Corporate,United States,West,California,Technology,Phones,3453.47,3,0.0,783.81,104.05,High
ORD-2025-12663,2025-12-18,2025-12-25,Standard Class,CUST-0031,Linda Smith,Corporate,United States,West,Arizona,Office Supplies,Appliances,516.16,2,0.1,49.12,19.35,Medium
ORD-2025-12664,2025-12-18,2025-12-24,Standard Class,CUST-0382,Elizabeth Garcia,Consumer,United States,Central,Michigan,Technology,Accessories,489.17,2,0.0,155.68,18.6,Medium
ORD-2025-12665,2025-12-18,2025-12-23,Standard Class,CUST-0375,John Thompson,Corporate,United States,South,Virginia,Furniture,Tables,655.01,3,0.5,-619.01,25.69,Low
ORD-2025-12666,2025-12-18,2025-12-19,First Class,CUST-0188,Richard Gonzalez,Corporate,United States,Central,Michigan,Technology,Phones,1216.13,4,0.3,-123.4,81.44,High
ORD-2025-12667,2025-12-18,2025-12-21,Second Class,CUST-0317,Daniel Williams,Corporate,United States,Central,Texas,Office Supplies,Binders,8.55,1,0.15,5.94,3.84,Medium
ORD-2025-12668,2025-12-19,2025-12-19,Same Day,CUST-0267,Christopher Hernandez,Corporate,United States,East,Massachusetts,Office Supplies,Fasteners,22.04,3,0.0,0.27,18.21,Medium
ORD-2025-12669,2025-12-19,2025-12-21,First Class,CUST-0373,Nancy Smith,Corporate,United States,Central,Wisconsin,Furniture,Bookcases,1170.98,5,0.0,37.78,83.64,Medium
ORD-2025-12670,2025-12-19,2025-12-24,Standard Class,CUST-0152,Barbara Gonzalez,Home Office,United States,East,Massachusetts,Technology,Machines,2747.49,2,0.0,155.83,81.83,Medium
ORD-2025-12671,2025-12-19,2025-12-25,Standard Class,CUST-0250,Jennifer Brown,Consumer,United States,South,Virginia,Office Supplies,Labels,26.09,1,0.1,16.72,3.18,Medium
ORD-2025-12672,2025-12-19,2025-12-22,Second Class,CUST-0229,Jennifer Perez,Consumer,United States,Central,Illinois,Office Supplies,Supplies,152.36,2,0.0,16.13,13.09,High
ORD-2025-12673,2025-12-20,2025-12-26,Standard Class,CUST-0173,Karen Davis,Corporate,United States,Central,Texas,Furniture,Chairs,135.98,1,0.1,3.66,6.26,Medium
ORD-2025-12674,2025-12-20,2025-12-22,First Class,CUST-0393,David Jones,Consumer,United States,East,Ohio,Office Supplies,Supplies,71.18,1,0.0,6.38,8.25,Critical
ORD-2025-12675,2025-12-20,2025-12-27,Standard Class,CUST-0083,Jessica Gonzalez,Consumer,United States,South,Virginia,Furniture,Tables,357.95,2,0.4,-224.83,14.92,Medium
ORD-2025-12676,2025-12-20,2025-12-27,Standard Class,CUST-0079,James Gonzalez,Consumer,United States,West,Washington,Technology,Phones,1130.52,3,0.4,-380.9,39.0,High
ORD-2025-12677,2025-12-20,2025-12-26,Standard Class,CUST-0278,Mary Wilson,Consumer,United States,East,Massachusetts,Technology,Phones,1057.27,1,0.1,111.57,32.05,Medium
ORD-2025-12678,2025-12-20,2025-12-27,Standard Class,CUST-0305,Robert Moore,Consumer,United States,Central,Texas,Office Supplies,Art,155.23,3,0.15,30.41,11.7,High
ORD-2025-12679,2025-12-21,2025-12-28,Standard Class,CUST-0095,Jessica Rodriguez,Corporate,United States,East,New York,Furniture,Furnishings,480.87,10,0.0,95.11,37.96,Medium
ORD-2025-12680,2025-12-21,2025-12-28,Standard Class,CUST-0182,Barbara Rodriguez,Consumer,United States,South,Georgia,Technology,Accessories,2135.33,8,0.0,822.76,79.39,Medium
ORD-2025-12681,2025-12-21,2025-12-25,Second Class,CUST-0426,Jennifer Gonzalez,Home Office,United States,East,Pennsylvania,Technology,Phones,4029.47,5,0.3,-666.37,178.68,Critical
ORD-2025-12682,2025-12-21,2025-12-26,Standard Class,CUST-0120,Elizabeth Johnson,Consumer,United States,East,Massachusetts,Furniture,Chairs,382.06,2,0.15,-15.26,15.6,Medium
ORD-2025-12683,2025-12-21,2025-12-25,Second Class,CUST-0309,Barbara Lee,Consumer,United States,South,North Carolina,Technology,Copiers,3758.92,1,0.0,1345.53,153.86,Low
ORD-2025-12684,2025-12-21,2025-12-24,Second Class,CUST-0334,Daniel Perez,Corporate,United States,East,Ohio,Technology,Copiers,12346.72,5,0.1,3463.5,511.37,High
ORD-2025-12685,2025-12-21,2025-12-28,Standard Class,CUST-0211,Michael Anderson,Consumer,United States,East,Massachusetts,Office Supplies,Fasteners,19.36,1,0.4,2.55,2.99,Medium
ORD-2025-12686,2025-12-21,2025-12-23,First Class,CUST-0421,Joseph Thomas,Home Office,United States,East,Pennsylvania,Technology,Copiers,1931.66,1,0.0,684.46,105.0,Low
ORD-2025-12687,2025-12-21,2025-12-24,Second Class,CUST-0332,Sarah Davis,Corporate,United States,West,California,Technology,Machines,4119.57,3,0.0,121.69,175.28,Medium
ORD-2025-12688,2025-12-22,2025-12-26,Second Class,CUST-0219,Nancy Martin,Consumer,United States,Central,Michigan,Office Supplies,Labels,25.24,1,0.4,-1.46,4.51,Medium
ORD-2025-12689,2025-12-22,2025-12-23,First Class,CUST-0272,Linda Jones,Consumer,United States,West,Colorado,Office Supplies,Appliances,1043.38,5,0.1,70.47,77.01,Critical
ORD-2025-12690,2025-12-22,2025-12-29,Standard Class,CUST-0313,Joseph Miller,Consumer,United States,South,Tennessee,Furniture,Tables,2833.11,5,0.0,50.04,91.58,Low
ORD-2025-12691,2025-12-22,2025-12-27,Standard Class,CUST-0288,Daniel Taylor,Corporate,United States,Central,Wisconsin,Technology,Machines,4609.76,4,0.0,385.58,138.87,Medium
ORD-2025-12692,2025-12-22,2025-12-27,Standard Class,CUST-0386,Michael Jackson,Home Office,United States,West,Washington,Office Supplies,Supplies,154.88,5,0.3,-55.14,16.59,High
ORD-2025-12693,2025-12-22,2025-12-26,Second Class,CUST-0174,Patricia Lopez,Corporate,United States,Central,Michigan,Furniture,Chairs,135.04,1,0.2,-19.46,8.9,Medium
ORD-2025-12694,2025-12-22,2025-12-29,Standard Class,CUST-0147,William Martinez,Corporate,United States,Central,Michigan,Furniture,Furnishings,588.16,4,0.0,80.8,26.27,High
ORD-2025-12695,2025-12-22,2025-12-28,Standard Class,CUST-0106,Elizabeth Thomas,Corporate,United States,West,Arizona,Furniture,Tables,832.68,2,0.0,42.15,28.22,Medium
ORD-2025-12696,2025-12-22,2025-12-29,Standard Class,CUST-0018,William Rodriguez,Consumer,United States,West,Oregon,Office Supplies,Labels,159.4,4,0.0,67.86,14.26,Medium
ORD-2025-12697,2025-12-22,2025-12-27,Standard Class,CUST-0022,William Garcia,Corporate,United States,East,Pennsylvania,Furniture,Furnishings,149.18,1,0.0,31.86,6.63,Medium
ORD-2025-12698,2025-12-22,2025-12-25,Second Class,CUST-0381,Joseph Miller,Home Office,United States,Central,Illinois,Office Supplies,Supplies,333.0,4,0.0,37.57,27.32,Medium
ORD-2025-12699,2025-12-23,2025-12-25,First Class,CUST-0309,Barbara Lee,Consumer,United States,Central,Texas,Furniture,Tables,5409.69,9,0.0,308.18,322.25,High
ORD-2025-12700,2025-12-23,2025-12-29,Standard Class,CUST-0306,Joseph Garcia,Home Office,United States,East,Massachusetts,Office Supplies,Storage,218.25,1,0.0,52.06,8.56,Medium
ORD-2025-12701,2025-12-23,2025-12-30,Standard Class,CUST-0293,James Taylor,Corporate,United States,Central,Texas,Furniture,Tables,164.02,1,0.4,-100.57,7.04,High
ORD-2025-12702,2025-12-23,2025-12-29,Standard Class,CUST-0373,Nancy Smith,Corporate,United States,Central,Indiana,Technology,Phones,372.53,1,0.0,86.68,12.88,High
ORD-2025-12703,2025-12-24,2025-12-30,Standard Class,CUST-0229,Jennifer Perez,Consumer,United States,Central,Indiana,Furniture,Chairs,626.93,2,0.0,93.32,22.45,Medium
ORD-2025-12704,2025-12-24,2025-12-29,Standard Class,CUST-0381,Joseph Miller,Home Office,United States,Central,Michigan,Technology,Phones,2362.19,2,0.0,612.19,71.04,Medium
ORD-2025-12705,2025-12-24,2025-12-24,Same Day,CUST-0175,Linda Garcia,Corporate,United States,East,Massachusetts,Technology,Copiers,11876.68,5,0.15,3324.87,788.11,Medium
ORD-2025-12706,2025-12-24,2025-12-30,Standard Class,CUST-0413,Jennifer Miller,Corporate,United States,South,Florida,Office Supplies,Labels,61.67,3,0.0,23.15,9.08,Medium
ORD-2025-12707,2025-12-24,2025-12-31,Standard Class,CUST-0315,Elizabeth Thomas,Home Office,United States,Central,Texas,Office Supplies,Envelopes,36.44,3,0.1,11.4,8.37,Medium
ORD-2025-12708,2025-12-24,2025-12-29,Standard Class,CUST-0122,Charles Martinez,Consumer,United States,South,Florida,Technology,Accessories,365.47,4,0.2,67.48,20.03,Medium
ORD-2025-12709,2025-12-24,2025-12-25,First Class,CUST-0269,John Martin,Home Office,United States,East,Massachusetts,Furniture,Furnishings,143.37,2,0.4,-56.59,16.55,Medium
ORD-2025-12710,2025-12-24,2025-12-30,Standard Class,CUST-0255,Joseph Hernandez,Corporate,United States,West,Oregon,Technology,Copiers,2541.67,2,0.15,740.46,76.07,High
ORD-2025-12711,2025-12-25,2025-12-28,Second Class,CUST-0075,Susan Thomas,Corporate,United States,East,Ohio,Office Supplies,Binders,398.34,4,0.0,143.45,29.93,Medium
ORD-2025-12712,2025-12-25,2025-12-25,Same Day,CUST-0286,Mary Johnson,Consumer,United States,East,New York,Technology,Copiers,14004.76,5,0.0,4824.58,924.3,High
ORD-2025-12713,2025-12-25,2025-12-31,Standard Class,CUST-0151,Susan Garcia,Home Office,United States,Central,Michigan,Office Supplies,Appliances,144.51,1,0.15,10.62,6.5,Medium
ORD-2025-12714,2025-12-25,2026-01-01,Standard Class,CUST-0023,Charles Thomas,Home Office,United States,East,New Jersey,Furniture,Bookcases,361.45,1,0.0,13.21,12.57,High
ORD-2025-12715,2025-12-25,2025-12-27,First Class,CUST-0426,Jennifer Gonzalez,Home Office,United States,South,Tennessee,Furniture,Chairs,195.3,1,0.0,29.38,14.71,Medium
ORD-2025-12716,2025-12-25,2025-12-29,Second Class,CUST-0302,William Martin,Consumer,United States,Central,Texas,Technology,Machines,1273.86,2,0.5,-1286.16,57.95,Medium
ORD-2025-12717,2025-12-25,2025-12-26,First Class,CUST-0384,William Jackson,Corporate,United States,Central,Wisconsin,Furniture,Bookcases,283.09,2,0.2,-61.22,23.82,Critical
ORD-2025-12718,2025-12-25,2025-12-28,Second Class,CUST-0309,Barbara Lee,Consumer,United States,West,Colorado,Office Supplies,Fasteners,46.68,4,0.2,-5.52,15.87,Medium
ORD-2025-12719,2025-12-25,2025-12-30,Standard Class,CUST-0174,Patricia Lopez,Corporate,United States,South,Georgia,Office Supplies,Art,202.11,5,0.3,-4.39,17.91,Medium
ORD-2025-12720,2025-12-25,2025-12-28,Second Class,CUST-0246,Daniel Lee,Corporate,United States,South,Virginia,Office Supplies,Paper,118.02,1,0.1,49.89,8.22,High
ORD-2025-12721,2025-12-25,2025-12-26,First Class,CUST-0309,Barbara Lee,Consumer,United States,Central,Texas,Office Supplies,Paper,235.14,3,0.15,68.45,25.88,Critical
ORD-2025-12722,2025-12-25,2025-12-27,First Class,CUST-0434,Jessica Martinez,Home Office,United States,East,New York,Technology,Copiers,5494.42,2,0.0,1999.94,294.81,Medium
ORD-2025-12723,2025-12-26,2025-12-31,Standard Class,CUST-0120,Elizabeth Johnson,Consumer,United States,East,Pennsylvania,Technology,Machines,283.45,3,0.7,-629.09,15.29,Medium
ORD-2025-12724,2025-12-26,2026-01-01,Standard Class,CUST-0382,Elizabeth Garcia,Consumer,United States,West,Washington,Office Supplies,Binders,250.71,3,0.0,82.96,14.37,Medium
ORD-2025-12725,2025-12-26,2025-12-26,Same Day,CUST-0413,Jennifer Miller,Corporate,United States,East,Ohio,Office Supplies,Envelopes,314.31,6,0.1,90.58,53.72,Medium
ORD-2025-12726,2025-12-27,2026-01-02,Standard Class,CUST-0309,Barbara Lee,Consumer,United States,West,Nevada,Office Supplies,Storage,138.23,1,0.0,15.98,6.32,Critical
ORD-2025-12727,2025-12-27,2025-12-29,First Class,CUST-0414,Joseph Smith,Consumer,United States,East,Pennsylvania,Furniture,Chairs,281.82,1,0.0,42.03,19.2,Low
ORD-2025-12728,2025-12-27,2026-01-02,Standard Class,CUST-0188,Richard Gonzalez,Corporate,United States,Central,Illinois,Furniture,Chairs,570.64,3,0.1,18.56,23.33,Medium
ORD-2025-12729,2025-12-27,2026-01-03,Standard Class,CUST-0429,Joseph Moore,Consumer,United States,East,Ohio,Technology,Accessories,355.61,2,0.0,125.68,14.86,Medium
ORD-2025-12730,2025-12-27,2026-01-03,Standard Class,CUST-0317,Daniel Williams,Corporate,United States,East,New Jersey,Office Supplies,Binders,35.44,1,0.1,11.02,3.44,Critical
ORD-2025-12731,2025-12-27,2025-12-29,First Class,CUST-0022,William Garcia,Corporate,United States,South,Virginia,Office Supplies,Art,43.95,1,0.1,15.77,6.84,Medium
ORD-2025-12732,2025-12-27,2026-01-01,Standard Class,CUST-0407,Daniel Wilson,Consumer,United States,West,Oregon,Furniture,Chairs,1349.31,3,0.1,117.83,45.13,Medium
ORD-2025-12733,2025-12-28,2025-12-31,Second Class,CUST-0229,Jennifer Perez,Consumer,United States,Central,Illinois,Technology,Machines,3019.05,2,0.0,93.64,127.76,Medium
ORD-2025-12734,2025-12-28,2025-12-31,Second Class,CUST-0219,Nancy Martin,Consumer,United States,West,Colorado,Technology,Accessories,575.43,10,0.0,150.69,58.02,Medium
ORD-2025-12735,2025-12-28,2026-01-02,Standard Class,CUST-0269,John Martin,Home Office,United States,West,Arizona,Technology,Copiers,2409.05,2,0.2,646.58,72.35,Medium
ORD-2025-12736,2025-12-29,2026-01-05,Standard Class,CUST-0079,James Gonzalez,Consumer,United States,West,Arizona,Furniture,Furnishings,61.62,1,0.0,11.25,4.18,Medium
ORD-2025-12737,2025-12-29,2026-01-05,Standard Class,CUST-0225,Nancy Thomas,Consumer,United States,Central,Illinois,Office Supplies,Supplies,131.9,3,0.0,9.38,11.04,High
ORD-2025-12738,2025-12-31,2026-01-01,First Class,CUST-0368,Patricia Martinez,Consumer,United States,East,New Jersey,Office Supplies,Appliances,274.15,1,0.1,26.18,18.81,High
ORD-2025-12739,2025-12-31,2026-01-05,Standard Class,CUST-0007,Lisa Martinez,Consumer,United States,South,Georgia,Office Supplies,Storage,146.83,3,0.3,-26.07,11.46,Medium
ORD-2026-12740,2026-01-01,2026-01-06,Standard Class,CUST-0132,Lisa Perez,Consumer,United States,East,New York,Furniture,Tables,631.41,3,0.15,-92.74,25.03,Critical
ORD-2026-12741,2026-01-01,2026-01-08,Standard Class,CUST-0005,Elizabeth Martinez,Corporate,United States,West,Arizona,Furniture,Chairs,978.54,2,0.0,134.03,32.3,Critical
ORD-2026-12742,2026-01-02,2026-01-07,Standard Class,CUST-0200,Karen Williams,Corporate,United States,Central,Illinois,Office Supplies,Binders,99.85,5,0.3,-3.86,15.05,Medium
ORD-2026-12743,2026-01-02,2026-01-04,First Class,CUST-0328,James Thomas,Consumer,United States,West,Nevada,Furniture,Chairs,307.69,1,0.2,-26.46,20.55,Medium
ORD-2026-12744,2026-01-02,2026-01-04,First Class,CUST-0356,Christopher White,Consumer,United States,Central,Michigan,Office Supplies,Art,362.82,7,0.2,11.43,50.72,High
ORD-2026-12745,2026-01-03,2026-01-09,Standard Class,CUST-0426,Jennifer Gonzalez,Home Office,United States,West,Oregon,Office Supplies,Envelopes,121.64,5,0.1,37.83,15.66,Critical
ORD-2026-12746,2026-01-03,2026-01-04,First Class,CUST-0292,James Brown,Corporate,United States,East,Pennsylvania,Technology,Machines,892.75,2,0.2,-199.26,55.52,Medium
ORD-2026-12747,2026-01-03,2026-01-09,Standard Class,CUST-0121,William Wilson,Home Office,United States,Central,Texas,Furniture,Chairs,294.42,1,0.1,25.23,10.69,Medium
ORD-2026-12748,2026-01-03,2026-01-09,Standard Class,CUST-0413,Jennifer Miller,Corporate,United States,South,Virginia,Furniture,Chairs,663.26,2,0.15,-19.91,23.47,Medium
ORD-2026-12749,2026-01-03,2026-01-06,Second Class,CUST-0347,Nancy Johnson,Corporate,United States,East,Pennsylvania,Technology,Machines,1237.49,2,0.3,-502.29,56.5,High
ORD-2026-12750,2026-01-04,2026-01-11,Standard Class,CUST-0277,Jessica Smith,Consumer,United States,South,North Carolina,Furniture,Chairs,469.87,3,0.3,-102.9,20.51,Medium
ORD-2026-12751,2026-01-05,2026-01-10,Standard Class,CUST-0313,Joseph Miller,Consumer,United States,West,Nevada,Office Supplies,Fasteners,11.81,1,0.1,-2.22,2.78,Medium
ORD-2026-12752,2026-01-06,2026-01-08,First Class,CUST-0413,Jennifer Miller,Corporate,United States,Central,Indiana,Office Supplies,Envelopes,231.59,7,0.3,15.67,43.89,High
ORD-2026-12753,2026-01-06,2026-01-13,Standard Class,CUST-0322,Patricia Anderson,Home Office,United States,Central,Indiana,Technology,Machines,534.83,1,0.0,32.72,17.43,Medium
ORD-2026-12754,2026-01-06,2026-01-12,Standard Class,CUST-0177,Jessica Thomas,Corporate,United States,West,California,Furniture,Tables,355.12,2,0.0,5.84,14.84,Medium
ORD-2026-12755,2026-01-07,2026-01-14,Standard Class,CUST-0323,William Miller,Consumer,United States,West,Colorado,Furniture,Furnishings,132.57,1,0.1,11.02,6.16,Low
ORD-2026-12756,2026-01-08,2026-01-14,Standard Class,CUST-0021,David Miller,Consumer,United States,West,Colorado,Furniture,Tables,810.62,2,0.15,-76.57,27.6,Medium
ORD-2026-12757,2026-01-09,2026-01-11,First Class,CUST-0181,William Brown,Consumer,United States,East,Pennsylvania,Furniture,Furnishings,716.31,5,0.0,164.84,60.0,Medium
ORD-2026-12758,2026-01-09,2026-01-15,Standard Class,CUST-0190,Elizabeth Perez,Consumer,United States,West,Colorado,Office Supplies,Fasteners,34.85,3,0.1,16.53,8.33,Critical
ORD-2026-12759,2026-01-09,2026-01-14,Standard Class,CUST-0084,David Taylor,Consumer,United States,Central,Wisconsin,Furniture,Furnishings,119.61,1,0.0,14.81,5.8,Medium
ORD-2026-12760,2026-01-10,2026-01-16,Standard Class,CUST-0007,Lisa Martinez,Consumer,United States,South,North Carolina,Technology,Machines,5407.9,6,0.1,-319.71,166.12,Medium
ORD-2026-12761,2026-01-12,2026-01-19,Standard Class,CUST-0073,Elizabeth Thompson,Home Office,United States,West,Washington,Furniture,Chairs,1635.87,5,0.3,-330.47,58.05,High
ORD-2026-12762,2026-01-12,2026-01-19,Standard Class,CUST-0304,Barbara Martinez,Consumer,United States,East,Massachusetts,Furniture,Furnishings,178.38,4,0.15,2.19,14.79,Medium
ORD-2026-12763,2026-01-12,2026-01-16,Second Class,CUST-0357,Jennifer Wilson,Home Office,United States,East,Pennsylvania,Technology,Machines,2931.84,5,0.0,-114.86,134.77,Medium
ORD-2026-12764,2026-01-12,2026-01-19,Standard Class,CUST-0445,Barbara Jones,Consumer,United States,South,Tennessee,Technology,Copiers,2447.2,3,0.7,-2408.62,75.87,Medium
ORD-2026-12765,2026-01-12,2026-01-18,Standard Class,CUST-0169,Robert Hernandez,Consumer,United States,East,Massachusetts,Furniture,Chairs,955.55,3,0.15,-27.08,34.11,Medium
ORD-2026-12766,2026-01-12,2026-01-15,Second Class,CUST-0291,Christopher Martinez,Consumer,United States,East,Ohio,Office Supplies,Art,87.82,2,0.2,10.69,10.51,Critical
ORD-2026-12767,2026-01-12,2026-01-15,Second Class,CUST-0421,Joseph Thomas,Home Office,United States,East,Massachusetts,Office Supplies,Supplies,78.06,1,0.15,1.89,6.62,Critical
ORD-2026-12768,2026-01-13,2026-01-17,Second Class,CUST-0084,David Taylor,Consumer,United States,West,California,Office Supplies,Paper,192.39,3,0.5,-35.09,18.2,Medium
ORD-2026-12769,2026-01-13,2026-01-15,First Class,CUST-0325,Richard Davis,Consumer,United States,West,California,Furniture,Tables,2629.35,6,0.2,-805.14,164.03,Medium
ORD-2026-12770,2026-01-14,2026-01-14,Same Day,CUST-0339,John Smith,Consumer,United States,East,Massachusetts,Technology,Copiers,2942.48,3,0.1,877.27,205.12,Medium
ORD-2026-12771,2026-01-14,2026-01-19,Standard Class,CUST-0036,Patricia Jones,Corporate,United States,West,Oregon,Technology,Phones,8393.1,7,0.0,2112.3,252.16,Medium
ORD-2026-12772,2026-01-16,2026-01-21,Standard Class,CUST-0376,Patricia Rodriguez,Consumer,United States,East,Ohio,Office Supplies,Envelopes,59.18,2,0.15,15.87,6.56,Critical
ORD-2026-12773,2026-01-17,2026-01-24,Standard Class,CUST-0361,Christopher Jackson,Consumer,United States,West,Colorado,Furniture,Tables,841.0,4,0.1,-71.42,33.35,Critical
ORD-2026-12774,2026-01-17,2026-01-23,Standard Class,CUST-0018,William Rodriguez,Consumer,United States,East,New Jersey,Furniture,Tables,1051.45,3,0.1,-52.84,36.79,Medium
ORD-2026-12775,2026-01-19,2026-01-21,First Class,CUST-0039,Lisa Johnson,Corporate,United States,West,Oregon,Technology,Machines,1392.88,4,0.0,99.61,90.63,Medium
ORD-2026-12776,2026-01-20,2026-01-27,Standard Class,CUST-0022,William Garcia,Corporate,United States,South,Georgia,Office Supplies,Fasteners,86.85,3,0.0,33.53,9.78,Medium
ORD-2026-12777,2026-01-23,2026-01-28,Standard Class,CUST-0158,Susan Johnson,Consumer,United States,South,Georgia,Office Supplies,Storage,194.12,1,0.1,12.0,7.89,Critical
ORD-2026-12778,2026-01-24,2026-01-24,Same Day,CUST-0244,William Miller,Consumer,United States,West,Washington,Technology,Copiers,695.62,1,0.2,144.06,50.12,Medium
ORD-2026-12779,2026-01-25,2026-01-30,Standard Class,CUST-0255,Joseph Hernandez,Corporate,United States,East,New York,Office Supplies,Envelopes,86.56,9,0.2,16.63,24.47,Medium
ORD-2026-12780,2026-01-25,2026-01-31,Standard Class,CUST-0128,Charles Taylor,Consumer,United States,Central,Wisconsin,Technology,Copiers,2458.21,1,0.0,919.96,71.28,Low
ORD-2026-12781,2026-01-27,2026-01-27,Same Day,CUST-0407,Daniel Wilson,Consumer,United States,West,Colorado,Furniture,Furnishings,284.8,2,0.0,51.43,29.43,Low
ORD-2026-12782,2026-01-27,2026-02-03,Standard Class,CUST-0177,Jessica Thomas,Corporate,United States,East,New York,Technology,Copiers,7332.02,2,0.0,2680.94,210.2,Medium
ORD-2026-12783,2026-01-27,2026-02-01,Standard Class,CUST-0022,William Garcia,Corporate,United States,West,Colorado,Technology,Copiers,6536.92,2,0.0,2776.92,187.93,Medium
ORD-2026-12784,2026-01-27,2026-02-02,Standard Class,CUST-0147,William Martinez,Corporate,United States,South,Georgia,Technology,Copiers,10537.76,5,0.0,4104.16,307.31,Medium
ORD-2026-12785,2026-01-27,2026-02-02,Standard Class,CUST-0255,Joseph Hernandez,Corporate,United States,South,North Carolina,Office Supplies,Labels,121.69,4,0.2,32.12,13.21,Medium
ORD-2026-12786,2026-01-27,2026-02-02,Standard Class,CUST-0191,Richard Rodriguez,Consumer,United States,East,Pennsylvania,Office Supplies,Storage,681.08,7,0.3,-98.18,36.22,High
ORD-2026-12787,2026-01-28,2026-02-04,Standard Class,CUST-0132,Lisa Perez,Consumer,United States,East,Massachusetts,Technology,Copiers,5884.34,2,0.0,2173.74,169.66,High
ORD-2026-12788,2026-01-29,2026-02-01,Second Class,CUST-0072,Patricia Martin,Consumer,United States,South,Tennessee,Furniture,Chairs,639.24,3,0.1,33.12,36.07,High
ORD-2026-12789,2026-01-30,2026-02-06,Standard Class,CUST-0363,Susan White,Home Office,United States,South,Virginia,Technology,Accessories,1101.88,6,0.15,251.47,45.55,Medium
ORD-2026-12790,2026-01-30,2026-02-06,Standard Class,CUST-0448,Elizabeth Martinez,Consumer,United States,South,North Carolina,Technology,Copiers,8583.08,10,0.4,300.01,264.83,High
ORD-2026-12791,2026-01-30,2026-01-31,First Class,CUST-0155,David Rodriguez,Consumer,United States,West,California,Office Supplies,Art,287.94,8,0.3,-27.75,51.37,Medium
ORD-2026-12792,2026-01-31,2026-02-03,Second Class,CUST-0181,William Brown,Consumer,United States,West,Washington,Technology,Copiers,14525.17,4,0.0,5711.03,595.01,Medium
ORD-2026-12793,2026-01-31,2026-02-03,Second Class,CUST-0294,Thomas Miller,Corporate,United States,Central,Texas,Furniture,Chairs,330.35,1,0.0,38.6,16.71,High
ORD-2026-12794,2026-02-01,2026-02-06,Standard Class,CUST-0326,Barbara Perez,Consumer,United States,East,Pennsylvania,Furniture,Furnishings,92.95,1,0.0,22.12,5.05,Low
ORD-2026-12795,2026-02-01,2026-02-05,Second Class,CUST-0184,Jennifer Martinez,Home Office,United States,West,Oregon,Technology,Copiers,5630.8,5,0.1,1563.8,242.73,Medium
ORD-2026-12796,2026-02-01,2026-02-05,Second Class,CUST-0406,John Perez,Consumer,United States,West,Arizona,Furniture,Bookcases,1027.54,5,0.15,-129.67,58.6,Medium
ORD-2026-12797,2026-02-03,2026-02-04,First Class,CUST-0267,Christopher Hernandez,Corporate,United States,South,North Carolina,Office Supplies,Envelopes,177.82,4,0.0,65.14,27.45,Medium
ORD-2026-12798,2026-02-03,2026-02-08,Standard Class,CUST-0211,Michael Anderson,Consumer,United States,South,Florida,Office Supplies,Supplies,99.53,2,0.3,-27.42,7.69,Medium
ORD-2026-12799,2026-02-04,2026-02-11,Standard Class,CUST-0303,James Taylor,Home Office,United States,East,Pennsylvania,Technology,Copiers,6510.62,3,0.1,2062.59,189.65,High
ORD-2026-12800,2026-02-04,2026-02-11,Standard Class,CUST-0429,Joseph Moore,Consumer,United States,South,North Carolina,Office Supplies,Storage,133.03,2,0.7,-220.89,8.62,High
ORD-2026-12801,2026-02-04,2026-02-09,Standard Class,CUST-0355,Charles Rodriguez,Home Office,United States,East,Pennsylvania,Office Supplies,Labels,107.74,2,0.0,44.63,7.92,High
ORD-2026-12802,2026-02-05,2026-02-10,Standard Class,CUST-0021,David Miller,Consumer,United States,Central,Illinois,Technology,Machines,2632.4,2,0.0,127.4,78.61,High
ORD-2026-12803,2026-02-06,2026-02-13,Standard Class,CUST-0157,Karen Anderson,Consumer,United States,East,New Jersey,Technology,Machines,9721.51,7,0.0,467.88,289.35,Low
ORD-2026-12804,2026-02-06,2026-02-13,Standard Class,CUST-0227,Joseph Smith,Consumer,United States,West,Nevada,Technology,Copiers,3468.04,1,0.0,1457.71,99.56,Medium
ORD-2026-12805,2026-02-07,2026-02-13,Standard Class,CUST-0151,Susan Garcia,Home Office,United States,East,New Jersey,Technology,Machines,1940.38,3,0.2,-378.62,61.68,High
ORD-2026-12806,2026-02-08,2026-02-11,Second Class,CUST-0316,Michael Jones,Consumer,United States,East,Pennsylvania,Office Supplies,Storage,557.53,2,0.0,129.8,29.3,Medium
ORD-2026-12807,2026-02-08,2026-02-11,Second Class,CUST-0365,Patricia Martinez,Corporate,United States,East,Massachusetts,Technology,Machines,5091.13,4,0.15,-480.18,217.65,Medium
ORD-2026-12808,2026-02-09,2026-02-09,Same Day,CUST-0329,Nancy Taylor,Corporate,United States,West,Washington,Technology,Machines,3530.11,3,0.0,126.13,242.73,Critical
ORD-2026-12809,2026-02-09,2026-02-16,Standard Class,CUST-0445,Barbara Jones,Consumer,United States,South,Tennessee,Technology,Phones,6611.05,7,0.0,1525.45,202.26,High
ORD-2026-12810,2026-02-10,2026-02-10,Same Day,CUST-0132,Lisa Perez,Consumer,United States,West,Oregon,Furniture,Bookcases,263.96,1,0.2,-59.53,22.49,Medium
ORD-2026-12811,2026-02-10,2026-02-13,Second Class,CUST-0382,Elizabeth Garcia,Consumer,United States,West,California,Furniture,Tables,373.02,1,0.4,-216.72,18.42,Medium
ORD-2026-12812,2026-02-10,2026-02-13,Second Class,CUST-0345,Karen Jackson,Corporate,United States,East,New Jersey,Office Supplies,Appliances,838.72,4,0.0,143.04,47.55,High
ORD-2026-12813,2026-02-10,2026-02-14,Second Class,CUST-0175,Linda Garcia,Corporate,United States,East,Massachusetts,Technology,Phones,895.11,2,0.5,-398.48,42.8,Low
ORD-2026-12814,2026-02-11,2026-02-15,Second Class,CUST-0330,Sarah Hernandez,Consumer,United States,East,Massachusetts,Furniture,Furnishings,85.76,1,0.1,3.58,6.93,High
ORD-2026-12815,2026-02-12,2026-02-19,Standard Class,CUST-0046,Joseph Williams,Home Office,United States,Central,Indiana,Technology,Machines,4158.25,3,0.0,154.77,123.78,Medium
ORD-2026-12816,2026-02-12,2026-02-18,Standard Class,CUST-0352,Robert Martin,Corporate,United States,East,New York,Office Supplies,Binders,260.54,4,0.2,65.8,17.1,Medium
ORD-2026-12817,2026-02-14,2026-02-21,Standard Class,CUST-0255,Joseph Hernandez,Corporate,United States,Central,Texas,Furniture,Furnishings,145.26,1,0.0,29.68,6.52,Medium
ORD-2026-12818,2026-02-14,2026-02-18,Second Class,CUST-0140,Richard Lee,Consumer,United States,Central,Texas,Technology,Phones,1621.06,2,0.0,376.63,71.84,High
ORD-2026-12819,2026-02-14,2026-02-18,Second Class,CUST-0305,Robert Moore,Consumer,United States,West,Colorado,Technology,Copiers,12090.86,5,0.15,3064.4,501.13,Medium
ORD-2026-12820,2026-02-14,2026-02-17,Second Class,CUST-0302,William Martin,Consumer,United States,East,Massachusetts,Technology,Accessories,581.32,3,0.0,235.22,33.75,Medium
ORD-2026-12821,2026-02-14,2026-02-16,First Class,CUST-0105,Mary Johnson,Home Office,United States,South,Virginia,Technology,Accessories,252.57,1,0.0,80.24,17.68,High
ORD-2026-12822,2026-02-14,2026-02-18,Second Class,CUST-0018,William Rodriguez,Consumer,United States,West,Arizona,Furniture,Tables,1040.32,2,0.0,112.91,48.61,High
ORD-2026-12823,2026-02-15,2026-02-21,Standard Class,CUST-0205,Thomas Jackson,Consumer,United States,East,New York,Office Supplies,Envelopes,30.73,3,0.2,2.86,8.21,High
ORD-2026-12824,2026-02-15,2026-02-19,Second Class,CUST-0272,Linda Jones,Consumer,United States,South,Georgia,Technology,Accessories,190.81,1,0.15,47.0,11.13,Low
ORD-2026-12825,2026-02-15,2026-02-20,Standard Class,CUST-0384,William Jackson,Corporate,United States,East,New York,Furniture,Furnishings,349.5,5,0.0,62.98,22.04,High
ORD-2026-12826,2026-02-15,2026-02-18,Second Class,CUST-0413,Jennifer Miller,Corporate,United States,East,New York,Office Supplies,Supplies,163.68,4,0.3,-62.2,20.55,Medium
ORD-2026-12827,2026-02-15,2026-02-22,Standard Class,CUST-0255,Joseph Hernandez,Corporate,United States,South,Florida,Furniture,Furnishings,235.01,3,0.0,47.6,13.93,Critical
ORD-2026-12828,2026-02-15,2026-02-21,Standard Class,CUST-0339,John Smith,Consumer,United States,West,Nevada,Technology,Phones,2244.91,7,0.15,188.43,80.01,Medium
ORD-2026-12829,2026-02-16,2026-02-23,Standard Class,CUST-0208,Sarah Thompson,Home Office,United States,West,Colorado,Technology,Accessories,198.39,2,0.3,8.51,10.45,Medium
ORD-2026-12830,2026-02-16,2026-02-17,First Class,CUST-0336,Richard Rodriguez,Consumer,United States,South,Virginia,Office Supplies,Supplies,52.49,1,0.2,-11.51,7.28,High
ORD-2026-12831,2026-02-17,2026-02-23,Standard Class,CUST-0102,Mary Hernandez,Home Office,United States,South,Virginia,Office Supplies,Appliances,1145.93,4,0.1,129.56,41.89,Medium
ORD-2026-12832,2026-02-17,2026-02-23,Standard Class,CUST-0177,Jessica Thomas,Corporate,United States,East,Massachusetts,Technology,Machines,3783.52,3,0.15,-417.7,113.29,Medium
ORD-2026-12833,2026-02-17,2026-02-19,First Class,CUST-0299,Lisa Hernandez,Consumer,United States,East,New Jersey,Technology,Machines,2806.57,2,0.0,56.34,155.04,High
ORD-2026-12834,2026-02-18,2026-02-24,Standard Class,CUST-0007,Lisa Martinez,Consumer,United States,South,North Carolina,Office Supplies,Appliances,625.87,2,0.15,72.86,22.42,Low
ORD-2026-12835,2026-02-18,2026-02-23,Standard Class,CUST-0327,Lisa Jackson,Corporate,United States,Central,Texas,Furniture,Tables,1020.18,2,0.0,48.22,33.47,High
ORD-2026-12836,2026-02-19,2026-02-25,Standard Class,CUST-0369,John Anderson,Corporate,United States,West,Colorado,Office Supplies,Envelopes,85.83,2,0.0,41.0,7.3,Medium
ORD-2026-12837,2026-02-21,2026-02-28,Standard Class,CUST-0188,Richard Gonzalez,Corporate,United States,West,Washington,Technology,Machines,1776.1,4,0.0,33.63,59.53,Medium
ORD-2026-12838,2026-02-21,2026-02-26,Standard Class,CUST-0211,Michael Anderson,Consumer,United States,East,Pennsylvania,Office Supplies,Storage,862.08,4,0.0,173.77,33.94,Medium
ORD-2026-12839,2026-02-22,2026-02-28,Standard Class,CUST-0373,Nancy Smith,Corporate,United States,South,Georgia,Office Supplies,Art,58.25,2,0.1,8.0,6.53,Medium
ORD-2026-12840,2026-02-23,2026-02-26,Second Class,CUST-0347,Nancy Johnson,Corporate,United States,South,Georgia,Technology,Accessories,341.78,2,0.3,13.03,20.67,Medium
ORD-2026-12841,2026-02-24,2026-03-03,Standard Class,CUST-0138,William Gonzalez,Consumer,United States,South,Virginia,Furniture,Furnishings,56.39,2,0.0,13.1,6.48,High
ORD-2026-12842,2026-02-24,2026-02-27,Second Class,CUST-0155,David Rodriguez,Consumer,United States,South,Tennessee,Technology,Machines,2079.96,2,0.0,71.73,90.2,Medium
ORD-2026-12843,2026-02-24,2026-03-03,Standard Class,CUST-0309,Barbara Lee,Consumer,United States,East,New Jersey,Furniture,Chairs,386.36,1,0.1,26.57,13.27,Critical
ORD-2026-12844,2026-02-24,2026-03-02,Standard Class,CUST-0268,William Moore,Home Office,United States,East,Ohio,Office Supplies,Art,45.53,2,0.15,-4.03,6.17,Medium
ORD-2026-12845,2026-02-24,2026-03-02,Standard Class,CUST-0083,Jessica Gonzalez,Consumer,United States,Central,Indiana,Technology,Machines,2885.53,2,0.0,57.62,85.69,Medium
ORD-2026-12846,2026-02-25,2026-03-03,Standard Class,CUST-0151,Susan Garcia,Home Office,United States,Central,Texas,Office Supplies,Fasteners,29.5,3,0.0,6.58,8.18,Medium
ORD-2026-12847,2026-02-25,2026-03-01,Second Class,CUST-0398,Richard Perez,Consumer,United States,East,New York,Technology,Accessories,592.88,5,0.1,142.61,41.22,Critical
ORD-2026-12848,2026-02-26,2026-03-03,Standard Class,CUST-0312,Nancy Martin,Consumer,United States,West,Colorado,Office Supplies,Appliances,241.16,2,0.2,-7.65,11.65,Critical
ORD-2026-12849,2026-02-27,2026-03-02,Second Class,CUST-0443,Thomas Anderson,Consumer,United States,South,Tennessee,Furniture,Tables,5405.8,8,0.0,-88.81,244.23,Low
ORD-2026-12850,2026-02-27,2026-03-05,Standard Class,CUST-0345,Karen Jackson,Corporate,United States,East,New York,Office Supplies,Labels,46.72,5,0.0,28.06,13.56,Low
ORD-2026-12851,2026-02-27,2026-03-04,Standard Class,CUST-0423,William Hernandez,Consumer,United States,East,Pennsylvania,Technology,Machines,7050.44,9,0.15,-843.78,219.46,Low
ORD-2026-12852,2026-02-27,2026-03-05,Standard Class,CUST-0108,Christopher Davis,Consumer,United States,Central,Wisconsin,Furniture,Furnishings,661.84,6,0.0,131.92,33.23,High
ORD-2026-12853,2026-02-28,2026-03-03,Second Class,CUST-0347,Nancy Johnson,Corporate,United States,Central,Illinois,Furniture,Furnishings,212.48,3,0.0,44.02,19.0,High
ORD-2026-12854,2026-03-01,2026-03-06,Standard Class,CUST-0007,Lisa Martinez,Consumer,United States,West,Nevada,Furniture,Tables,786.23,3,0.1,-62.32,29.36,Medium
ORD-2026-12855,2026-03-01,2026-03-07,Standard Class,CUST-0309,Barbara Lee,Consumer,United States,South,Georgia,Furniture,Tables,101.17,1,0.4,-63.25,5.28,High
ORD-2026-12856,2026-03-02,2026-03-08,Standard Class,CUST-0225,Nancy Thomas,Consumer,United States,West,Nevada,Furniture,Bookcases,1356.0,4,0.0,133.24,47.77,High
ORD-2026-12857,2026-03-02,2026-03-03,First Class,CUST-0169,Robert Hernandez,Consumer,United States,West,Nevada,Office Supplies,Supplies,220.17,3,0.1,2.77,25.1,Critical
ORD-2026-12858,2026-03-02,2026-03-07,Standard Class,CUST-0380,Charles White,Corporate,United States,East,Pennsylvania,Technology,Phones,3510.49,3,0.0,938.85,105.64,Medium
ORD-2026-12859,2026-03-04,2026-03-10,Standard Class,CUST-0373,Nancy Smith,Corporate,United States,Central,Wisconsin,Office Supplies,Envelopes,85.09,4,0.3,2.55,12.18,Critical
ORD-2026-12860,2026-03-05,2026-03-11,Standard Class,CUST-0007,Lisa Martinez,Consumer,United States,South,North Carolina,Furniture,Furnishings,207.09,2,0.0,36.82,10.7,High
ORD-2026-12861,2026-03-06,2026-03-08,First Class,CUST-0292,James Brown,Corporate,United States,Central,Michigan,Furniture,Chairs,1248.93,3,0.1,76.94,78.59,Medium
ORD-2026-12862,2026-03-09,2026-03-14,Standard Class,CUST-0177,Jessica Thomas,Corporate,United States,South,Georgia,Furniture,Bookcases,345.77,2,0.2,-74.22,14.58,Medium
ORD-2026-12863,2026-03-09,2026-03-15,Standard Class,CUST-0200,Karen Williams,Corporate,United States,West,Oregon,Office Supplies,Storage,454.14,4,0.5,-269.95,22.52,Critical
ORD-2026-12864,2026-03-10,2026-03-15,Standard Class,CUST-0368,Patricia Martinez,Consumer,United States,West,Colorado,Furniture,Chairs,1251.83,6,0.15,-6.59,49.75,Medium
ORD-2026-12865,2026-03-12,2026-03-18,Standard Class,CUST-0151,Susan Garcia,Home Office,United States,East,New York,Office Supplies,Binders,217.43,5,0.0,74.35,18.34,Medium
ORD-2026-12866,2026-03-13,2026-03-19,Standard Class,CUST-0424,David Garcia,Home Office,United States,West,Colorado,Technology,Accessories,598.29,5,0.0,224.02,29.0,Medium
ORD-2026-12867,2026-03-13,2026-03-14,First Class,CUST-0087,David Martinez,Corporate,United States,South,Tennessee,Office Supplies,Paper,54.21,1,0.0,24.27,7.37,Medium
ORD-2026-12868,2026-03-13,2026-03-19,Standard Class,CUST-0306,Joseph Garcia,Home Office,United States,Central,Indiana,Technology,Machines,2398.31,7,0.1,-178.14,84.3,Critical
ORD-2026-12869,2026-03-13,2026-03-18,Standard Class,CUST-0309,Barbara Lee,Consumer,United States,South,Virginia,Furniture,Tables,805.39,2,0.15,-131.84,27.45,Medium
ORD-2026-12870,2026-03-14,2026-03-20,Standard Class,CUST-0120,Elizabeth Johnson,Consumer,United States,West,Washington,Furniture,Furnishings,120.87,6,0.2,-5.99,18.08,Medium
ORD-2026-12871,2026-03-14,2026-03-21,Standard Class,CUST-0155,David Rodriguez,Consumer,United States,East,New Jersey,Furniture,Bookcases,209.23,1,0.0,15.6,8.31,High
ORD-2026-12872,2026-03-14,2026-03-15,First Class,CUST-0369,John Anderson,Corporate,United States,East,New York,Furniture,Tables,351.08,2,0.15,-53.22,27.36,Critical
ORD-2026-12873,2026-03-14,2026-03-14,Same Day,CUST-0345,Karen Jackson,Corporate,United States,West,Colorado,Technology,Machines,1156.22,4,0.3,-460.77,96.4,High
ORD-2026-12874,2026-03-14,2026-03-14,Same Day,CUST-0155,David Rodriguez,Consumer,United States,East,New York,Furniture,Chairs,904.57,3,0.4,-466.44,74.69,Medium
ORD-2026-12875,2026-03-15,2026-03-21,Standard Class,CUST-0256,Barbara Wilson,Consumer,United States,East,Pennsylvania,Furniture,Furnishings,187.31,2,0.15,0.63,10.14,Critical
ORD-2026-12876,2026-03-15,2026-03-20,Standard Class,CUST-0027,Charles Jones,Consumer,United States,East,New Jersey,Technology,Phones,2255.0,4,0.15,293.25,72.94,High
ORD-2026-12877,2026-03-15,2026-03-15,Same Day,CUST-0104,Jennifer Moore,Consumer,United States,East,Massachusetts,Technology,Phones,1800.31,3,0.1,281.01,132.02,Medium
ORD-2026-12878,2026-03-16,2026-03-21,Standard Class,CUST-0229,Jennifer Perez,Consumer,United States,West,Colorado,Office Supplies,Supplies,48.96,2,0.0,-3.19,6.27,High
ORD-2026-12879,2026-03-16,2026-03-22,Standard Class,CUST-0034,David Martinez,Consumer,United States,East,Massachusetts,Office Supplies,Supplies,71.83,3,0.0,4.05,9.36,Critical
ORD-2026-12880,2026-03-16,2026-03-22,Standard Class,CUST-0373,Nancy Smith,Corporate,United States,East,Ohio,Technology,Phones,444.56,1,0.1,65.58,14.9,High
ORD-2026-12881,2026-03-17,2026-03-23,Standard Class,CUST-0326,Barbara Perez,Consumer,United States,West,Washington,Technology,Copiers,4594.36,4,0.0,1612.25,138.44,Low
ORD-2026-12882,2026-03-17,2026-03-23,Standard Class,CUST-0424,David Garcia,Home Office,United States,West,Arizona,Technology,Accessories,176.61,1,0.1,44.08,7.4,Medium
ORD-2026-12883,2026-03-17,2026-03-24,Standard Class,CUST-0313,Joseph Miller,Consumer,United States,West,Oregon,Office Supplies,Envelopes,32.85,3,0.15,13.97,8.27,High
ORD-2026-12884,2026-03-18,2026-03-24,Standard Class,CUST-0421,Joseph Thomas,Home Office,United States,East,Massachusetts,Office Supplies,Appliances,231.15,2,0.1,25.09,11.37,Medium
ORD-2026-12885,2026-03-20,2026-03-27,Standard Class,CUST-0267,Christopher Hernandez,Corporate,United States,West,Oregon,Technology,Phones,1059.32,2,0.0,276.34,34.56,Critical
ORD-2026-12886,2026-03-22,2026-03-23,First Class,CUST-0291,Christopher Martinez,Consumer,United States,East,Ohio,Office Supplies,Fasteners,23.09,3,0.0,7.16,14.85,High
ORD-2026-12887,2026-03-22,2026-03-28,Standard Class,CUST-0439,Jennifer Gonzalez,Consumer,United States,Central,Texas,Technology,Machines,3455.22,3,0.0,137.97,104.1,High
ORD-2026-12888,2026-03-22,2026-03-29,Standard Class,CUST-0302,William Martin,Consumer,United States,Central,Illinois,Technology,Copiers,16913.82,8,0.0,7226.26,493.19,High
ORD-2026-12889,2026-03-23,2026-03-28,Standard Class,CUST-0018,William Rodriguez,Consumer,United States,Central,Illinois,Office Supplies,Labels,109.93,5,0.5,-22.13,15.33,High
ORD-2026-12890,2026-03-23,2026-03-30,Standard Class,CUST-0327,Lisa Jackson,Corporate,United States,East,Massachusetts,Office Supplies,Binders,303.96,4,0.0,112.51,18.31,High
ORD-2026-12891,2026-03-23,2026-03-23,Same Day,CUST-0406,John Perez,Consumer,United States,East,Pennsylvania,Office Supplies,Labels,115.09,3,0.0,51.19,24.17,High
ORD-2026-12892,2026-03-23,2026-03-26,Second Class,CUST-0356,Christopher White,Consumer,United States,Central,Texas,Furniture,Chairs,1024.36,2,0.0,180.38,47.97,Medium
ORD-2026-12893,2026-03-24,2026-03-24,Same Day,CUST-0282,Jessica Wilson,Consumer,United States,East,New Jersey,Technology,Copiers,1942.63,1,0.15,486.24,129.93,Medium
ORD-2026-12894,2026-03-25,2026-03-30,Standard Class,CUST-0309,Barbara Lee,Consumer,United States,Central,Indiana,Office Supplies,Binders,145.56,2,0.15,32.3,8.98,Medium
ORD-2026-12895,2026-03-25,2026-03-31,Standard Class,CUST-0446,Lisa Garcia,Consumer,United States,East,Ohio,Office Supplies,Art,129.64,5,0.0,31.8,15.88,Medium
ORD-2026-12896,2026-03-26,2026-04-02,Standard Class,CUST-0039,Lisa Johnson,Corporate,United States,East,New Jersey,Technology,Phones,310.76,2,0.3,-36.94,13.6,High
ORD-2026-12897,2026-03-26,2026-04-01,Standard Class,CUST-0309,Barbara Lee,Consumer,United States,Central,Wisconsin,Furniture,Tables,976.75,2,0.2,-146.43,32.25,Medium
ORD-2026-12898,2026-03-26,2026-03-30,Second Class,CUST-0134,William Brown,Consumer,United States,West,California,Office Supplies,Labels,80.16,2,0.0,30.0,10.21,Medium
ORD-2026-12899,2026-03-27,2026-03-29,First Class,CUST-0302,William Martin,Consumer,United States,East,Massachusetts,Office Supplies,Supplies,163.33,2,0.1,-11.0,17.59,Medium
ORD-2026-12900,2026-03-27,2026-04-03,Standard Class,CUST-0292,James Brown,Corporate,United States,West,Washington,Office Supplies,Supplies,32.76,1,0.1,1.84,3.37,High
ORD-2026-12901,2026-03-28,2026-04-02,Standard Class,CUST-0080,James Jones,Corporate,United States,East,New York,Office Supplies,Paper,271.09,3,0.0,105.01,14.94,High
ORD-2026-12902,2026-03-28,2026-04-02,Standard Class,CUST-0102,Mary Hernandez,Home Office,United States,West,Colorado,Technology,Copiers,5659.55,2,0.2,1386.08,163.37,Medium
ORD-2026-12903,2026-03-29,2026-03-31,First Class,CUST-0294,Thomas Miller,Corporate,United States,East,New York,Furniture,Furnishings,293.43,3,0.0,59.62,28.91,Medium
ORD-2026-12904,2026-03-29,2026-04-03,Standard Class,CUST-0070,Michael Lee,Home Office,United States,Central,Wisconsin,Office Supplies,Paper,174.18,3,0.0,66.54,12.23,Medium
ORD-2026-12905,2026-03-29,2026-03-29,Same Day,CUST-0127,Thomas Jackson,Consumer,United States,Central,Michigan,Technology,Phones,3667.87,5,0.0,845.16,262.74,Medium
ORD-2026-12906,2026-03-30,2026-04-04,Standard Class,CUST-0369,John Anderson,Corporate,United States,East,Ohio,Office Supplies,Binders,165.97,4,0.1,48.2,14.45,Medium
ORD-2026-12907,2026-03-30,2026-04-05,Standard Class,CUST-0155,David Rodriguez,Consumer,United States,South,Florida,Office Supplies,Appliances,1047.67,5,0.3,-181.66,41.58,Medium
ORD-2026-12908,2026-03-30,2026-04-02,Second Class,CUST-0229,Jennifer Perez,Consumer,United States,East,Pennsylvania,Technology,Accessories,142.61,3,0.0,45.77,16.2,Medium
ORD-2026-12909,2026-03-30,2026-04-04,Standard Class,CUST-0421,Joseph Thomas,Home Office,United States,East,New Jersey,Office Supplies,Supplies,178.23,2,0.0,15.01,9.89,Medium
ORD-2026-12910,2026-03-30,2026-04-06,Standard Class,CUST-0114,Sarah Jackson,Corporate,United States,South,Tennessee,Office Supplies,Storage,1427.12,7,0.1,155.76,57.11,Medium
ORD-2026-12911,2026-03-30,2026-03-31,First Class,CUST-0182,Barbara Rodriguez,Consumer,United States,Central,Illinois,Furniture,Bookcases,199.27,1,0.0,-1.98,14.91,High
ORD-2026-12912,2026-03-31,2026-04-07,Standard Class,CUST-0291,Christopher Martinez,Consumer,United States,Central,Indiana,Office Supplies,Labels,22.92,1,0.0,10.24,3.09,High
ORD-2026-12913,2026-03-31,2026-04-06,Standard Class,CUST-0339,John Smith,Consumer,United States,West,Nevada,Technology,Phones,2304.35,2,0.0,495.37,69.42,Medium
ORD-2026-12914,2026-04-01,2026-04-04,Second Class,CUST-0400,Elizabeth Brown,Consumer,United States,East,New York,Office Supplies,Supplies,132.01,3,0.0,7.57,15.78,Medium
ORD-2026-12915,2026-04-01,2026-04-07,Standard Class,CUST-0410,Jessica Miller,Consumer,United States,South,North Carolina,Technology,Copiers,2155.48,1,0.0,817.85,62.8,Medium
ORD-2026-12916,2026-04-01,2026-04-07,Standard Class,CUST-0347,Nancy Johnson,Corporate,United States,East,New York,Office Supplies,Labels,158.48,4,0.0,68.61,14.24,Critical
ORD-2026-12917,2026-04-03,2026-04-10,Standard Class,CUST-0115,Joseph Garcia,Consumer,United States,Central,Texas,Furniture,Tables,1443.68,3,0.0,-9.7,47.77,Low
ORD-2026-12918,2026-04-03,2026-04-10,Standard Class,CUST-0011,William Perez,Consumer,United States,East,New Jersey,Technology,Copiers,9114.96,3,0.1,3084.35,262.57,Critical
ORD-2026-12919,2026-04-03,2026-04-03,Same Day,CUST-0181,William Brown,Consumer,United States,South,Georgia,Furniture,Chairs,497.66,2,0.0,86.89,43.05,High
ORD-2026-12920,2026-04-05,2026-04-10,Standard Class,CUST-0076,James Johnson,Consumer,United States,West,Arizona,Technology,Accessories,129.83,3,0.5,-39.58,10.99,Low
ORD-2026-12921,2026-04-05,2026-04-05,Same Day,CUST-0319,Joseph Lee,Consumer,United States,East,New Jersey,Technology,Copiers,2341.6,1,0.0,939.47,155.46,Medium
ORD-2026-12922,2026-04-06,2026-04-09,Second Class,CUST-0306,Joseph Garcia,Home Office,United States,West,Oregon,Technology,Phones,752.23,1,0.15,84.15,33.59,High
ORD-2026-12923,2026-04-06,2026-04-10,Second Class,CUST-0022,William Garcia,Corporate,United States,Central,Illinois,Office Supplies,Storage,217.85,2,0.2,-5.93,15.71,Medium
ORD-2026-12924,2026-04-06,2026-04-11,Standard Class,CUST-0369,John Anderson,Corporate,United States,Central,Wisconsin,Office Supplies,Binders,265.87,4,0.0,97.25,17.24,Medium
ORD-2026-12925,2026-04-06,2026-04-13,Standard Class,CUST-0120,Elizabeth Johnson,Consumer,United States,West,Colorado,Office Supplies,Storage,342.36,3,0.15,9.51,16.94,Medium
ORD-2026-12926,2026-04-08,2026-04-13,Standard Class,CUST-0204,Thomas Hernandez,Home Office,United States,Central,Texas,Office Supplies,Binders,94.96,3,0.2,19.62,10.01,Medium
ORD-2026-12927,2026-04-08,2026-04-09,First Class,CUST-0309,Barbara Lee,Consumer,United States,East,Ohio,Office Supplies,Labels,66.9,3,0.0,23.22,17.13,Medium
ORD-2026-12928,2026-04-09,2026-04-14,Standard Class,CUST-0204,Thomas Hernandez,Home Office,United States,West,Oregon,Technology,Machines,550.72,3,0.7,-1196.12,22.77,Medium
ORD-2026-12929,2026-04-09,2026-04-10,First Class,CUST-0208,Sarah Thompson,Home Office,United States,East,New York,Office Supplies,Labels,103.6,2,0.0,48.15,14.49,Medium
ORD-2026-12930,2026-04-10,2026-04-14,Second Class,CUST-0029,Nancy Jones,Corporate,United States,West,Arizona,Office Supplies,Binders,104.66,1,0.0,33.1,7.69,High
ORD-2026-12931,2026-04-10,2026-04-12,First Class,CUST-0188,Richard Gonzalez,Corporate,United States,East,Pennsylvania,Technology,Machines,7450.67,6,0.2,-1696.79,414.74,Medium
ORD-2026-12932,2026-04-10,2026-04-17,Standard Class,CUST-0345,Karen Jackson,Corporate,United States,East,Ohio,Office Supplies,Binders,58.69,3,0.0,25.45,8.99,High
ORD-2026-12933,2026-04-10,2026-04-16,Standard Class,CUST-0410,Jessica Miller,Consumer,United States,Central,Illinois,Furniture,Bookcases,825.72,4,0.15,-123.19,32.92,High
ORD-2026-12934,2026-04-11,2026-04-18,Standard Class,CUST-0198,Mary Taylor,Corporate,United States,Central,Wisconsin,Office Supplies,Fasteners,49.45,2,0.3,8.85,6.28,High
ORD-2026-12935,2026-04-11,2026-04-17,Standard Class,CUST-0202,Jessica Wilson,Corporate,United States,Central,Texas,Office Supplies,Art,82.69,4,0.4,-23.73,12.12,Medium
ORD-2026-12936,2026-04-12,2026-04-17,Standard Class,CUST-0317,Daniel Williams,Corporate,United States,West,California,Office Supplies,Envelopes,80.16,3,0.1,23.4,9.59,Medium
ORD-2026-12937,2026-04-13,2026-04-18,Standard Class,CUST-0424,David Garcia,Home Office,United States,South,North Carolina,Technology,Machines,536.31,1,0.5,-509.32,17.47,Medium
ORD-2026-12938,2026-04-14,2026-04-19,Standard Class,CUST-0128,Charles Taylor,Consumer,United States,Central,Michigan,Technology,Phones,5826.56,6,0.0,1659.31,177.84,Critical
ORD-2026-12939,2026-04-16,2026-04-19,Second Class,CUST-0208,Sarah Thompson,Home Office,United States,West,Nevada,Office Supplies,Paper,194.8,2,0.0,77.72,14.79,Medium
ORD-2026-12940,2026-04-16,2026-04-17,First Class,CUST-0356,Christopher White,Consumer,United States,Central,Wisconsin,Technology,Machines,769.08,1,0.1,-58.98,44.54,High
ORD-2026-12941,2026-04-16,2026-04-22,Standard Class,CUST-0292,James Brown,Corporate,United States,West,Washington,Furniture,Tables,202.39,1,0.15,-19.1,8.12,Medium
ORD-2026-12942,2026-04-16,2026-04-23,Standard Class,CUST-0050,Lisa Thompson,Corporate,United States,East,Ohio,Furniture,Chairs,838.05,4,0.1,51.99,33.27,Critical
ORD-2026-12943,2026-04-16,2026-04-21,Standard Class,CUST-0299,Lisa Hernandez,Consumer,United States,East,New York,Office Supplies,Storage,201.98,4,0.1,22.64,15.46,Medium
ORD-2026-12944,2026-04-17,2026-04-21,Second Class,CUST-0091,Christopher Gonzalez,Consumer,United States,East,New Jersey,Technology,Machines,4258.2,4,0.0,299.92,184.33,High
ORD-2026-12945,2026-04-17,2026-04-19,First Class,CUST-0245,Mary Thompson,Consumer,United States,South,Georgia,Technology,Phones,7356.91,7,0.1,974.6,414.41,High
ORD-2026-12946,2026-04-18,2026-04-22,Second Class,CUST-0255,Joseph Hernandez,Corporate,United States,East,Ohio,Furniture,Chairs,500.49,2,0.4,-238.86,27.02,Medium
ORD-2026-12947,2026-04-18,2026-04-24,Standard Class,CUST-0383,Susan Taylor,Consumer,United States,West,Washington,Furniture,Furnishings,387.21,3,0.1,31.93,18.19,Medium
ORD-2026-12948,2026-04-18,2026-04-24,Standard Class,CUST-0220,James Davis,Corporate,United States,South,Florida,Technology,Accessories,543.42,3,0.0,170.22,22.57,Medium
ORD-2026-12949,2026-04-20,2026-04-27,Standard Class,CUST-0133,Charles Martinez,Consumer,United States,South,Virginia,Office Supplies,Storage,512.13,9,0.2,-22.31,36.39,High
ORD-2026-12950,2026-04-20,2026-04-21,First Class,CUST-0115,Joseph Garcia,Consumer,United States,Central,Texas,Office Supplies,Labels,41.62,2,0.0,6.66,11.26,Medium
ORD-2026-12951,2026-04-20,2026-04-23,Second Class,CUST-0382,Elizabeth Garcia,Consumer,United States,East,New York,Office Supplies,Art,256.88,8,0.2,6.35,38.28,Medium
ORD-2026-12952,2026-04-20,2026-04-25,Standard Class,CUST-0084,David Taylor,Consumer,United States,West,Oregon,Technology,Copiers,3884.14,1,0.0,1474.73,111.21,Medium
ORD-2026-12953,2026-04-21,2026-04-28,Standard Class,CUST-0204,Thomas Hernandez,Home Office,United States,Central,Texas,Office Supplies,Labels,122.52,4,0.0,58.91,13.23,Medium
ORD-2026-12954,2026-04-21,2026-04-22,First Class,CUST-0091,Christopher Gonzalez,Consumer,United States,West,Nevada,Office Supplies,Art,170.79,3,0.0,47.47,22.53,Medium
ORD-2026-12955,2026-04-21,2026-04-28,Standard Class,CUST-0347,Nancy Johnson,Corporate,United States,West,Colorado,Furniture,Bookcases,1459.79,5,0.0,86.75,53.12,Medium
ORD-2026-12956,2026-04-22,2026-04-24,First Class,CUST-0228,Nancy Williams,Corporate,United States,East,Pennsylvania,Technology,Copiers,1220.04,1,0.15,327.36,67.99,Medium
ORD-2026-12957,2026-04-22,2026-04-28,Standard Class,CUST-0172,Susan Hernandez,Home Office,United States,West,Washington,Office Supplies,Envelopes,32.95,1,0.0,15.06,3.37,Medium
ORD-2026-12958,2026-04-22,2026-04-25,Second Class,CUST-0175,Linda Garcia,Corporate,United States,West,California,Furniture,Bookcases,220.73,1,0.3,-80.06,12.33,High
ORD-2026-12959,2026-04-23,2026-04-30,Standard Class,CUST-0373,Nancy Smith,Corporate,United States,East,Ohio,Office Supplies,Appliances,227.84,3,0.1,33.92,13.73,High
ORD-2026-12960,2026-04-24,2026-04-29,Standard Class,CUST-0267,Christopher Hernandez,Corporate,United States,West,Colorado,Technology,Machines,2625.03,3,0.0,60.38,80.85,Medium
ORD-2026-12961,2026-04-24,2026-04-29,Standard Class,CUST-0326,Barbara Perez,Consumer,United States,West,Arizona,Office Supplies,Storage,1322.16,7,0.15,61.6,54.17,Medium
ORD-2026-12962,2026-04-26,2026-04-28,First Class,CUST-0398,Richard Perez,Consumer,United States,West,Colorado,Office Supplies,Envelopes,62.4,2,0.1,21.49,12.34,Critical
ORD-2026-12963,2026-04-26,2026-05-02,Standard Class,CUST-0400,Elizabeth Brown,Consumer,United States,West,Washington,Furniture,Chairs,202.67,1,0.2,-8.75,8.12,Medium
ORD-2026-12964,2026-04-26,2026-05-01,Standard Class,CUST-0155,David Rodriguez,Consumer,United States,Central,Indiana,Technology,Accessories,145.66,1,0.15,29.44,6.53,Medium
ORD-2026-12965,2026-04-27,2026-04-28,First Class,CUST-0429,Joseph Moore,Consumer,United States,Central,Indiana,Technology,Machines,884.56,1,0.0,12.84,50.55,Medium
ORD-2026-12966,2026-04-28,2026-04-28,Same Day,CUST-0011,William Perez,Consumer,United States,East,New York,Technology,Copiers,15635.93,5,0.15,4323.93,1028.7,High
ORD-2026-12967,2026-04-28,2026-05-02,Second Class,CUST-0179,Karen Brown,Corporate,United States,East,Pennsylvania,Furniture,Chairs,1643.91,5,0.0,168.29,83.26,Medium
ORD-2026-12968,2026-04-29,2026-05-05,Standard Class,CUST-0398,Richard Perez,Consumer,United States,West,Washington,Office Supplies,Art,148.63,10,0.1,21.61,28.66,Low
ORD-2026-12969,2026-04-30,2026-05-03,Second Class,CUST-0133,Charles Martinez,Consumer,United States,West,Arizona,Technology,Machines,1008.98,2,0.4,-620.7,47.36,Medium
ORD-2026-12970,2026-04-30,2026-05-07,Standard Class,CUST-0132,Lisa Perez,Consumer,United States,West,California,Technology,Machines,1107.96,1,0.0,19.48,33.47,Medium
ORD-2026-12971,2026-04-30,2026-05-07,Standard Class,CUST-0148,Daniel Brown,Corporate,United States,East,Massachusetts,Furniture,Tables,460.59,1,0.1,-34.88,15.35,High
ORD-2026-12972,2026-05-01,2026-05-02,First Class,CUST-0292,James Brown,Corporate,United States,Central,Indiana,Furniture,Tables,1957.67,3,0.0,112.98,115.45,Medium
ORD-2026-12973,2026-05-02,2026-05-09,Standard Class,CUST-0208,Sarah Thompson,Home Office,United States,Central,Indiana,Furniture,Tables,3579.46,8,0.0,277.92,119.82,Medium
ORD-2026-12974,2026-05-03,2026-05-10,Standard Class,CUST-0328,James Thomas,Consumer,United States,East,Pennsylvania,Office Supplies,Binders,72.56,1,0.1,17.03,4.48,Medium
ORD-2026-12975,2026-05-03,2026-05-06,Second Class,CUST-0397,Richard Hernandez,Consumer,United States,West,California,Office Supplies,Paper,100.78,1,0.1,29.52,7.53,Medium
ORD-2026-12976,2026-05-03,2026-05-05,First Class,CUST-0309,Barbara Lee,Consumer,United States,Central,Michigan,Technology,Copiers,9450.22,4,0.0,3331.9,509.61,Critical
ORD-2026-12977,2026-05-04,2026-05-10,Standard Class,CUST-0102,Mary Hernandez,Home Office,United States,East,New Jersey,Furniture,Chairs,1575.54,4,0.0,214.34,53.92,Medium
ORD-2026-12978,2026-05-04,2026-05-04,Same Day,CUST-0418,Nancy Hernandez,Consumer,United States,Central,Illinois,Furniture,Tables,577.25,2,0.2,-121.62,48.14,Medium
ORD-2026-12979,2026-05-04,2026-05-09,Standard Class,CUST-0125,Patricia Anderson,Consumer,United States,East,Massachusetts,Technology,Phones,3762.69,5,0.0,880.21,117.61,Medium
ORD-2026-12980,2026-05-04,2026-05-10,Standard Class,CUST-0079,James Gonzalez,Consumer,United States,Central,Texas,Furniture,Furnishings,63.95,1,0.0,14.46,4.24,Medium
ORD-2026-12981,2026-05-04,2026-05-06,First Class,CUST-0036,Patricia Jones,Corporate,United States,South,Tennessee,Office Supplies,Fasteners,93.01,7,0.2,3.85,36.69,High
ORD-2026-12982,2026-05-09,2026-05-15,Standard Class,CUST-0268,William Moore,Home Office,United States,South,Virginia,Technology,Phones,517.46,1,0.4,-132.26,16.94,Medium
ORD-2026-12983,2026-05-09,2026-05-10,First Class,CUST-0052,Jennifer Thompson,Consumer,United States,East,New Jersey,Technology,Accessories,114.66,1,0.0,34.09,10.51,Critical
ORD-2026-12984,2026-05-09,2026-05-16,Standard Class,CUST-0075,Susan Thomas,Corporate,United States,East,Massachusetts,Office Supplies,Envelopes,25.74,2,0.3,-0.26,5.62,Medium
ORD-2026-12985,2026-05-09,2026-05-12,Second Class,CUST-0147,William Martinez,Corporate,United States,West,Arizona,Office Supplies,Storage,167.57,1,0.0,39.61,10.2,Critical
ORD-2026-12986,2026-05-10,2026-05-14,Second Class,CUST-0133,Charles Martinez,Consumer,United States,South,Florida,Furniture,Bookcases,672.56,3,0.0,11.35,37.4,Medium
ORD-2026-12987,2026-05-10,2026-05-14,Second Class,CUST-0291,Christopher Martinez,Consumer,United States,East,Pennsylvania,Office Supplies,Appliances,1106.69,4,0.2,-46.7,58.27,Medium
ORD-2026-12988,2026-05-11,2026-05-18,Standard Class,CUST-0361,Christopher Jackson,Consumer,United States,West,California,Office Supplies,Art,110.47,3,0.3,-5.13,10.44,Low
ORD-2026-12989,2026-05-11,2026-05-15,Second Class,CUST-0345,Karen Jackson,Corporate,United States,East,Massachusetts,Technology,Copiers,5060.02,4,0.0,2128.41,216.4,Medium
ORD-2026-12990,2026-05-12,2026-05-18,Standard Class,CUST-0125,Patricia Anderson,Consumer,United States,West,Nevada,Technology,Copiers,6769.0,2,0.0,2529.66,194.43,Critical
ORD-2026-12991,2026-05-12,2026-05-14,First Class,CUST-0120,Elizabeth Johnson,Consumer,United States,East,New Jersey,Technology,Machines,655.17,1,0.0,38.19,38.62,Medium
ORD-2026-12992,2026-05-12,2026-05-17,Standard Class,CUST-0434,Jessica Martinez,Home Office,United States,East,New York,Office Supplies,Paper,919.03,9,0.0,374.61,47.78,Medium
ORD-2026-12993,2026-05-14,2026-05-21,Standard Class,CUST-0006,Charles Smith,Corporate,United States,East,Pennsylvania,Furniture,Chairs,2102.11,5,0.2,-124.16,71.11,High
ORD-2026-12994,2026-05-14,2026-05-21,Standard Class,CUST-0386,Michael Jackson,Home Office,United States,West,Oregon,Office Supplies,Binders,32.29,1,0.1,20.04,3.35,High
ORD-2026-12995,2026-05-15,2026-05-18,Second Class,CUST-0100,Nancy Thompson,Corporate,United States,South,Georgia,Office Supplies,Fasteners,12.26,2,0.1,-3.47,7.49,Critical
ORD-2026-12996,2026-05-15,2026-05-22,Standard Class,CUST-0426,Jennifer Gonzalez,Home Office,United States,Central,Michigan,Furniture,Furnishings,159.69,3,0.1,5.4,11.82,Critical
ORD-2026-12997,2026-05-15,2026-05-22,Standard Class,CUST-0168,Christopher Lopez,Home Office,United States,South,Georgia,Technology,Accessories,92.65,1,0.3,8.38,5.04,Medium
ORD-2026-12998,2026-05-17,2026-05-23,Standard Class,CUST-0208,Sarah Thompson,Home Office,United States,East,New York,Furniture,Bookcases,982.17,3,0.0,44.76,34.85,Medium
ORD-2026-12999,2026-05-18,2026-05-23,Standard Class,CUST-0318,Sarah Hernandez,Consumer,United States,Central,Wisconsin,Technology,Phones,1956.79,3,0.15,164.99,62.14,High
ORD-2026-13000,2026-05-18,2026-05-24,Standard Class,CUST-0286,Mary Johnson,Consumer,United States,East,Massachusetts,Office Supplies,Supplies,34.19,1,0.4,-14.48,3.41,High
ORD-2026-13001,2026-05-18,2026-05-23,Standard Class,CUST-0154,John Johnson,Corporate,United States,West,California,Furniture,Bookcases,187.99,1,0.0,14.08,7.71,Low
ORD-2026-13002,2026-05-19,2026-05-24,Standard Class,CUST-0267,Christopher Hernandez,Corporate,United States,West,Nevada,Technology,Copiers,9541.59,4,0.2,2405.9,276.96,Medium
ORD-2026-13003,2026-05-20,2026-05-25,Standard Class,CUST-0329,Nancy Taylor,Corporate,United States,East,New Jersey,Furniture,Tables,732.58,2,0.15,-100.79,25.41,Medium
ORD-2026-13004,2026-05-21,2026-05-26,Standard Class,CUST-0022,William Garcia,Corporate,United States,West,Washington,Technology,Accessories,220.41,1,0.0,66.53,8.62,High
ORD-2026-13005,2026-05-21,2026-05-22,First Class,CUST-0007,Lisa Martinez,Consumer,United States,South,Virginia,Furniture,Tables,2149.4,4,0.0,101.59,129.97,Medium
ORD-2026-13006,2026-05-21,2026-05-28,Standard Class,CUST-0219,Nancy Martin,Consumer,United States,West,Arizona,Technology,Phones,3801.88,4,0.1,579.19,116.25,Medium
ORD-2026-13007,2026-05-22,2026-05-29,Standard Class,CUST-0072,Patricia Martin,Consumer,United States,East,Massachusetts,Furniture,Chairs,634.66,2,0.1,-18.08,22.67,High
ORD-2026-13008,2026-05-23,2026-05-28,Standard Class,CUST-0306,Joseph Garcia,Home Office,United States,East,Pennsylvania,Furniture,Tables,2380.32,6,0.1,-222.9,81.35,Low
ORD-2026-13009,2026-05-23,2026-05-28,Standard Class,CUST-0106,Elizabeth Thomas,Corporate,United States,West,Oregon,Furniture,Tables,2573.16,4,0.0,146.88,81.85,Medium
ORD-2026-13010,2026-05-23,2026-05-27,Second Class,CUST-0204,Thomas Hernandez,Home Office,United States,East,Massachusetts,Office Supplies,Art,88.75,2,0.15,8.11,10.55,Medium
ORD-2026-13011,2026-05-24,2026-05-29,Standard Class,CUST-0099,John Rodriguez,Corporate,United States,West,California,Technology,Accessories,134.46,2,0.0,42.49,8.66,Critical
ORD-2026-13012,2026-05-24,2026-05-29,Standard Class,CUST-0266,Karen Lopez,Consumer,United States,Central,Indiana,Furniture,Tables,2305.23,4,0.0,192.2,74.35,Critical
ORD-2026-13013,2026-05-24,2026-05-27,Second Class,CUST-0055,Charles Garcia,Consumer,United States,East,Massachusetts,Furniture,Chairs,271.33,1,0.0,38.27,14.35,Medium
ORD-2026-13014,2026-05-24,2026-05-28,Second Class,CUST-0007,Lisa Martinez,Consumer,United States,East,Ohio,Furniture,Bookcases,562.69,2,0.15,-83.84,29.51,High
ORD-2026-13015,2026-05-25,2026-05-27,First Class,CUST-0022,William Garcia,Corporate,United States,Central,Wisconsin,Office Supplies,Fasteners,126.8,4,0.0,34.72,24.79,Medium
ORD-2026-13016,2026-05-25,2026-05-30,Standard Class,CUST-0429,Joseph Moore,Consumer,United States,South,Virginia,Technology,Accessories,683.57,3,0.0,222.45,26.49,Low
ORD-2026-13017,2026-05-26,2026-05-31,Standard Class,CUST-0076,James Johnson,Consumer,United States,South,Virginia,Office Supplies,Supplies,263.3,3,0.0,29.85,14.72,High
ORD-2026-13018,2026-05-26,2026-06-02,Standard Class,CUST-0318,Sarah Hernandez,Consumer,United States,Central,Texas,Furniture,Furnishings,153.99,3,0.0,32.38,11.66,Medium
ORD-2026-13019,2026-05-28,2026-06-03,Standard Class,CUST-0029,Nancy Jones,Corporate,United States,East,Pennsylvania,Furniture,Furnishings,30.82,1,0.0,20.72,3.31,Critical
ORD-2026-13020,2026-05-28,2026-06-02,Standard Class,CUST-0048,Nancy Rodriguez,Consumer,United States,East,Pennsylvania,Office Supplies,Storage,313.45,2,0.1,45.67,13.68,Low
ORD-2026-13021,2026-05-28,2026-06-03,Standard Class,CUST-0244,William Miller,Consumer,United States,Central,Indiana,Technology,Phones,966.48,3,0.15,122.77,34.41,Medium
ORD-2026-13022,2026-05-28,2026-05-29,First Class,CUST-0221,Susan Rodriguez,Home Office,United States,South,North Carolina,Office Supplies,Paper,192.66,5,0.15,55.45,32.77,Medium
ORD-2026-13023,2026-05-28,2026-05-31,Second Class,CUST-0428,Nancy Jones,Home Office,United States,West,California,Technology,Copiers,8349.03,4,0.1,2882.15,347.96,High
ORD-2026-13024,2026-05-28,2026-06-02,Standard Class,CUST-0425,James Perez,Home Office,United States,East,Pennsylvania,Furniture,Furnishings,164.6,2,0.0,29.72,9.51,High
ORD-2026-13025,2026-05-29,2026-06-04,Standard Class,CUST-0348,Joseph Wilson,Corporate,United States,Central,Illinois,Office Supplies,Labels,185.0,9,0.4,8.66,27.23,High
ORD-2026-13026,2026-05-29,2026-06-05,Standard Class,CUST-0291,Christopher Martinez,Consumer,United States,East,Ohio,Technology,Machines,721.7,1,0.0,-25.19,22.66,Medium
ORD-2026-13027,2026-05-30,2026-06-06,Standard Class,CUST-0218,Charles Johnson,Home Office,United States,East,New Jersey,Office Supplies,Fasteners,23.14,1,0.15,4.42,3.1,Medium
ORD-2026-13028,2026-05-30,2026-05-30,Same Day,CUST-0174,Patricia Lopez,Corporate,United States,East,Ohio,Technology,Accessories,163.28,2,0.3,6.18,21.65,Critical
ORD-2026-13029,2026-05-31,2026-06-05,Standard Class,CUST-0426,Jennifer Gonzalez,Home Office,United States,Central,Texas,Office Supplies,Envelopes,43.51,1,0.15,14.42,3.67,Low
ORD-2026-13030,2026-05-31,2026-06-05,Standard Class,CUST-0291,Christopher Martinez,Consumer,United States,South,North Carolina,Furniture,Chairs,1361.45,3,0.0,223.43,45.47,Critical
ORD-2026-13031,2026-05-31,2026-06-02,First Class,CUST-0279,Susan Smith,Consumer,United States,East,Pennsylvania,Office Supplies,Storage,214.93,1,0.0,37.03,15.73,High
ORD-2026-13032,2026-05-31,2026-06-02,First Class,CUST-0115,Joseph Garcia,Consumer,United States,West,California,Office Supplies,Binders,67.15,1,0.0,16.52,8.04,Medium
ORD-2026-13033,2026-05-31,2026-06-03,Second Class,CUST-0022,William Garcia,Corporate,United States,West,Washington,Furniture,Furnishings,70.37,2,0.1,-0.34,9.81,High
ORD-2026-13034,2026-05-31,2026-06-02,First Class,CUST-0426,Jennifer Gonzalez,Home Office,United States,West,Colorado,Technology,Phones,3787.83,4,0.1,917.53,215.17,Medium
ORD-2026-13035,2026-05-31,2026-06-07,Standard Class,CUST-0151,Susan Garcia,Home Office,United States,East,Massachusetts,Office Supplies,Supplies,148.1,6,0.15,-10.27,18.85,Medium
ORD-2026-13036,2026-06-01,2026-06-01,Same Day,CUST-0208,Sarah Thompson,Home Office,United States,East,Massachusetts,Technology,Accessories,266.62,5,0.0,86.35,45.06,High
ORD-2026-13037,2026-06-01,2026-06-08,Standard Class,CUST-0053,Mary Rodriguez,Corporate,United States,West,Nevada,Furniture,Furnishings,113.59,1,0.2,-2.26,5.63,Medium
ORD-2026-13038,2026-06-02,2026-06-08,Standard Class,CUST-0369,John Anderson,Corporate,United States,Central,Indiana,Office Supplies,Envelopes,58.95,3,0.15,19.04,9.0,Medium
ORD-2026-13039,2026-06-02,2026-06-06,Second Class,CUST-0015,Christopher Jackson,Corporate,United States,Central,Michigan,Office Supplies,Fasteners,27.93,1,0.0,1.59,4.62,Medium
ORD-2026-13040,2026-06-02,2026-06-05,Second Class,CUST-0369,John Anderson,Corporate,United States,West,Colorado,Technology,Copiers,7194.66,2,0.0,2631.19,294.79,Critical
ORD-2026-13041,2026-06-03,2026-06-05,First Class,CUST-0075,Susan Thomas,Corporate,United States,East,Massachusetts,Technology,Accessories,996.98,5,0.15,241.38,74.59,Medium
ORD-2026-13042,2026-06-04,2026-06-10,Standard Class,CUST-0391,Jennifer Garcia,Consumer,United States,South,Florida,Technology,Copiers,4759.98,2,0.1,1581.12,138.18,High
ORD-2026-13043,2026-06-04,2026-06-08,Second Class,CUST-0329,Nancy Taylor,Corporate,United States,East,Pennsylvania,Furniture,Furnishings,80.48,1,0.0,14.57,6.72,Medium
ORD-2026-13044,2026-06-04,2026-06-09,Standard Class,CUST-0083,Jessica Gonzalez,Consumer,United States,Central,Indiana,Technology,Phones,1238.66,2,0.0,286.96,39.58,High
ORD-2026-13045,2026-06-04,2026-06-09,Standard Class,CUST-0269,John Martin,Home Office,United States,East,New York,Office Supplies,Fasteners,7.24,1,0.2,4.04,2.65,High
ORD-2026-13046,2026-06-05,2026-06-12,Standard Class,CUST-0151,Susan Garcia,Home Office,United States,Central,Texas,Furniture,Furnishings,230.01,2,0.0,44.53,11.34,Medium
ORD-2026-13047,2026-06-05,2026-06-11,Standard Class,CUST-0087,David Martinez,Corporate,United States,Central,Indiana,Office Supplies,Storage,395.04,3,0.0,82.58,18.41,Medium
ORD-2026-13048,2026-06-06,2026-06-07,First Class,CUST-0375,John Thompson,Corporate,United States,Central,Illinois,Office Supplies,Storage,248.06,2,0.2,-4.86,22.0,High
ORD-2026-13049,2026-06-06,2026-06-10,Second Class,CUST-0188,Richard Gonzalez,Corporate,United States,South,Tennessee,Office Supplies,Fasteners,83.04,7,0.1,17.53,27.82,High
ORD-2026-13050,2026-06-06,2026-06-11,Standard Class,CUST-0188,Richard Gonzalez,Corporate,United States,South,Tennessee,Technology,Machines,3632.17,3,0.1,-310.5,109.05,Medium
ORD-2026-13051,2026-06-06,2026-06-09,Second Class,CUST-0084,David Taylor,Consumer,United States,East,New Jersey,Furniture,Tables,793.22,5,0.1,-48.1,49.23,High
ORD-2026-13052,2026-06-06,2026-06-07,First Class,CUST-0181,William Brown,Consumer,United States,West,California,Technology,Copiers,10447.65,4,0.1,3128.23,561.48,Medium
ORD-2026-13053,2026-06-06,2026-06-11,Standard Class,CUST-0381,Joseph Miller,Home Office,United States,East,Pennsylvania,Technology,Accessories,712.78,4,0.1,198.23,29.76,High
ORD-2026-13054,2026-06-07,2026-06-12,Standard Class,CUST-0175,Linda Garcia,Corporate,United States,Central,Texas,Furniture,Chairs,406.83,3,0.5,-329.88,18.74,Medium
ORD-2026-13055,2026-06-08,2026-06-10,First Class,CUST-0428,Nancy Jones,Home Office,United States,Central,Illinois,Office Supplies,Supplies,71.74,1,0.0,6.93,8.28,Medium
ORD-2026-13056,2026-06-08,2026-06-08,Same Day,CUST-0426,Jennifer Gonzalez,Home Office,United States,West,Arizona,Technology,Accessories,794.62,3,0.0,218.87,67.66,Medium
ORD-2026-13057,2026-06-08,2026-06-15,Standard Class,CUST-0078,Nancy Martin,Consumer,United States,West,California,Technology,Machines,794.47,2,0.0,2.54,27.15,Low
ORD-2026-13058,2026-06-10,2026-06-17,Standard Class,CUST-0087,David Martinez,Corporate,United States,Central,Wisconsin,Technology,Phones,323.35,1,0.15,36.76,11.5,Critical
ORD-2026-13059,2026-06-10,2026-06-17,Standard Class,CUST-0380,Charles White,Corporate,United States,West,Arizona,Office Supplies,Labels,83.66,2,0.1,27.5,7.24,Low
ORD-2026-13060,2026-06-10,2026-06-16,Standard Class,CUST-0184,Jennifer Martinez,Home Office,United States,East,Pennsylvania,Office Supplies,Labels,193.77,4,0.0,79.94,15.23,High
ORD-2026-13061,2026-06-10,2026-06-13,Second Class,CUST-0005,Elizabeth Martinez,Corporate,United States,Central,Indiana,Technology,Copiers,29278.6,8,0.0,11370.65,1199.14,Critical
ORD-2026-13062,2026-06-10,2026-06-13,Second Class,CUST-0132,Lisa Perez,Consumer,United States,East,Massachusetts,Furniture,Chairs,780.83,2,0.0,95.41,38.23,High
ORD-2026-13063,2026-06-10,2026-06-12,First Class,CUST-0291,Christopher Martinez,Consumer,United States,West,California,Office Supplies,Fasteners,100.54,3,0.0,27.74,18.88,Medium
ORD-2026-13064,2026-06-10,2026-06-15,Standard Class,CUST-0356,Christopher White,Consumer,United States,West,Arizona,Technology,Accessories,775.55,6,0.4,-105.69,36.42,Critical
ORD-2026-13065,2026-06-10,2026-06-17,Standard Class,CUST-0073,Elizabeth Thompson,Home Office,United States,West,California,Office Supplies,Labels,33.91,2,0.15,15.88,5.85,High
ORD-2026-13066,2026-06-11,2026-06-16,Standard Class,CUST-0050,Lisa Thompson,Corporate,United States,West,Nevada,Technology,Phones,1061.49,1,0.0,242.52,32.17,High
ORD-2026-13067,2026-06-13,2026-06-19,Standard Class,CUST-0413,Jennifer Miller,Corporate,United States,East,New Jersey,Furniture,Furnishings,135.97,2,0.0,22.46,8.71,Critical
ORD-2026-13068,2026-06-14,2026-06-20,Standard Class,CUST-0339,John Smith,Consumer,United States,East,Massachusetts,Furniture,Chairs,2007.03,6,0.0,272.49,70.9,Low
ORD-2026-13069,2026-06-14,2026-06-20,Standard Class,CUST-0286,Mary Johnson,Consumer,United States,West,Oregon,Office Supplies,Envelopes,23.67,1,0.15,4.75,3.11,Medium
ORD-2026-13070,2026-06-16,2026-06-22,Standard Class,CUST-0347,Nancy Johnson,Corporate,United States,West,Arizona,Technology,Machines,2830.01,2,0.1,-232.75,84.14,Medium
ORD-2026-13071,2026-06-16,2026-06-23,Standard Class,CUST-0204,Thomas Hernandez,Home Office,United States,West,Colorado,Technology,Machines,779.46,2,0.7,-1711.51,26.72,Medium
ORD-2026-13072,2026-06-16,2026-06-21,Standard Class,CUST-0344,Christopher Smith,Home Office,United States,South,North Carolina,Technology,Phones,4865.91,5,0.15,761.97,148.5,Medium
ORD-2026-13073,2026-06-17,2026-06-21,Second Class,CUST-0177,Jessica Thomas,Corporate,United States,East,Ohio,Furniture,Tables,2568.93,7,0.1,-163.49,127.26,Low
ORD-2026-13074,2026-06-18,2026-06-25,Standard Class,CUST-0119,Sarah Moore,Consumer,United States,South,Georgia,Office Supplies,Labels,39.01,2,0.2,11.25,5.99,Low
ORD-2026-13075,2026-06-18,2026-06-21,Second Class,CUST-0328,James Thomas,Consumer,United States,South,Tennessee,Office Supplies,Labels,284.32,7,0.15,107.41,35.87,High
ORD-2026-13076,2026-06-19,2026-06-24,Standard Class,CUST-0202,Jessica Wilson,Corporate,United States,East,Massachusetts,Technology,Phones,1253.12,1,0.0,321.55,37.54,High
ORD-2026-13077,2026-06-20,2026-06-25,Standard Class,CUST-0441,William Taylor,Corporate,United States,Central,Illinois,Office Supplies,Paper,109.32,1,0.1,39.57,5.51,Medium
ORD-2026-13078,2026-06-20,2026-06-27,Standard Class,CUST-0170,Karen Williams,Consumer,United States,West,Oregon,Technology,Machines,6579.51,8,0.1,-551.93,203.83,Critical
ORD-2026-13079,2026-06-23,2026-06-26,Second Class,CUST-0413,Jennifer Miller,Corporate,United States,Central,Indiana,Furniture,Chairs,322.41,3,0.1,21.16,23.4,Critical
ORD-2026-13080,2026-06-25,2026-06-30,Standard Class,CUST-0419,Elizabeth Taylor,Consumer,United States,West,Oregon,Office Supplies,Labels,38.07,1,0.0,10.53,3.52,Medium
ORD-2026-13081,2026-06-27,2026-07-02,Standard Class,CUST-0119,Sarah Moore,Consumer,United States,South,Georgia,Technology,Copiers,9655.91,3,0.0,3733.18,277.72,Medium
ORD-2026-13082,2026-06-27,2026-07-01,Second Class,CUST-0356,Christopher White,Consumer,United States,West,Arizona,Technology,Copiers,15883.02,5,0.0,6405.57,652.82,Medium
ORD-2026-13083,2026-06-28,2026-07-05,Standard Class,CUST-0204,Thomas Hernandez,Home Office,United States,Central,Indiana,Technology,Machines,7198.1,5,0.0,162.41,213.8,High
ORD-2026-13084,2026-06-28,2026-07-04,Standard Class,CUST-0411,Patricia Moore,Consumer,United States,West,Arizona,Office Supplies,Paper,311.27,6,0.3,37.99,23.42,Medium
ORD-2026-13085,2026-06-28,2026-07-05,Standard Class,CUST-0211,Michael Anderson,Consumer,United States,South,Tennessee,Furniture,Furnishings,263.22,3,0.15,19.72,14.72,Medium
ORD-2026-13086,2026-06-28,2026-07-05,Standard Class,CUST-0336,Richard Rodriguez,Consumer,United States,West,Colorado,Furniture,Furnishings,217.62,6,0.15,22.82,20.79,Medium
ORD-2026-13087,2026-06-28,2026-07-05,Standard Class,CUST-0222,Mary Thompson,Consumer,United States,Central,Michigan,Office Supplies,Storage,382.54,3,0.1,48.18,18.06,High
ORD-2026-13088,2026-06-29,2026-07-01,First Class,CUST-0114,Sarah Jackson,Corporate,United States,East,New York,Office Supplies,Envelopes,136.22,3,0.15,33.4,20.73,Low
ORD-2026-13089,2026-06-29,2026-07-04,Standard Class,CUST-0100,Nancy Thompson,Corporate,United States,East,New Jersey,Office Supplies,Paper,112.25,4,0.5,-25.14,12.94,High
ORD-2026-13090,2026-11-01,2026-11-07,Standard Class,CUST-0204,Thomas Hernandez,Home Office,United States,Central,Texas,Furniture,Bookcases,653.16,2,0.0,2.83,23.19,High
ORD-2026-13091,2026-11-01,2026-11-05,Second Class,CUST-0340,Christopher Martin,Consumer,United States,South,Georgia,Technology,Phones,1025.54,1,0.15,103.92,44.52,Medium
ORD-2026-13092,2026-11-01,2026-11-07,Standard Class,CUST-0291,Christopher Martinez,Consumer,United States,West,California,Technology,Accessories,461.1,2,0.0,147.45,17.81,Medium
ORD-2026-13093,2026-11-01,2026-11-07,Standard Class,CUST-0312,Nancy Martin,Consumer,United States,South,Florida,Office Supplies,Binders,138.9,3,0.3,15.04,11.24,Medium
ORD-2026-13094,2026-11-03,2026-11-08,Standard Class,CUST-0133,Charles Martinez,Consumer,United States,Central,Michigan,Office Supplies,Supplies,24.73,1,0.3,-15.2,3.14,Medium
ORD-2026-13095,2026-11-03,2026-11-04,First Class,CUST-0229,Jennifer Perez,Consumer,United States,Central,Texas,Office Supplies,Labels,14.3,1,0.3,-1.49,5.29,Medium
ORD-2026-13096,2026-11-03,2026-11-10,Standard Class,CUST-0022,William Garcia,Corporate,United States,East,New Jersey,Technology,Phones,580.65,2,0.0,149.76,21.16,Medium
ORD-2026-13097,2026-11-04,2026-11-06,First Class,CUST-0363,Susan White,Home Office,United States,East,New York,Technology,Machines,1271.43,1,0.0,65.68,70.66,Medium
ORD-2026-13098,2026-11-04,2026-11-04,Same Day,CUST-0446,Lisa Garcia,Consumer,United States,South,Florida,Technology,Phones,4269.82,4,0.0,1049.44,295.67,High
ORD-2026-13099,2026-11-05,2026-11-11,Standard Class,CUST-0190,Elizabeth Perez,Consumer,United States,East,New York,Technology,Copiers,4409.76,2,0.1,1309.95,128.37,Medium
ORD-2026-13100,2026-11-06,2026-11-11,Standard Class,CUST-0006,Charles Smith,Corporate,United States,East,New Jersey,Furniture,Furnishings,76.48,1,0.1,10.81,4.59,High
ORD-2026-13101,2026-11-07,2026-11-08,First Class,CUST-0084,David Taylor,Consumer,United States,West,Washington,Office Supplies,Paper,384.26,4,0.0,161.57,38.18,High
ORD-2026-13102,2026-11-07,2026-11-11,Second Class,CUST-0304,Barbara Martinez,Consumer,United States,West,Nevada,Furniture,Chairs,2076.64,5,0.15,76.53,100.57,Medium
ORD-2026-13103,2026-11-07,2026-11-10,Second Class,CUST-0292,James Brown,Corporate,United States,Central,Indiana,Furniture,Tables,365.45,1,0.0,5.61,18.12,High
ORD-2026-13104,2026-11-07,2026-11-14,Standard Class,CUST-0351,Karen Rodriguez,Consumer,United States,Central,Michigan,Office Supplies,Labels,19.81,1,0.3,2.07,3.0,Low
ORD-2026-13105,2026-11-07,2026-11-11,Second Class,CUST-0120,Elizabeth Johnson,Consumer,United States,East,New York,Technology,Phones,8451.22,8,0.0,1708.84,366.05,Medium
ORD-2026-13106,2026-11-08,2026-11-08,Same Day,CUST-0345,Karen Jackson,Corporate,United States,West,Washington,Office Supplies,Appliances,717.53,2,0.0,103.34,57.12,High
ORD-2026-13107,2026-11-08,2026-11-14,Standard Class,CUST-0312,Nancy Martin,Consumer,United States,East,Massachusetts,Furniture,Furnishings,339.77,7,0.1,51.87,26.66,Medium
ORD-2026-13108,2026-11-08,2026-11-08,Same Day,CUST-0154,John Johnson,Corporate,United States,East,Massachusetts,Technology,Phones,373.18,2,0.1,66.8,35.08,Medium
ORD-2026-13109,2026-11-08,2026-11-12,Second Class,CUST-0260,Elizabeth Brown,Consumer,United States,East,Ohio,Furniture,Tables,592.87,1,0.0,46.4,27.21,Medium
ORD-2026-13110,2026-11-08,2026-11-15,Standard Class,CUST-0079,James Gonzalez,Consumer,United States,South,Florida,Furniture,Tables,141.78,1,0.2,-29.37,6.42,Medium
ORD-2026-13111,2026-11-10,2026-11-15,Standard Class,CUST-0212,Karen Martinez,Consumer,United States,Central,Texas,Technology,Accessories,201.34,1,0.1,56.48,8.09,High
ORD-2026-13112,2026-11-10,2026-11-16,Standard Class,CUST-0388,Lisa Johnson,Consumer,United States,West,Washington,Technology,Accessories,278.04,6,0.3,17.56,22.49,Medium
ORD-2026-13113,2026-11-10,2026-11-11,First Class,CUST-0202,Jessica Wilson,Corporate,United States,South,Georgia,Furniture,Chairs,2321.41,9,0.3,-411.31,161.66,High
ORD-2026-13114,2026-11-10,2026-11-16,Standard Class,CUST-0371,Jennifer Davis,Home Office,United States,East,New York,Technology,Copiers,26074.39,8,0.1,8726.91,749.68,High
ORD-2026-13115,2026-11-11,2026-11-18,Standard Class,CUST-0286,Mary Johnson,Consumer,United States,Central,Texas,Technology,Copiers,12063.83,6,0.3,1464.1,352.49,Low
ORD-2026-13116,2026-11-12,2026-11-18,Standard Class,CUST-0094,David Martin,Corporate,United States,West,Nevada,Furniture,Furnishings,141.21,5,0.2,-15.55,16.2,High
ORD-2026-13117,2026-11-12,2026-11-15,Second Class,CUST-0279,Susan Smith,Consumer,United States,Central,Indiana,Furniture,Chairs,938.56,4,0.4,-454.11,51.54,Medium
ORD-2026-13118,2026-11-12,2026-11-17,Standard Class,CUST-0242,Karen Jones,Consumer,United States,West,California,Office Supplies,Labels,122.54,5,0.3,18.36,15.68,High
ORD-2026-13119,2026-11-13,2026-11-20,Standard Class,CUST-0188,Richard Gonzalez,Corporate,United States,East,Pennsylvania,Office Supplies,Supplies,19.3,1,0.2,1.87,2.99,Medium
ORD-2026-13120,2026-11-13,2026-11-19,Standard Class,CUST-0060,Linda Brown,Home Office,United States,West,Colorado,Office Supplies,Storage,502.22,2,0.1,49.62,18.96,Critical
ORD-2026-13121,2026-11-14,2026-11-20,Standard Class,CUST-0202,Jessica Wilson,Corporate,United States,West,Arizona,Furniture,Tables,1147.09,3,0.0,55.83,39.47,High
ORD-2026-13122,2026-11-14,2026-11-19,Standard Class,CUST-0029,Nancy Jones,Corporate,United States,West,Arizona,Office Supplies,Fasteners,126.7,6,0.3,-0.31,18.25,Medium
ORD-2026-13123,2026-11-16,2026-11-17,First Class,CUST-0045,William Anderson,Consumer,United States,West,Arizona,Furniture,Furnishings,98.72,4,0.15,-1.99,23.33,High
ORD-2026-13124,2026-11-16,2026-11-22,Standard Class,CUST-0200,Karen Williams,Corporate,United States,West,Nevada,Technology,Phones,3061.6,5,0.0,700.37,97.97,Medium
ORD-2026-13125,2026-11-20,2026-11-20,Same Day,CUST-0148,Daniel Brown,Corporate,United States,Central,Wisconsin,Technology,Accessories,211.03,3,0.0,72.6,30.31,Medium
ORD-2026-13126,2026-11-21,2026-11-25,Second Class,CUST-0413,Jennifer Miller,Corporate,United States,West,Washington,Office Supplies,Appliances,415.96,4,0.15,-10.05,30.64,High
ORD-2026-13127,2026-11-21,2026-11-26,Standard Class,CUST-0179,Karen Brown,Corporate,United States,Central,Texas,Office Supplies,Art,380.8,9,0.1,73.68,32.71,Medium
ORD-2026-13128,2026-11-21,2026-11-22,First Class,CUST-0343,Jennifer Gonzalez,Corporate,United States,West,Arizona,Office Supplies,Art,37.01,1,0.0,4.93,6.47,High
ORD-2026-13129,2026-11-21,2026-11-28,Standard Class,CUST-0255,Joseph Hernandez,Corporate,United States,South,North Carolina,Furniture,Tables,3467.25,7,0.0,162.44,114.23,Medium
ORD-2026-13130,2026-11-21,2026-11-21,Same Day,CUST-0317,Daniel Williams,Corporate,United States,South,Tennessee,Office Supplies,Art,155.09,3,0.15,14.69,26.73,Critical
ORD-2026-13131,2026-11-22,2026-11-29,Standard Class,CUST-0124,Jennifer Wilson,Home Office,United States,West,Oregon,Technology,Accessories,718.9,3,0.0,227.28,27.48,Low
ORD-2026-13132,2026-11-22,2026-11-27,Standard Class,CUST-0423,William Hernandez,Consumer,United States,Central,Illinois,Furniture,Bookcases,781.16,6,0.1,-51.93,36.57,High
ORD-2026-13133,2026-11-23,2026-11-28,Standard Class,CUST-0255,Joseph Hernandez,Corporate,United States,West,California,Office Supplies,Paper,182.43,2,0.2,45.79,10.01,High
ORD-2026-13134,2026-11-24,2026-11-27,Second Class,CUST-0368,Patricia Martinez,Consumer,United States,South,Georgia,Technology,Machines,821.1,2,0.2,-219.35,39.84,Low
ORD-2026-13135,2026-11-24,2026-11-29,Standard Class,CUST-0176,Joseph Lopez,Consumer,United States,East,New Jersey,Technology,Phones,3279.13,3,0.0,687.12,99.17,Medium
ORD-2026-13136,2026-11-25,2026-11-30,Standard Class,CUST-0045,William Anderson,Consumer,United States,West,Colorado,Furniture,Chairs,484.55,1,0.0,64.8,16.02,Medium
ORD-2026-13137,2026-11-25,2026-12-01,Standard Class,CUST-0309,Barbara Lee,Consumer,United States,East,Pennsylvania,Office Supplies,Paper,49.28,3,0.1,23.1,8.73,Medium
ORD-2026-13138,2026-11-25,2026-12-02,Standard Class,CUST-0006,Charles Smith,Corporate,United States,West,Washington,Technology,Phones,2150.4,2,0.15,185.03,65.11,Medium
ORD-2026-13139,2026-11-26,2026-11-30,Second Class,CUST-0228,Nancy Williams,Corporate,United States,East,New Jersey,Furniture,Furnishings,585.46,7,0.0,103.66,47.92,Low
ORD-2026-13140,2026-11-27,2026-12-03,Standard Class,CUST-0094,David Martin,Corporate,United States,Central,Texas,Technology,Copiers,3698.52,1,0.0,1389.91,106.01,Medium
ORD-2026-13141,2026-11-28,2026-12-03,Standard Class,CUST-0299,Lisa Hernandez,Consumer,United States,East,New Jersey,Furniture,Tables,313.05,2,0.3,-108.61,13.67,High
ORD-2026-13142,2026-12-01,2026-12-02,First Class,CUST-0441,William Taylor,Corporate,United States,East,Pennsylvania,Office Supplies,Envelopes,224.2,8,0.4,-18.58,48.06,Medium
ORD-2026-13143,2026-12-01,2026-12-06,Standard Class,CUST-0221,Susan Rodriguez,Home Office,United States,West,California,Technology,Phones,3767.56,7,0.1,774.79,122.64,Medium
ORD-2026-13144,2026-12-02,2026-12-08,Standard Class,CUST-0363,Susan White,Home Office,United States,West,Oregon,Technology,Machines,2762.94,4,0.0,97.16,87.16,Medium
ORD-2026-13145,2026-12-02,2026-12-05,Second Class,CUST-0242,Karen Jones,Consumer,United States,West,Washington,Furniture,Chairs,1577.93,3,0.0,171.8,73.62,Medium
ORD-2026-13146,2026-12-03,2026-12-10,Standard Class,CUST-0237,Robert Miller,Consumer,United States,Central,Michigan,Furniture,Bookcases,643.23,2,0.0,36.2,22.91,Medium
ORD-2026-13147,2026-12-03,2026-12-10,Standard Class,CUST-0414,Joseph Smith,Consumer,United States,West,Arizona,Technology,Machines,874.32,2,0.0,58.05,29.38,Low
ORD-2026-13148,2026-12-04,2026-12-07,Second Class,CUST-0392,William Brown,Consumer,United States,East,Pennsylvania,Furniture,Chairs,463.96,1,0.1,23.53,22.06,Medium
ORD-2026-13149,2026-12-04,2026-12-11,Standard Class,CUST-0350,Joseph Garcia,Consumer,United States,East,New York,Office Supplies,Fasteners,163.8,5,0.1,42.85,16.84,Medium
ORD-2026-13150,2026-12-05,2026-12-06,First Class,CUST-0143,Jessica Johnson,Corporate,United States,West,Nevada,Technology,Phones,1724.56,2,0.0,377.51,98.78,High
ORD-2026-13151,2026-12-05,2026-12-10,Standard Class,CUST-0259,Charles Rodriguez,Consumer,United States,Central,Illinois,Technology,Copiers,8066.05,4,0.3,1039.58,235.65,Medium
ORD-2026-13152,2026-12-06,2026-12-12,Standard Class,CUST-0114,Sarah Jackson,Corporate,United States,East,Massachusetts,Furniture,Furnishings,136.28,2,0.1,14.61,8.72,Critical
ORD-2026-13153,2026-12-06,2026-12-13,Standard Class,CUST-0209,Susan Smith,Home Office,United States,East,New Jersey,Furniture,Furnishings,241.08,2,0.1,15.06,11.65,Critical
ORD-2026-13154,2026-12-06,2026-12-12,Standard Class,CUST-0229,Jennifer Perez,Consumer,United States,East,New York,Technology,Copiers,5246.43,3,0.5,-1291.65,154.25,Low
ORD-2026-13155,2026-12-07,2026-12-08,First Class,CUST-0368,Patricia Martinez,Consumer,United States,East,New York,Furniture,Bookcases,1289.11,5,0.1,-84.23,89.78,Critical
ORD-2026-13156,2026-12-07,2026-12-08,First Class,CUST-0398,Richard Perez,Consumer,United States,West,California,Office Supplies,Paper,44.09,1,0.4,-4.18,6.84,Medium
ORD-2026-13157,2026-12-07,2026-12-10,Second Class,CUST-0199,David Davis,Consumer,United States,East,New Jersey,Technology,Copiers,4373.77,2,0.0,1743.32,181.95,High
ORD-2026-13158,2026-12-07,2026-12-14,Standard Class,CUST-0007,Lisa Martinez,Consumer,United States,Central,Illinois,Furniture,Furnishings,100.39,1,0.0,12.06,5.26,Medium
ORD-2026-13159,2026-12-08,2026-12-12,Second Class,CUST-0377,Robert Jackson,Consumer,United States,West,California,Technology,Phones,348.16,1,0.1,57.0,17.43,Medium
ORD-2026-13160,2026-12-09,2026-12-15,Standard Class,CUST-0086,Richard Wilson,Consumer,United States,East,Massachusetts,Furniture,Chairs,602.08,3,0.1,33.96,24.21,Medium
ORD-2026-13161,2026-12-09,2026-12-14,Standard Class,CUST-0295,Daniel Martin,Corporate,United States,West,California,Furniture,Chairs,225.26,1,0.0,37.14,8.76,Medium
ORD-2026-13162,2026-12-11,2026-12-16,Standard Class,CUST-0011,William Perez,Consumer,United States,West,California,Furniture,Furnishings,62.55,1,0.15,1.77,4.2,High
ORD-2026-13163,2026-12-11,2026-12-11,Same Day,CUST-0188,Richard Gonzalez,Corporate,United States,East,Ohio,Furniture,Tables,3646.95,6,0.0,-15.11,267.01,Medium
ORD-2026-13164,2026-12-11,2026-12-18,Standard Class,CUST-0443,Thomas Anderson,Consumer,United States,South,Virginia,Technology,Copiers,2110.39,3,0.15,514.2,66.44,Medium
ORD-2026-13165,2026-12-12,2026-12-18,Standard Class,CUST-0045,William Anderson,Consumer,United States,South,Tennessee,Office Supplies,Art,12.85,1,0.1,9.64,2.81,Medium
ORD-2026-13166,2026-12-12,2026-12-19,Standard Class,CUST-0202,Jessica Wilson,Corporate,United States,West,Colorado,Furniture,Chairs,221.11,1,0.15,-0.61,8.64,High
ORD-2026-13167,2026-12-12,2026-12-17,Standard Class,CUST-0148,Daniel Brown,Corporate,United States,East,Massachusetts,Technology,Machines,674.2,1,0.1,-53.14,21.33,Critical
ORD-2026-13168,2026-12-14,2026-12-21,Standard Class,CUST-0406,John Perez,Consumer,United States,East,Ohio,Office Supplies,Binders,145.32,3,0.5,-37.27,11.42,Medium
ORD-2026-13169,2026-12-14,2026-12-17,Second Class,CUST-0381,Joseph Miller,Home Office,United States,West,Colorado,Technology,Phones,2413.26,4,0.0,548.17,110.53,Critical
ORD-2026-13170,2026-12-16,2026-12-21,Standard Class,CUST-0118,Karen Lee,Consumer,United States,Central,Texas,Office Supplies,Paper,193.02,3,0.5,-34.66,12.75,Medium
ORD-2026-13171,2026-12-16,2026-12-18,First Class,CUST-0031,Linda Smith,Corporate,United States,Central,Indiana,Furniture,Furnishings,127.08,1,0.0,13.95,11.16,Medium
ORD-2026-13172,2026-12-16,2026-12-18,First Class,CUST-0299,Lisa Hernandez,Consumer,United States,South,Florida,Furniture,Tables,914.28,3,0.15,-121.31,61.19,Medium
ORD-2026-13173,2026-12-16,2026-12-18,First Class,CUST-0159,Thomas Perez,Consumer,United States,West,Arizona,Technology,Phones,1503.4,2,0.1,224.07,87.28,High
ORD-2026-13174,2026-12-17,2026-12-23,Standard Class,CUST-0309,Barbara Lee,Consumer,United States,West,Arizona,Technology,Phones,1479.98,2,0.2,24.22,46.34,Low
ORD-2026-13175,2026-12-17,2026-12-20,Second Class,CUST-0018,William Rodriguez,Consumer,United States,South,Florida,Technology,Copiers,15150.78,5,0.2,3675.8,623.53,Medium
ORD-2026-13176,2026-12-17,2026-12-18,First Class,CUST-0073,Elizabeth Thompson,Home Office,United States,Central,Illinois,Office Supplies,Labels,17.83,2,0.2,-1.84,10.03,High
ORD-2026-13177,2026-12-17,2026-12-24,Standard Class,CUST-0312,Nancy Martin,Consumer,United States,South,North Carolina,Office Supplies,Paper,63.89,1,0.0,25.79,4.24,High
ORD-2026-13178,2026-12-17,2026-12-23,Standard Class,CUST-0106,Elizabeth Thomas,Corporate,United States,West,Arizona,Office Supplies,Labels,51.4,6,0.2,16.91,16.14,High
ORD-2026-13179,2026-12-18,2026-12-19,First Class,CUST-0374,Jessica Miller,Home Office,United States,East,Ohio,Office Supplies,Storage,272.68,1,0.0,59.77,18.73,Medium
ORD-2026-13180,2026-12-18,2026-12-25,Standard Class,CUST-0026,Jessica Smith,Corporate,United States,East,Pennsylvania,Office Supplies,Fasteners,31.45,2,0.0,14.46,5.78,Medium
ORD-2026-13181,2026-12-19,2026-12-24,Standard Class,CUST-0108,Christopher Davis,Consumer,United States,West,Colorado,Furniture,Chairs,1881.83,4,0.0,244.81,62.49,Medium
ORD-2026-13182,2026-12-19,2026-12-22,Second Class,CUST-0449,John Taylor,Consumer,United States,East,Pennsylvania,Office Supplies,Art,140.19,4,0.1,29.88,19.61,Medium
ORD-2026-13183,2026-12-19,2026-12-24,Standard Class,CUST-0204,Thomas Hernandez,Home Office,United States,Central,Wisconsin,Technology,Copiers,7868.99,5,0.15,1919.39,232.58,High
ORD-2026-13184,2026-12-20,2026-12-25,Standard Class,CUST-0317,Daniel Williams,Corporate,United States,West,Washington,Office Supplies,Fasteners,33.03,1,0.0,9.61,3.37,Medium
ORD-2026-13185,2026-12-22,2026-12-27,Standard Class,CUST-0088,John Taylor,Home Office,United States,West,Arizona,Office Supplies,Appliances,525.36,2,0.0,98.3,19.61,High
ORD-2026-13186,2026-12-22,2026-12-28,Standard Class,CUST-0292,James Brown,Corporate,United States,Central,Indiana,Technology,Phones,803.82,1,0.15,108.21,24.96,Medium
ORD-2026-13187,2026-12-23,2026-12-23,Same Day,CUST-0328,James Thomas,Consumer,United States,East,Massachusetts,Furniture,Tables,614.58,3,0.5,-573.35,56.13,Medium
ORD-2026-13188,2026-12-24,2026-12-29,Standard Class,CUST-0151,Susan Garcia,Home Office,United States,South,Georgia,Office Supplies,Fasteners,14.6,2,0.1,4.4,5.31,High
ORD-2026-13189,2026-12-24,2026-12-31,Standard Class,CUST-0368,Patricia Martinez,Consumer,United States,East,Ohio,Technology,Copiers,7703.98,4,0.15,1898.11,225.51,High
ORD-2026-13190,2026-12-24,2026-12-29,Standard Class,CUST-0291,Christopher Martinez,Consumer,United States,West,Washington,Furniture,Furnishings,63.92,1,0.1,2.81,4.24,Medium
ORD-2026-13191,2026-12-24,2026-12-25,First Class,CUST-0182,Barbara Rodriguez,Consumer,United States,South,North Carolina,Technology,Copiers,1577.5,1,0.2,334.18,86.58,Low
ORD-2026-13192,2026-12-25,2026-12-26,First Class,CUST-0267,Christopher Hernandez,Corporate,United States,South,Virginia,Furniture,Bookcases,88.38,2,0.5,-85.67,13.7,Medium
ORD-2026-13193,2026-12-25,2026-12-29,Second Class,CUST-0277,Jessica Smith,Consumer,United States,West,California,Technology,Accessories,1517.28,8,0.1,390.14,88.69,High
ORD-2026-13194,2026-12-25,2026-12-31,Standard Class,CUST-0083,Jessica Gonzalez,Consumer,United States,Central,Illinois,Technology,Machines,2076.78,6,0.0,31.85,72.85,Medium
ORD-2026-13195,2026-12-28,2026-12-30,First Class,CUST-0188,Richard Gonzalez,Corporate,United States,West,Washington,Technology,Accessories,934.57,10,0.3,-21.0,94.1,Medium
ORD-2026-13196,2026-12-28,2026-12-30,First Class,CUST-0168,Christopher Lopez,Home Office,United States,West,Arizona,Office Supplies,Storage,102.9,2,0.5,-67.45,14.45,Low
ORD-2026-13197,2026-12-28,2026-12-28,Same Day,CUST-0188,Richard Gonzalez,Corporate,United States,West,Colorado,Furniture,Tables,515.0,1,0.0,-12.12,38.56,Critical
ORD-2026-13198,2026-12-28,2026-12-29,First Class,CUST-0344,Christopher Smith,Home Office,United States,West,Oregon,Furniture,Chairs,371.02,2,0.1,7.16,28.39,Medium
ORD-2026-13199,2026-12-28,2027-01-04,Standard Class,CUST-0229,Jennifer Perez,Consumer,United States,Central,Indiana,Furniture,Bookcases,1098.37,4,0.2,-199.67,40.55,Critical
